76ers,Bucks,Bulls,Cavaliers,Celtics,Clippers,Grizzlies,Hawks,Heat,Hornets,Jazz,Kings,Knicks,Lakers,Magic,Mavericks,Nets,Nuggets,Pacers,Pelicans,Pistons,Raptors,Rockets,Spurs,Suns,Thunder,Timberwolves,Trail Blazers,Warriors,Wizards
52,44,35,46,68,53,23,44,38,11,23,33,49,40,51,45,41,61,46,45,18,32,35,20,42,54,57,14,49,23
59,48,25,37,61,54,22,36,38,18,24,46,49,33,48,46,33,64,46,54,24,32,42,16,37,60,62,17,35,26
59,47,22,39,60,54,20,38,42,21,31,31,54,35,43,46,35,59,47,51,27,36,44,14,44,56,59,24,36,18
59,52,23,45,66,59,29,37,30,19,30,35,50,35,48,39,31,53,44,56,30,20,38,19,52,56,57,18,41,21
61,45,28,41,67,56,29,36,37,18,31,45,58,34,48,36,28,49,47,47,16,28,45,20,42,67,51,21,44,17
56,46,39,50,65,54,17,36,35,21,19,40,52,35,51,48,32,54,46,56,18,22,40,17,49,49,54,20,41,30
54,42,33,43,66,61,25,33,46,19,30,33,52,43,46,51,35,54,44,49,17,31,37,22,41,59,48,18,39,21
64,46,33,48,59,52,20,25,42,19,29,41,49,37,46,47,33,54,49,52,19,39,39,16,48,55,56,17,40,18
57,47,27,47,63,48,18,38,37,19,21,52,48,31,41,46,30,61,44,53,23,35,40,14,45,63,59,19,44,22
58,42,25,53,67,51,27,40,40,19,23,36,47,37,50,36,41,63,47,50,18,39,37,23,37,46,66,22,40,12
56,52,28,43,63,60,21,34,34,13,26,35,52,45,47,51,36,53,45,45,19,30,41,19,59,57,50,25,39,14
56,40,31,47,60,63,21,40,40,18,23,37,49,36,50,43,35,55,50,44,20,31,37,20,48,53,55,21,46,23
59,47,31,51,67,53,25,36,37,16,19,37,58,35,50,39,27,59,52,56,19,36,41,19,38,53,56,17,44,15
55,51,30,39,64,54,22,38,38,12,28,41,57,37,41,55,49,57,42,45,15,33,45,15,47,57,60,13,37,15
62,44,36,49,67,44,17,34,43,14,28,41,51,39,52,47,29,58,48,44,23,28,45,25,43,54,47,17,44,19
53,54,19,45,65,59,27,37,42,17,24,38,50,36,55,48,33,55,45,45,18,28,43,22,38,59,54,19,42,22
55,53,33,42,62,63,21,32,36,18,28,28,53,36,49,42,33,60,43,43,22,29,36,18,42,65,55,17,52,26
54,52,34,56,57,59,23,42,35,25,19,40,51,41,47,37,26,50,42,51,18,31,42,16,44,57,57,15,50,21
55,46,35,49,68,57,25,30,37,16,19,33,58,26,53,50,34,58,31,52,19,40,37,9,47,66,55,21,43,23
64,46,32,49,64,62,17,32,39,20,25,48,57,29,47,40,38,61,43,42,21,32,43,17,40,55,55,19,36,19
62,48,29,44,71,57,25,38,35,15,23,34,49,38,42,43,35,62,37,44,21,33,38,21,51,59,59,16,45,18
59,48,33,42,69,58,28,35,36,22,29,35,54,39,53,48,24,59,47,40,23,30,38,19,44,54,57,20,33,16
53,47,26,42,74,56,23,41,37,15,26,39,54,37,42,38,33,59,44,49,27,31,40,16,42,61,58,19,39,24
59,47,41,46,67,61,23,28,32,13,26,34,52,30,50,47,35,52,34,53,23,32,32,20,50,54,65,19,44,23
57,51,25,46,61,56,18,33,37,17,19,41,50,37,43,43,46,56,42,50,24,29,35,22,47,61,64,16,42,24
57,49,29,42,66,52,24,40,42,26,17,39,49,38,43,42,37,59,45,45,23,31,35,17,43,67,51,19,39,26
60,48,30,42,65,56,24,42,34,17,20,41,50,40,48,42,35,56,49,47,18,24,39,22,43,57,59,18,46,20
56,45,26,42,64,58,21,37,37,21,16,42,51,33,53,44,35,51,47,53,25,32,33,16,51,59,60,26,41,17
51,45,29,43,69,55,25,40,42,16,29,45,52,40,44,49,33,58,54,45,15,30,36,19,48,54,57,19,39,11
60,45,35,39,74,52,19,40,44,21,24,38,59,42,53,36,30,50,34,50,26,20,45,13,46,59,61,16,43,18
64,44,24,51,60,61,22,35,36,15,19,39,50,46,50,53,32,55,50,49,18,32,36,21,41,57,52,19,44,17
54,46,30,46,69,61,27,34,42,17,28,40,56,33,40,45,31,63,43,43,19,28,44,18,43,56,63,16,38,19
60,45,25,44,65,55,24,37,37,12,20,43,57,42,48,46,33,58,38,44,19,34,33,19,45,56,60,24,51,18
53,50,28,46,63,59,28,38,40,13,22,35,51,36,45,46,39,61,51,44,24,28,44,17,51,54,57,17,35,17
53,44,23,40,63,59,30,32,38,19,30,35,55,45,56,38,30,62,43,47,20,36,39,19,44,60,50,15,44,23
60,53,24,51,66,52,24,27,40,15,29,38,53,32,46,45,32,55,45,50,21,27,36,23,47,63,59,21,37,21
55,52,34,43,63,57,22,34,48,7,28,38,47,44,48,44,32,49,35,50,22,39,38,23,49,63,55,18,41,14
61,44,31,41,65,62,25,42,43,17,19,33,59,38,45,41,34,57,47,48,16,31,33,22,41,60,55,20,37,25
63,47,32,40,62,53,25,35,47,16,19,40,52,43,50,34,33,58,41,50,21,32,41,20,50,54,59,19,39,17
56,46,28,42,68,52,20,32,40,19,25,38,53,43,52,43,34,56,46,46,24,31,36,15,43,57,59,25,49,14
60,44,20,49,67,57,21,41,37,20,26,31,47,41,51,51,35,57,41,47,24,22,42,13,42,61,53,19,47,26
64,50,28,47,70,57,23,40,37,22,23,36,54,40,45,43,43,47,36,50,17,31,38,24,38,59,56,17,40,17
60,45,35,48,65,65,18,39,48,11,27,37,49,36,49,38,25,54,41,44,19,29,45,16,50,57,59,26,42,15
62,46,34,46,61,60,19,40,40,21,24,36,48,30,41,49,33,59,43,52,18,29,33,19,55,54,45,25,47,23
58,48,28,46,63,59,23,37,35,14,28,36,52,36,52,47,48,50,40,54,21,25,32,23,42,59,50,28,37,21
59,52,25,42,69,51,29,40,33,21,18,40,54,38,47,47,40,51,42,44,13,31,40,16,44,57,64,15,49,21
59,46,27,44,68,60,13,40,40,15,31,36,51,42,55,47,31,50,41,50,21,32,46,23,47,55,50,15,44,13
63,45,24,46,65,60,25,31,37,18,21,35,48,42,48,42,36,61,45,53,16,32,39,17,47,53,58,19,43,23
55,52,31,46,66,53,22,37,40,12,19,34,57,33,49,49,35,60,37,41,18,32,42,22,38,56,57,22,57,20
60,52,38,50,63,52,23,32,44,17,23,41,50,30,43,42,21,57,47,50,20,32,35,16,49,55,61,18,50,21
55,50,25,44,65,60,20,33,41,21,25,40,51,40,47,49,29,65,48,40,18,34,36,18,51,57,52,20,39,19
60,48,39,51,70,50,23,38,36,16,29,34,44,37,49,48,39,56,33,54,20,30,43,14,43,61,53,16,35,23
64,46,31,50,71,56,18,39,33,15,32,39,45,38,51,46,28,57,42,40,20,34,41,17,50,59,54,15,43,18
62,39,32,48,66,53,20,50,42,20,33,41,45,37,43,38,34,51,50,46,23,27,31,22,45,65,56,18,38,17
57,49,32,39,62,53,21,33,45,25,20,40,50,32,47,50,37,53,51,39,23,30,38,18,45,63,55,22,42,21
63,45,25,43,63,52,30,41,35,20,21,46,51,32,51,47,38,49,43,48,23,38,38,18,43,56,54,17,37,25
50,49,28,48,69,57,26,29,33,20,25,42,57,29,49,44,31,64,41,44,14,32,39,20,46,57,52,25,49,23
63,48,25,36,65,55,29,31,40,14,23,47,52,37,44,52,40,58,49,47,21,33,45,17,31,60,60,16,38,16
58,45,27,46,70,48,19,36,36,17,16,40,48,42,50,40,28,55,48,53,28,42,38,21,47,60,55,18,46,15
62,49,34,43,63,57,27,37,33,21,25,33,53,38,53,48,39,49,48,47,20,21,33,16,48,57,58,15,49,16
61,49,24,45,69,60,20,36,40,16,25,34,57,42,41,41,37,56,42,45,23,33,34,19,46,61,55,23,38,20
61,48,29,42,61,52,19,28,38,20,24,40,51,36,48,48,37,55,49,55,21,28,37,11,52,60,58,19,42,23
61,52,27,50,59,56,26,40,32,14,29,35,58,31,47,43,31,59,48,45,18,31,37,12,45,56,58,20,49,23
60,48,35,43,60,54,18,32,41,14,25,40,52,33,51,44,39,61,44,51,18,28,36,20,44,61,55,20,41,24
64,44,21,42,59,58,21,38,33,16,26,44,49,43,50,47,38,52,56,53,21,34,38,20,43,57,58,18,35,14
60,40,25,44,66,53,18,33,30,17,28,42,58,35,47,41,34,61,43,47,24,31,44,23,51,59,61,15,41,21
55,41,33,49,64,56,14,39,40,21,26,32,53,43,47,45,36,54,47,47,16,35,36,14,45,64,58,15,46,21
51,55,37,41,61,55,19,40,42,20,28,37,59,35,49,43,32,55,36,49,16,34,45,19,44,51,60,17,36,26
61,54,26,41,65,57,16,35,41,24,23,31,49,36,48,48,43,60,41,54,28,26,37,13,46,56,55,14,49,15
56,51,27,45,67,53,23,37,41,21,18,35,51,33,47,46,35,47,54,49,14,33,45,16,52,59,59,18,39,21
57,46,41,33,65,58,18,38,33,17,22,42,60,38,48,46,33,61,47,50,26,26,41,15,49,57,52,17,39,17
55,58,26,42,70,54,21,37,40,19,25,41,53,36,42,46,31,58,46,46,13,37,35,18,40,57,63,19,42,22
62,51,28,37,66,62,22,38,44,11,24,38,57,37,52,43,32,53,50,47,12,41,37,18,41,56,54,20,38,21
62,54,32,39,64,49,16,32,36,16,25,41,55,29,52,50,28,59,49,59,21,31,38,15,41,62,51,25,44,17
54,46,30,45,60,48,30,36,40,19,24,44,58,37,45,44,38,57,40,45,17,28,46,15,47,60,53,19,45,22
56,43,28,39,67,56,20,45,32,20,22,37,51,33,41,49,34,56,50,54,23,43,31,21,52,60,52,12,42,23
56,52,28,50,63,57,28,35,44,17,23,43,49,40,54,40,35,54,47,45,21,29,32,12,49,65,52,13,37,22
65,45,29,48,60,56,26,31,45,19,22,37,48,29,50,45,34,54,41,46,17,34,40,21,45,68,58,23,41,15
50,49,29,43,61,55,24,30,39,20,26,42,51,42,41,47,37,57,46,46,22,30,40,22,48,62,53,21,42,17
57,50,29,47,62,54,19,32,40,16,30,39,52,29,47,50,31,56,45,49,23,30,41,16,42,60,58,20,46,22
55,43,25,40,61,58,20,38,38,13,28,45,54,33,50,46,38,59,45,52,16,29,39,13,44,59,65,20,41,25
58,47,27,43,60,50,15,38,38,15,33,41,46,37,51,36,41,56,51,50,17,32,42,19,52,64,50,21,40,22
56,50,37,48,67,56,17,37,37,14,22,37,52,37,40,44,32,62,49,53,16,38,34,19,45,58,60,15,37,23
58,54,33,43,69,58,21,33,40,16,28,41,54,34,41,48,35,63,43,38,17,34,31,18,41,56,59,19,46,21
54,47,20,40,69,55,24,44,38,24,21,44,54,37,38,47,41,56,40,56,20,29,36,14,50,56,55,23,41,19
67,46,27,43,64,54,23,36,36,19,23,40,57,33,47,39,33,62,41,45,24,32,31,19,41,66,55,21,56,12
61,48,34,37,60,56,18,38,42,19,26,40,53,36,52,41,34,55,48,42,16,34,42,20,45,56,55,16,47,21
59,49,25,39,60,60,20,34,45,23,21,41,50,31,42,53,32,60,41,48,22,34,39,22,46,58,56,18,40,24
54,48,34,50,62,56,25,30,37,20,27,41,48,40,44,42,29,53,47,53,20,32,44,20,49,57,53,16,45,16
60,44,30,46,66,51,24,44,31,14,23,40,63,38,38,50,36,53,43,50,22,23,39,15,48,56,55,21,47,22
57,51,29,48,63,59,16,37,40,17,21,37,56,34,51,43,41,54,44,52,25,31,35,15,42,53,62,20,39,20
57,48,39,49,65,60,23,37,33,12,27,39,53,35,47,50,35,57,52,50,14,23,36,16,51,61,58,16,33,16
61,51,27,41,66,55,23,34,44,17,28,33,49,43,52,52,34,58,41,47,28,30,26,18,50,58,56,16,38,16
63,47,43,50,73,54,19,46,36,15,23,37,50,36,45,39,35,54,49,39,17,27,39,21,47,57,50,16,48,17
62,50,33,39,63,62,24,32,41,16,15,29,54,34,49,51,36,57,49,47,24,25,42,18,42,63,50,18,39,28
61,50,30,40,61,56,17,44,40,19,24,33,55,34,41,51,27,57,41,51,15,32,41,20,50,60,55,11,47,29
62,44,35,44,61,55,16,37,38,20,27,38,57,35,50,46,35,57,41,52,18,27,30,21,42,59,61,19,44,21
61,49,25,47,65,56,20,38,37,17,23,35,58,38,53,36,32,55,35,49,27,32,47,19,48,56,61,17,38,18
60,58,35,48,64,60,26,36,41,15,22,37,49,35,44,41,32,58,35,42,20,33,33,20,40,57,59,21,50,21
58,46,24,43,64,54,29,38,44,15,22,34,57,41,52,53,31,55,44,49,22,32,32,14,44,59,59,18,42,17
58,42,33,38,62,53,22,36,39,22,30,36,49,48,46,50,32,57,45,50,23,34,37,14,51,58,53,18,35,21
61,48,36,35,67,53,21,42,32,15,28,35,53,38,46,37,43,57,43,56,18,30,36,13,51,61,54,26,40,17
60,44,25,42,68,50,24,43,39,22,26,35,54,34,49,44,36,60,45,41,22,29,45,13,44,61,63,18,39,17
50,48,29,38,59,55,24,35,43,15,32,40,50,33,52,53,33,56,41,46,21,36,33,17,56,53,62,19,38,25
59,40,33,43,64,55,23,37,38,29,29,37,53,34,51,44,32,55,36,51,17,33,37,17,42,65,58,16,38,26
63,49,34,44,67,51,23,29,42,12,33,35,49,38,48,49,45,53,43,49,17,27,37,17,44,52,61,20,49,12
59,43,27,45,66,55,23,35,34,14,32,36,55,30,51,43,31,57,42,52,20,30,43,18,51,57,54,19,43,27
56,43,31,43,61,63,24,42,34,15,34,39,52,30,49,48,39,56,44,43,23,29,40,17,51,49,54,16,48,19
63,52,30,41,62,56,15,32,27,15,25,34,60,33,49,43,29,59,42,45,18,43,42,19,51,60,59,18,49,21
55,57,29,40,51,56,22,34,42,17,21,43,53,33,46,44,38,58,43,50,22,38,41,15,49,61,65,16,34,19
60,44,29,40,68,63,25,29,41,14,26,32,58,35,50,52,34,58,44,41,21,32,43,18,36,64,60,18,43,14
67,41,28,39,66,52,20,44,36,17,25,43,58,27,45,39,32,61,46,48,23,26,48,16,50,59,58,20,39,19
59,56,34,41,67,54,23,36,39,14,30,45,51,43,43,40,30,52,45,46,20,32,36,12,47,61,59,13,43,21
61,49,26,45,65,60,25,35,34,17,23,43,55,43,48,44,41,54,46,42,22,33,35,15,51,55,56,17,37,15
60,45,29,46,63,59,24,37,37,18,23,37,49,36,46,43,37,54,54,48,27,30,40,16,48,57,51,21,41,16
62,41,29,44,64,60,23,40,40,16,20,26,49,36,49,52,42,61,35,41,28,32,42,19,43,59,55,21,45,18
59,46,29,45,60,51,18,40,47,12,31,43,44,38,39,43,40,64,46,48,24,36,35,20,47,59,55,15,45,13
55,43,33,52,63,59,18,43,36,20,27,44,43,31,50,47,42,53,43,42,20,27,42,16,41,60,56,25,35,26
62,47,31,47,59,64,23,30,38,19,27,32,54,37,54,46,30,58,43,42,17,31,38,21,49,65,59,13,42,14
64,58,30,37,60,61,26,33,40,17,29,34,46,33,49,46,31,59,48,41,20,31,41,15,49,55,58,17,46,18
63,48,30,42,60,54,21,36,43,17,28,41,52,32,38,53,33,53,42,41,17,34,37,22,51,56,69,17,44,18
63,52,31,41,61,54,22,34,33,26,31,32,50,36,40,51,31,55,48,49,19,28,41,19,47,58,56,19,44,21
62,32,27,51,68,59,17,34,39,16,28,39,63,30,44,49,38,54,49,41,16,36,38,21,43,52,58,22,45,21
54,46,27,38,62,59,20,35,42,19,31,42,57,36,43,38,30,58,50,45,26,40,44,11,43,57,59,18,40,22
60,50,27,38,65,57,25,40,32,14,29,36,50,37,45,47,32,58,43,47,18,38,40,16,47,60,58,21,37,25
54,44,31,40,64,58,17,37,39,21,18,42,62,34,48,42,45,53,43,54,16,34,34,22,49,54,54,27,39,17
56,47,32,49,62,50,26,32,38,19,18,40,56,40,52,50,35,61,40,50,17,33,39,15,47,57,53,19,39,20
58,50,37,39,63,60,22,44,34,20,21,33,56,45,47,42,32,58,50,43,16,29,40,17,46,57,55,20,39,19
52,44,35,44,67,48,24,36,37,19,24,42,57,36,56,45,30,49,41,46,19,42,37,16,49,61,55,22,46,13
60,55,27,48,66,57,28,35,41,14,21,37,57,37,34,39,26,60,51,43,22,30,36,24,47,56,58,25,39,19
63,52,32,43,60,62,16,38,45,14,29,48,51,34,39,48,32,47,44,45,22,31,39,20,48,56,58,17,38,21
57,48,21,48,60,53,16,36,44,17,26,44,49,34,50,46,42,55,43,47,15,35,46,17,46,51,60,23,42,21
60,45,31,42,64,51,27,32,33,7,13,34,52,39,52,42,39,51,52,49,25,35,50,25,59,56,54,19,37,17
62,50,24,52,60,54,21,46,34,19,27,31,52,36,40,48,35,57,47,52,20,34,38,16,43,63,54,19,40,18
61,51,32,46,64,53,22,33,30,16,20,32,51,38,51,50,36,60,44,44,21,28,44,26,53,58,53,16,40,19
61,50,27,39,63,57,22,37,35,15,26,38,53,38,54,40,32,56,44,53,18,38,41,22,48,59,54,17,39,16
57,49,30,43,64,57,22,37,37,13,30,38,52,42,51,40,41,59,44,55,20,27,29,19,40,64,58,16,42,16
60,43,37,38,71,53,18,36,40,21,27,36,57,38,51,42,28,54,44,46,16,26,30,22,54,58,60,20,45,21
59,42,25,57,62,59,20,32,48,19,23,41,53,33,44,44,47,52,40,49,21,26,41,17,47,51,53,22,45,20
64,46,31,40,67,58,22,37,40,15,27,44,50,41,44,42,28,55,49,49,20,35,39,16,37,60,61,14,41,20
62,40,31,49,61,53,20,38,31,15,26,40,47,39,44,49,42,54,40,52,20,30,41,18,45,56,57,23,45,24
54,51,31,40,59,56,23,44,38,18,19,38,55,36,51,51,35,53,41,52,24,30,43,17,45,56,49,20,51,12
59,47,34,44,67,46,23,36,46,23,26,44,46,30,45,44,30,53,49,54,22,30,49,17,50,49,53,23,36,17
58,44,31,45,67,52,18,42,35,16,23,32,50,40,51,45,43,51,42,55,20,34,39,17,42,53,57,19,49,22
61,43,23,48,69,61,20,37,39,19,25,42,59,42,47,45,37,49,41,44,21,28,40,13,41,57,58,21,43,19
52,46,29,37,67,55,22,39,39,22,24,39,54,29,53,45,35,53,44,50,18,28,35,20,53,60,64,14,42,24
57,46,28,42,64,57,25,48,46,16,22,37,55,31,45,47,32,57,45,47,16,32,37,15,44,58,56,21,46,20
61,43,30,39,68,59,23,33,34,13,31,44,60,38,47,36,37,60,48,37,18,29,40,19,54,62,50,18,42,19
54,47,36,43,62,57,24,35,40,16,27,36,50,33,51,46,35,52,38,59,24,22,47,17,51,60,50,21,36,23
53,38,30,45,60,56,24,42,35,18,30,42,51,44,56,49,29,52,49,48,25,30,32,17,45,55,57,13,42,25
53,50,35,44,62,54,30,37,38,17,25,36,53,48,41,44,33,51,37,47,20,31,38,11,47,64,53,22,48,23
53,55,35,47,66,61,24,39,42,15,24,43,43,35,46,40,40,49,48,48,24,22,39,15,45,58,55,19,43,19
57,55,22,43,59,56,28,38,34,18,22,45,50,33,40,44,34,58,44,54,18,33,39,17,42,59,60,17,49,24
55,49,28,45,66,52,22,36,40,18,27,37,47,40,51,49,35,56,44,52,23,23,39,19,34,56,60,22,45,22
57,49,39,38,66,55,22,35,40,18,19,38,49,36,52,46,35,50,40,55,22,25,36,16,52,53,62,19,46,22
57,48,36,41,63,59,29,35,35,19,24,38,56,32,46,44,36,58,46,49,20,32,30,17,50,54,49,20,47,22
56,54,33,50,63,49,18,30,34,14,27,31,51,43,55,54,31,56,44,50,18,33,39,18,47,58,57,21,39,19
64,50,34,54,64,55,21,32,42,10,23,36,59,34,47,52,36,57,33,44,20,30,36,19,49,60,55,20,42,14
54,52,38,49,56,51,17,42,33,17,26,33,47,38,57,42,30,63,41,51,22,38,37,16,47,56,59,21,43,16
61,51,25,44,65,63,25,39,32,16,23,38,54,38,46,41,39,51,44,47,21,30,45,19,54,50,54,15,41,21
64,56,26,45,58,59,15,39,41,19,19,37,56,39,46,43,36,53,42,54,21,31,39,16,39,62,58,18,41,20
54,44,33,43,64,59,24,32,36,16,22,36,59,29,48,46,38,62,46,44,24,27,38,15,44,63,58,25,44,19
63,42,26,47,66,57,24,36,41,24,29,39,51,35,42,49,38,53,51,50,20,24,38,12,39,60,58,22,34,22
62,44,23,45,61,57,32,37,43,15,24,37,55,34,40,41,42,56,48,48,26,25,47,13,50,54,55,16,40,22
61,54,25,46,60,52,21,34,43,11,18,48,56,32,42,45,41,56,39,45,28,31,41,22,44,55,56,16,41,29
59,49,36,41,63,57,20,34,38,13,24,36,58,31,46,44,36,56,51,50,23,32,35,21,44,56,52,19,50,18
59,51,34,48,67,56,20,32,38,17,21,43,47,36,47,45,35,53,49,48,22,31,37,15,47,57,59,18,36,24
57,49,32,34,61,56,20,39,40,16,24,34,57,34,46,46,32,61,43,56,18,26,47,20,43,60,57,23,38,23
64,41,28,40,68,56,25,35,47,16,26,34,50,37,42,47,40,58,43,49,22,34,35,19,54,52,58,14,36,22
53,43,24,48,65,53,21,36,42,12,25,46,52,41,52,43,32,59,48,45,20,34,34,18,48,46,65,15,50,22
62,48,25,49,63,55,23,33,39,13,23,38,57,37,51,42,29,56,47,40,23,26,39,20,47,61,63,20,43,20
62,40,28,44,63,54,27,31,37,18,31,41,51,34,54,48,37,53,42,50,17,28,35,18,48,50,61,17,52,21
53,51,31,34,69,51,20,41,48,23,27,33,56,34,45,42,36,59,43,51,19,25,46,19,39,61,55,26,38,17
60,43,30,40,62,50,19,40,46,17,24,45,55,33,52,45,34,56,42,58,18,31,34,18,49,54,54,19,48,16
58,52,32,41,63,59,30,36,43,19,27,36,47,41,55,44,30,54,43,40,12,37,42,21,47,55,62,16,32,18
48,45,33,44,61,42,21,36,33,18,25,44,59,38,51,42,38,63,42,45,20,35,35,18,44,61,53,32,44,22
62,54,37,42,67,51,22,41,39,11,26,39,49,33,48,50,29,58,44,49,21,32,36,21,44,54,57,17,39,20
53,49,29,42,63,56,19,37,44,15,27,38,52,37,45,43,41,62,41,52,20,37,33,15,46,58,58,14,49,17
60,50,28,40,63,54,19,36,34,21,23,41,61,33,43,48,33,60,42,51,22,27,43,15,48,57,56,18,46,20
49,46,37,43,69,57,25,31,44,15,27,41,48,33,44,42,34,53,47,47,18,34,42,26,43,59,56,23,41,18
62,48,31,43,65,60,28,40,38,23,27,36,61,27,43,42,35,55,48,53,15,31,36,19,51,56,51,18,30,20
52,43,24,41,65,52,28,34,41,22,20,38,59,45,41,39,42,52,49,48,19,31,45,24,50,60,57,16,35,20
59,52,31,47,66,53,25,34,41,21,25,45,52,38,46,44,37,49,40,42,20,31,38,14,42,64,63,14,43,16
56,48,34,43,62,62,23,33,32,17,20,30,52,36,49,45,33,58,52,54,19,34,46,18,42,63,58,22,33,18
63,44,27,44,66,53,23,37,46,18,30,41,52,33,44,53,38,65,35,38,23,26,28,18,47,58,55,18,48,21
57,46,24,46,58,53,25,30,40,16,23,38,51,40,48,51,35,53,55,43,21,32,39,22,55,65,53,17,38,18
60,41,28,48,67,51,20,36,42,15,30,37,53,36,42,51,34,56,40,49,18,29,41,17,40,56,60,23,51,21
68,42,35,43,68,61,23,43,31,15,24,35,54,35,51,45,41,56,41,43,19,24,40,19,47,57,54,15,46,17
64,46,33,47,65,55,19,39,39,16,22,33,55,36,51,42,40,56,48,46,20,28,41,15,46,54,58,16,43,19
58,54,22,41,63,55,19,35,39,18,30,35,54,43,46,48,35,55,45,54,23,28,40,12,46,56,60,17,42,19
57,52,31,43,65,63,23,39,40,14,18,39,58,35,44,54,31,59,35,50,21,24,38,19,51,52,60,16,43,18
59,46,33,41,70,51,27,37,45,11,25,43,54,38,42,43,42,64,46,47,22,31,41,12,38,57,55,20,38,14
59,38,30,52,63,57,16,35,46,14,23,38,51,34,45,40,39,53,45,62,17,25,31,19,52,57,59,22,51,19
51,48,31,56,61,60,21,36,38,20,24,39,50,35,48,41,32,52,45,43,26,32,36,21,47,57,61,19,41,21
59,45,31,47,61,48,23,41,37,20,29,41,50,39,42,45,37,54,47,49,23,25,41,20,47,57,54,17,41,22
60,51,31,36,68,61,27,39,38,18,22,32,59,45,51,45,29,56,45,46,15,35,38,21,42,54,53,13,42,20
59,46,31,49,69,59,15,36,40,18,17,40,46,35,48,50,31,57,48,47,10,33,48,20,46,55,58,21,41,19
59,47,24,48,62,59,18,38,34,16,25,36,50,34,46,47,41,53,49,48,19,28,42,18,50,60,58,20,42,21
66,52,21,51,60,62,20,32,43,16,31,34,55,44,43,44,31,53,43,50,22,28,35,16,45,55,58,20,43,19
55,54,32,38,70,60,17,34,39,21,30,46,49,46,41,49,34,58,36,46,22,31,35,16,51,55,50,14,43,20
58,45,29,53,67,56,24,39,34,10,29,44,49,44,48,49,34,59,42,44,22,29,33,14,44,56,54,16,44,23
55,51,30,36,63,59,15,35,40,19,26,36,59,36,51,37,33,56,48,57,22,31,42,24,38,53,59,18,45,18
52,48,27,43,66,56,19,40,47,18,27,37,57,34,47,42,34,57,43,51,14,28,40,21,47,63,54,16,36,28
60,45,28,41,61,55,24,38,39,14,29,37,54,34,52,44,38,64,42,56,20,27,36,20,48,59,56,21,27,23
57,42,36,44,63,45,26,39,41,23,25,44,52,36,50,43,38,60,47,50,18,31,35,17,41,61,57,16,38,17
61,46,35,36,70,55,14,37,34,22,24,36,53,39,49,53,35,53,42,51,23,30,39,19,42,55,58,17,43,21
59,53,36,44,60,55,18,31,45,21,23,31,50,35,43,53,42,53,49,47,22,29,29,23,46,56,61,13,47,18
58,42,36,49,62,54,31,35,29,23,21,39,51,36,44,46,29,55,48,48,21,32,36,19,47,68,49,20,44,20
62,42,25,41,61,56,25,36,32,19,30,46,54,37,57,47,46,55,43,54,18,33,36,12,45,53,57,19,31,20
53,53,29,47,63,54,21,42,39,20,18,39,52,35,45,52,33,58,42,43,16,27,49,21,48,57,57,16,42,21
61,44,30,38,63,51,27,45,38,20,24,37,56,33,47,43,33,55,40,41,20,26,42,16,50,62,60,17,46,27
53,46,30,49,69,54,24,39,39,20,30,37,52,32,45,47,30,52,45,47,15,32,42,24,45,55,56,14,43,26
61,49,33,37,60,59,26,32,39,15,21,39,56,38,42,39,31,64,45,45,22,32,40,15,45,60,64,14,48,21
59,43,32,49,68,53,14,37,35,21,28,33,50,37,45,51,30,58,41,43,25,28,36,28,43,64,58,19,46,18
59,43,27,40,68,57,27,39,42,14,25,46,50,45,46,41,37,52,43,45,16,32,32,13,52,61,62,20,34,24
62,40,32,40,66,53,27,49,40,24,27,42,52,35,56,51,37,51,45,41,15,26,30,16,50,59,52,12,48,14
58,48,31,43,69,58,18,40,33,20,24,43,55,41,51,47,37,53,46,52,20,33,42,14,46,49,52,17,37,15
59,43,28,50,68,56,23,41,34,19,27,44,45,34,55,43,38,59,42,53,24,31,37,23,44,51,57,15,32,17
61,50,19,47,63,55,25,29,42,19,23,38,52,32,45,55,41,60,54,51,22,31,28,9,47,58,63,17,40,16
64,44,32,36,62,60,21,32,37,17,21,45,52,43,43,44,37,54,46,47,20,31,41,17,47,60,60,21,35,23
57,40,36,42,70,54,24,35,42,15,26,41,57,36,49,39,36,51,38,43,20,31,49,17,47,61,51,22,47,16
57,47,23,43,63,54,31,39,38,26,20,33,54,28,51,49,32,53,41,42,21,30,35,23,38,63,65,30,43,20
59,47,28,49,62,55,20,41,38,15,21,34,51,45,48,44,32,55,50,40,24,35,36,19,46,60,59,23,35,21
58,44,32,43,68,57,21,39,41,19,25,30,50,32,53,47,43,55,45,45,18,28,47,18,49,61,49,15,43,17
58,44,18,51,68,48,23,46,34,17,25,39,55,38,41,45,32,54,45,51,28,33,40,17,51,60,55,19,38,19
64,46,30,39,63,61,27,36,46,15,25,38,54,31,41,55,34,57,47,42,26,30,40,18,39,56,52,16,42,22
57,39,35,41,66,49,18,38,41,19,30,38,49,41,43,52,33,60,50,54,16,39,32,15,39,66,51,18,45,18
62,45,34,45,66,64,22,46,35,13,26,33,49,37,37,43,37,51,47,50,13,25,33,16,50,56,61,24,48,24
61,42,29,42,65,65,20,36,48,20,26,40,54,35,48,47,38,56,39,39,30,32,31,14,44,55,62,19,39,16
64,49,27,41,60,62,23,40,38,15,24,40,57,40,46,44,41,53,44,47,17,36,40,12,46,54,60,17,35,20
55,48,27,36,71,55,24,37,35,20,26,31,49,34,45,43,39,58,52,54,21,31,43,18,43,62,55,22,40,18
58,50,22,45,64,58,24,34,35,20,23,42,46,38,49,43,37,54,49,54,21,33,31,14,54,64,56,18,38,18
59,50,28,38,62,60,20,38,37,17,25,48,53,38,44,52,38,54,50,38,21,31,39,15,48,59,63,15,29,23
53,53,31,42,69,58,18,34,38,20,27,36,48,36,44,46,33,57,47,41,17,29,39,19,49,59,58,25,40,26
53,46,33,50,61,53,21,42,50,19,23,38,56,37,43,40,43,52,42,49,18,29,37,17,48,58,60,19,38,17
62,46,37,57,66,52,22,27,34,21,22,41,46,34,45,48,38,59,39,50,27,32,43,16,45,55,56,12,34,26
57,50,29,39,68,52,24,35,50,14,23,43,43,40,54,50,31,55,41,43,19,30,41,17,49,64,53,18,40,20
52,45,25,47,65,59,28,35,38,23,32,39,54,36,53,39,33,50,45,54,16,29,42,15,38,64,57,22,42,15
60,48,36,49,69,57,23,32,30,18,22,36,46,39,44,41,42,52,46,50,20,29,40,19,52,59,51,16,49,17
58,48,32,39,65,61,26,28,43,20,23,41,52,39,51,49,35,55,42,45,18,32,28,16,44,61,60,21,44,16
58,48,24,43,62,55,25,35,42,15,33,35,54,40,51,41,37,51,48,45,17,31,38,21,38,62,57,20,40,26
60,36,24,48,66,56,30,33,38,17,27,32,55,38,46,48,36,65,45,46,18,29,42,12,48,56,61,16,44,20
54,48,31,40,65,63,21,35,39,15,27,38,48,27,55,47,38,43,44,57,19,35,40,21,49,57,55,22,38,21
57,45,26,44,67,53,24,39,42,19,21,42,55,45,51,43,33,47,45,41,15,29,44,22,45,57,54,19,41,27
50,44,31,42,67,48,17,42,38,13,26,36,45,35,59,43,34,59,48,45,20,32,44,19,50,59,60,21,51,14
55,50,28,41,65,55,23,39,41,12,22,41,56,40,45,48,31,59,49,51,16,31,33,13,48,59,57,20,44,20
63,48,28,43,62,45,22,31,45,15,28,33,52,29,49,47,38,56,43,48,20,29,38,17,48,61,64,22,45,23
56,49,29,41,72,56,23,44,39,13,27,41,55,34,46,45,28,59,47,50,19,28,43,14,48,55,45,19,49,18
53,41,30,46,74,58,17,32,34,19,18,39,54,38,46,47,33,61,42,51,23,26,44,20,46,50,60,25,41,24
62,40,34,42,68,54,24,37,40,18,25,39,62,40,54,45,34,51,50,44,22,23,29,25,43,64,51,13,40,19
53,47,26,44,65,53,28,35,37,14,25,38,60,39,47,47,29,55,46,59,21,28,38,15,45,52,61,23,42,20
58,41,35,45,60,54,22,35,38,17,28,47,50,32,51,51,32,53,43,49,20,35,45,23,44,61,54,18,32,19
54,50,21,42,69,54,21,38,37,21,23,40,51,36,46,46,30,62,47,51,18,29,30,20,46,58,62,20,49,21
60,52,27,50,63,60,27,42,33,24,21,39,53,39,46,41,30,58,45,51,21,31,33,17,39,60,58,17,37,18
51,41,33,39,65,57,21,36,40,21,22,47,54,36,50,50,35,51,51,50,15,39,34,22,49,52,59,14,40,18
53,50,33,41,68,55,20,44,37,17,33,38,51,38,49,40,31,54,41,49,19,30,43,16,54,52,53,16,47,20
58,41,27,41,62,59,24,42,38,15,26,32,58,35,42,46,36,63,44,57,20,26,34,23,42,54,59,15,50,23
59,53,25,45,65,51,17,34,38,16,27,38,49,41,56,49,28,61,44,44,25,28,45,17,46,53,62,22,33,21
49,50,33,38,65,56,19,36,50,18,30,45,49,39,46,50,34,49,41,43,23,26,33,19,52,65,51,18,48,17
59,45,30,46,68,53,31,34,37,25,25,38,52,32,46,41,28,62,47,41,14,34,38,18,46,60,54,16,52,20
63,46,35,34,67,52,21,46,41,15,18,44,52,33,48,41,27,59,51,46,15,28,39,16,51,64,54,21,45,20
57,43,34,49,66,54,23,33,39,12,30,41,44,36,48,49,30,60,44,48,29,31,36,17,50,56,61,14,39,19
58,44,27,44,64,49,25,32,40,19,29,39,49,30,46,47,38,59,41,49,27,36,33,19,55,60,55,12,49,17
66,45,35,40,61,60,23,37,38,15,20,32,41,34,50,46,32,59,43,49,21,33,40,19,49,63,61,20,41,19
59,40,34,44,70,59,16,44,37,19,24,44,51,34,47,40,32,57,45,46,18,30,33,17,45,64,57,23,41,22
57,51,25,41,67,55,25,41,41,16,23,29,53,35,48,43,30,63,47,50,23,27,43,21,52,60,57,17,31,21
59,49,27,44,63,57,29,36,44,15,18,38,59,35,43,44,34,63,47,38,23,31,40,22,45,54,50,18,43,24
58,50,33,45,61,56,21,34,37,23,21,40,55,39,52,36,42,51,36,52,21,28,43,18,52,52,60,18,42,16
63,47,34,38,63,56,27,36,38,17,21,37,58,48,37,41,33,48,47,40,21,33,50,18,44,56,51,18,55,17
55,48,27,42,62,54,24,42,43,22,24,39,53,35,55,46,34,61,36,43,24,27,40,13,44,58,61,15,46,19
63,50,28,47,57,55,26,30,43,13,22,42,54,29,57,43,36,58,42,54,26,25,37,13,49,64,51,21,40,17
59,53,34,37,62,53,21,36,43,14,23,35,52,36,55,47,36,52,42,45,26,33,46,19,42,53,50,23,40,25
53,48,27,42,66,54,23,43,41,12,23,36,55,41,43,47,39,59,51,48,19,27,42,15,44,58,55,13,43,25
59,48,31,39,61,52,19,37,41,18,21,38,48,39,49,48,35,63,51,52,15,30,42,20,40,56,63,15,42,20
62,52,29,44,66,61,22,34,45,19,24,32,54,43,43,46,30,60,42,38,22,32,34,14,41,54,61,18,42,28
66,44,33,44,61,52,20,36,42,20,27,39,53,37,53,46,35,59,42,43,19,27,41,18,48,59,61,18,34,15
58,49,28,46,62,52,26,32,33,21,24,38,52,39,46,46,31,52,43,52,18,32,47,19,54,54,59,21,38,20
67,47,25,50,63,56,21,34,33,19,23,36,56,35,41,43,43,57,40,56,32,24,38,17,43,57,50,21,47,18
65,41,25,44,67,57,18,39,38,25,26,39,50,37,47,46,38,52,45,51,23,27,51,16,39,59,55,16,35,21
55,48,28,43,66,60,19,34,31,17,17,44,51,35,54,48,42,57,41,47,18,28,42,18,50,57,54,24,43,21
62,43,33,46,71,58,28,39,33,17,22,34,49,33,50,46,34,65,47,42,22,34,38,14,47,55,50,16,45,19
63,51,35,39,59,57,22,36,36,12,27,43,46,39,48,48,41,58,49,51,21,29,34,12,44,59,49,17,47,20
57,50,32,42,66,63,19,34,39,20,21,33,51,37,56,43,27,50,50,44,23,31,36,21,54,55,57,20,44,17
54,43,30,47,61,60,19,40,40,16,26,35,54,43,53,47,39,59,37,50,17,26,35,15,44,59,58,24,40,21
62,53,32,45,58,57,31,36,38,18,26,36,50,36,55,38,35,59,40,45,17,26,33,23,40,58,62,25,37,21
60,45,34,48,68,59,21,30,38,20,21,42,50,33,49,45,31,56,46,47,17,32,42,17,48,52,55,14,50,22
54,57,30,47,63,56,29,36,38,17,22,36,48,34,50,51,28,55,47,48,16,32,37,16,41,59,56,21,47,21
54,48,35,43,70,57,19,34,36,18,27,39,52,43,49,42,33,52,43,45,22,29,29,19,40,64,55,27,45,23
62,57,19,35,60,57,21,38,37,13,24,39,51,32,42,45,44,53,45,48,23,38,45,15,46,58,66,23,40,16
61,39,30,46,66,57,20,36,34,17,22,40,53,40,50,39,38,55,50,56,19,32,38,21,41,58,59,17,44,14
62,58,32,41,59,63,22,30,35,16,33,39,52,35,41,48,44,56,41,44,17,35,40,20,39,56,53,18,40,23
59,43,29,39,66,58,21,33,32,23,22,35,53,41,48,47,42,59,45,52,20,31,37,16,43,60,56,16,44,22
61,45,30,46,66,60,14,33,44,17,22,36,36,33,52,48,34,55,48,54,20,29,41,17,47,57,56,22,39,30
55,54,27,34,65,62,19,38,51,14,19,36,48,30,46,47,35,58,45,53,23,28,43,19,48,58,58,22,35,22
59,42,29,48,63,60,20,36,36,13,32,43,47,45,53,43,35,52,49,52,22,31,35,18,45,60,58,15,34,17
61,39,28,39,69,52,19,40,34,19,26,43,54,31,45,44,38,55,42,50,20,29,41,24,53,61,54,16,42,24
56,42,32,54,65,56,29,36,37,23,30,34,59,39,47,44,33,45,49,53,17,22,42,14,45,60,57,9,43,20
57,46,28,43,66,55,17,37,35,14,31,37,56,41,42,42,32,60,48,44,19,25,41,20,48,65,61,19,50,13
60,53,36,32,69,58,22,31,35,14,26,44,51,30,49,50,36,56,39,53,19,23,45,21,52,55,55,14,46,18
61,52,30,41,68,52,20,26,39,16,30,38,62,40,39,46,30,60,43,50,24,36,32,22,54,57,53,18,38,15
55,49,28,35,68,54,25,32,37,19,28,36,54,41,46,46,31,65,45,54,27,26,32,22,50,58,55,22,35,17
55,42,38,43,66,54,24,36,44,20,24,45,59,38,52,49,27,57,45,52,24,34,32,20,43,51,53,16,34,15
56,52,34,40,62,52,18,41,41,18,28,34,50,38,57,43,33,59,48,40,16,28,46,24,45,57,57,24,33,18
61,48,31,42,66,59,22,37,36,21,20,43,54,42,45,51,32,55,39,41,26,27,35,20,46,56,55,23,39,20
60,52,25,45,68,54,24,36,42,9,20,28,56,27,49,40,40,59,42,53,19,28,47,15,48,59,58,17,49,23
49,45,34,45,69,59,18,34,35,20,21,46,48,31,43,48,37,56,54,54,20,32,33,18,38,58,57,20,48,22
56,46,26,49,61,60,20,43,40,11,22,41,55,41,46,43,35,56,40,51,21,29,45,25,44,60,46,26,37,17
58,53,32,46,68,49,17,42,43,18,31,31,45,36,39,46,28,57,42,48,20,31,43,20,48,56,60,19,44,22
54,53,25,42,62,47,24,41,37,17,28,39,49,34,48,36,39,62,45,50,20,29,38,30,45,57,57,17,43,24
52,46,32,40,67,58,18,33,48,16,24,42,58,40,50,42,45,52,46,39,12,28,44,14,51,60,60,19,37,19
58,43,26,53,64,57,20,44,35,14,25,41,52,27,51,40,38,58,40,46,16,37,38,18,49,53,55,22,50,22
65,47,32,40,67,51,23,31,42,16,26,45,54,34,44,47,28,52,43,45,19,32,35,20,44,60,63,17,43,27
55,40,28,36,62,60,23,32,54,23,27,39,47,35,50,52,45,55,41,46,16,30,37,19,47,54,56,18,43,22
55,46,30,46,61,54,24,35,38,18,23,34,53,40,48,42,36,58,43,49,18,36,48,17,46,56,54,27,44,13
53,46,34,48,69,52,24,35,35,16,27,38,50,41,44,44,38,63,45,46,20,34,40,9,47,53,59,21,40,21
63,48,25,43,69,51,22,38,40,23,23,38,48,29,49,46,36,55,45,44,20,35,30,22,54,63,55,16,42,20
61,52,38,42,62,51,25,44,39,19,23,33,55,33,51,44,33,54,38,50,16,27,37,21,47,57,60,18,43,19
62,46,23,53,68,55,19,32,35,20,22,41,49,35,53,46,41,47,37,53,19,25,39,17,54,63,57,19,42,20
59,53,27,44,62,57,21,39,43,15,28,39,52,40,45,44,29,53,42,48,20,23,43,16,46,57,62,21,39,25
54,58,32,41,57,55,28,38,44,17,30,43,53,30,50,47,40,55,51,40,17,23,30,12,47,63,53,17,43,24
58,42,24,42,61,53,21,41,40,22,31,45,57,42,51,38,32,58,47,36,17,35,39,16,47,57,54,19,52,15
53,42,30,42,61,57,23,51,42,19,22,34,52,44,46,47,33,57,43,48,19,34,38,20,52,61,57,10,36,19
59,40,31,48,61,58,21,37,40,10,19,36,57,34,52,43,34,59,37,54,27,32,42,21,48,59,57,19,40,17
56,48,30,36,71,56,21,44,34,15,24,39,51,42,41,57,30,61,54,43,17,25,39,24,49,52,50,16,48,19
62,56,29,46,64,54,16,26,42,17,29,38,54,41,38,49,38,59,34,38,17,29,47,18,47,65,60,19,37,23
60,53,27,36,66,56,28,41,41,18,18,42,56,39,44,39,31,54,37,47,16,29,45,19,51,62,52,21,42,22
56,49,23,44,63,61,27,35,40,18,26,34,56,36,51,47,27,64,44,51,24,35,28,14,42,54,61,22,43,17
58,45,28,41,66,52,25,33,42,19,27,39,56,38,57,50,36,58,44,43,20,23,41,15,49,53,56,21,40,17
53,40,31,50,62,47,32,27,43,21,28,33,55,40,51,47,28,51,45,46,24,30,43,15,52,62,52,18,49,17
62,46,29,44,62,53,22,35,33,15,28,32,55,36,46,43,43,52,42,55,21,33,39,19,57,60,56,21,39,14
58,43,36,51,68,45,16,36,39,16,18,41,56,35,52,43,38,61,36,49,22,29,35,14,44,62,64,18,43,24
62,44,36,34,60,56,28,38,29,22,25,47,51,41,49,43,39,51,46,47,13,39,40,16,48,50,52,21,41,24
59,48,29,35,66,59,18,33,38,17,26,42,53,39,42,44,39,61,41,41,24,29,40,19,44,63,52,21,45,25
54,49,31,49,66,51,25,37,39,17,28,47,55,39,47,36,39,61,41,48,21,33,29,21,38,56,62,22,33,18
58,45,29,45,63,52,24,30,41,18,24,47,54,44,49,39,31,56,50,43,22,32,43,14,45,58,58,16,44,18
57,38,24,47,71,61,24,32,36,16,26,45,51,34,56,50,40,59,42,53,21,31,33,20,38,54,54,21,38,20
57,45,30,50,58,54,24,32,37,18,23,38,53,43,56,36,35,65,43,50,20,30,42,11,45,58,62,13,48,16
51,50,23,35,60,53,26,34,44,23,23,44,45,33,47,48,37,65,47,42,21,34,46,14,56,62,52,22,33,22
54,44,31,45,62,57,19,35,43,18,22,48,53,33,50,51,32,53,46,46,22,34,35,19,38,61,56,20,42,23
52,41,30,40,68,57,21,44,38,18,31,43,53,34,52,37,29,54,39,48,22,34,51,18,45,57,59,17,41,19
62,43,34,51,55,52,19,40,39,20,22,34,54,31,51,43,36,56,41,39,19,33,38,19,50,63,59,20,51,18
62,49,30,41,65,58,25,37,34,25,21,37,54,27,47,49,32,65,46,50,22,31,29,10,54,60,56,19,44,13
60,53,31,47,69,54,23,30,37,16,24,41,53,33,53,41,34,64,33,45,21,25,38,18,51,58,58,23,39,20
59,50,30,49,63,55,27,38,32,15,18,41,45,34,57,48,39,54,46,48,17,38,37,23,41,60,58,22,28,20
55,47,31,40,60,50,24,33,33,14,24,39,56,33,53,45,27,53,44,53,21,33,47,20,52,56,66,14,44,25
58,40,24,45,65,51,19,33,34,20,24,40,50,33,49,48,38,62,42,50,13,41,48,22,50,61,60,16,39,17
58,49,37,39,69,57,22,33,33,19,20,40,57,42,50,44,37,56,42,41,23,30,46,13,46,54,57,18,43,17
61,48,42,45,64,57,22,43,34,17,16,46,56,39,46,40,34,56,44,51,20,29,38,18,44,51,58,19,35,19
62,49,30,37,61,61,19,43,36,23,24,36,54,31,41,42,31,58,40,47,21,38,41,21,49,60,51,21,45,20
59,41,26,48,70,57,30,35,32,18,22,31,47,43,52,41,44,59,42,40,18,29,46,15,48,58,60,22,43,16
58,49,29,43,64,58,20,34,42,18,23,32,59,33,45,47,37,62,40,49,20,37,47,19,52,61,53,15,28,18
58,46,34,43,70,60,22,38,38,19,25,38,58,38,44,40,25,54,40,51,23,32,42,20,44,61,52,13,42,22
57,44,21,43,66,54,25,34,36,17,26,43,52,36,52,46,40,59,47,44,15,37,38,21,54,54,58,17,38,18
59,50,31,45,72,56,14,37,35,15,28,31,47,39,38,46,32,66,44,47,20,33,48,17,48,60,56,22,42,14
53,44,26,37,64,47,25,36,39,19,24,45,57,36,53,41,29,59,43,45,22,34,43,24,41,56,60,23,44,23
62,50,24,49,64,54,17,31,41,14,26,41,55,40,49,48,32,55,52,48,22,27,39,14,49,52,60,19,39,19
62,49,32,42,63,54,23,38,40,16,24,43,57,28,50,48,28,58,41,47,16,30,39,20,51,64,54,20,36,19
53,52,23,38,64,50,23,33,38,21,36,33,62,39,37,50,36,58,54,47,21,31,31,23,50,59,52,23,37,18
57,53,28,44,68,58,21,36,37,16,24,39,45,38,42,48,34,56,44,48,17,36,39,17,49,64,56,21,38,19
62,55,36,44,66,52,20,38,38,15,25,44,50,45,42,46,32,53,44,52,17,27,35,19,45,59,54,21,37,19
57,44,33,48,67,59,30,34,37,19,23,42,52,28,45,44,27,57,45,48,22,27,48,17,45,53,57,32,40,12
62,45,27,48,60,57,19,33,42,19,25,34,54,33,45,45,33,53,51,52,20,35,43,22,44,55,57,20,45,14
61,52,23,40,67,59,22,30,38,19,34,36,58,35,41,46,36,59,40,39,18,26,42,14,49,60,61,17,46,24
59,52,36,50,67,57,18,27,33,17,14,47,43,41,48,43,44,62,43,46,25,27,38,20,40,51,58,21,47,18
59,49,32,47,59,53,15,28,38,21,21,38,54,40,46,45,37,59,48,56,18,27,40,18,43,58,58,24,42,19
61,54,26,48,64,58,25,33,38,16,28,41,52,32,42,44,35,55,43,51,21,38,30,22,51,60,47,16,45,16
53,47,26,51,62,52,17,38,44,22,28,37,59,36,52,39,35,61,47,47,19,31,35,17,46,60,55,14,43,19
56,43,29,49,59,52,20,36,39,17,23,45,60,32,49,48,29,50,38,47,21,38,48,20,47,62,58,18,45,14
63,41,31,47,60,64,26,37,35,17,23,36,50,36,51,40,34,61,53,52,18,33,40,15,43,54,58,20,34,20
53,50,29,46,66,52,17,38,44,20,31,38,53,32,50,44,25,55,36,49,21,31,45,23,48,56,58,21,39,22
60,46,35,52,65,60,22,36,38,15,23,33,52,34,49,40,34,60,42,47,21,34,45,24,40,51,50,20,44,20
56,42,31,51,62,58,23,37,37,20,20,37,48,45,40,41,35,49,37,59,21,33,44,17,48,61,58,19,43,20
48,45,27,51,60,55,22,41,34,17,26,46,52,35,46,40,34,60,49,42,29,26,43,14,53,59,61,14,44,19
55,54,35,46,72,56,17,42,36,16,25,34,56,31,48,38,38,56,47,56,16,34,41,16,46,57,57,12,38,17
67,49,32,37,64,57,20,37,39,17,21,46,54,32,44,47,23,52,49,48,19,27,46,20,43,67,49,19,44,23
48,47,24,47,66,58,22,34,43,17,24,46,51,38,44,48,30,54,41,47,21,36,39,20,48,60,50,21,46,22
61,48,27,42,65,60,23,31,26,16,35,37,53,33,47,50,25,52,48,46,22,28,37,26,44,59,65,23,46,17
60,56,29,39,65,46,12,40,40,17,24,43,50,36,43,57,29,64,40,42,20,36,43,19,50,56,59,20,37,20
60,48,29,41,67,60,13,33,46,20,22,39,45,33,52,41,36,61,39,45,24,31,33,20,47,60,61,22,37,27
62,49,33,44,64,55,22,32,41,20,23,41,58,39,46,44,36,60,43,47,19,28,38,18,45,55,55,22,37,16
61,51,24,46,63,58,19,33,41,18,22,35,56,35,46,38,32,61,51,54,22,37,31,21,45,58,53,19,46,16
58,56,27,43,68,57,17,31,35,21,25,42,52,39,43,47,36,49,42,53,27,28,40,14,43,60,58,19,39,23
61,49,27,40,64,58,18,40,41,17,25,35,60,42,53,43,30,59,40,45,19,34,49,15,51,56,50,16,36,19
55,48,25,49,61,62,21,33,32,20,26,33,51,39,42,42,30,57,45,52,21,36,45,18,44,65,58,19,44,19
63,53,25,48,59,51,22,33,35,16,28,41,53,36,48,41,40,52,50,45,20,27,47,18,46,55,55,16,51,18
59,45,30,41,64,60,20,41,40,21,24,40,51,30,48,51,33,56,39,51,14,24,39,21,52,57,59,21,39,22
58,45,25,42,61,61,22,43,39,21,22,35,49,32,52,44,40,59,40,48,22,26,42,20,54,59,55,18,36,22
62,45,26,39,67,62,20,41,38,15,22,40,54,45,50,44,37,57,39,42,17,32,37,19,50,58,53,19,44,18
51,53,32,37,62,55,27,35,29,14,20,36,60,46,42,55,31,58,52,55,26,26,36,12,51,63,58,12,41,17
54,53,31,48,65,53,21,35,44,20,16,40,53,36,50,46,38,57,45,55,16,28,42,18,47,57,52,14,37,21
52,52,25,45,62,55,23,38,40,16,27,39,52,38,37,46,38,56,49,50,18,30,40,23,29,61,67,20,44,20
60,50,26,47,67,63,32,32,39,18,28,40,44,35,48,37,38,61,43,42,18,33,35,21,41,55,52,20,44,23
57,47,34,45,60,55,18,33,42,17,24,39,50,46,60,44,32,50,45,48,23,36,30,22,40,65,56,18,41,15
56,52,35,48,59,61,24,29,37,14,29,41,54,36,51,32,30,58,47,50,19,28,37,19,53,51,61,25,35,21
61,39,30,40,70,54,18,31,44,19,26,42,45,36,52,54,37,52,50,45,20,31,38,20,44,62,57,17,47,11
53,49,28,45,65,53,17,32,37,18,30,39,52,37,51,39,42,55,45,48,20,34,41,20,55,55,59,19,39,15
58,50,27,40,66,51,27,36,34,12,25,41,57,48,43,39,33,52,48,51,16,30,47,19,49,57,45,18,52,21
57,53,21,47,66,48,23,41,42,24,25,35,52,31,52,51,30,54,44,54,16,25,39,12,47,64,58,17,41,23
60,45,29,51,72,54,20,36,45,16,20,40,50,36,51,41,37,49,33,40,17,33,37,18,53,64,61,26,41,17
63,45,36,45,61,58,22,32,45,20,32,41,50,40,46,40,33,58,38,50,16,29,32,22,47,61,60,15,39,16
64,49,35,46,62,55,28,32,36,19,20,33,52,35,47,51,35,56,43,50,16,29,34,13,55,59,62,12,42,22
53,38,29,42,67,59,17,35,41,18,20,35,51,43,43,41,36,50,53,43,28,37,42,20,51,60,56,20,40,24
50,48,31,50,63,52,20,32,49,14,25,41,64,36,45,44,33,56,49,46,21,23,43,17,42,59,62,17,45,15
57,49,31,43,66,54,23,33,42,12,21,45,53,41,51,48,32,53,37,51,25,31,35,17,39,63,59,20,42,19
60,49,36,40,68,59,22,34,46,20,28,38,52,37,38,47,32,63,41,50,19,33,40,21,37,55,56,11,43,17
63,51,29,44,63,52,22,37,36,17,32,30,53,41,43,45,29,57,45,45,20,31,37,17,55,58,54,22,36,28
54,54,26,36,68,58,18,36,41,19,20,46,56,41,49,40,40,54,43,45,19,27,39,22,44,48,63,23,45,18
55,50,28,56,64,57,22,36,38,18,20,39,54,42,43,40,37,48,40,45,21,32,45,22,44,59,49,17,43,28
59,45,30,36,62,61,24,42,39,24,28,41,52,30,44,51,30,58,41,47,17,35,37,17,45,58,57,20,44,18
60,50,25,37,64,60,18,44,32,18,25,35,59,36,48,44,40,55,42,44,18,28,41,21,44,62,60,17,45,20
59,44,26,48,60,56,26,35,47,27,23,31,52,38,44,49,30,67,39,51,15,37,35,17,50,54,49,20,47,16
57,46,28,42,66,52,25,34,37,18,17,44,46,30,48,42,34,60,53,50,20,29,42,15,53,57,60,21,48,18
62,42,26,45,72,62,18,31,40,19,21,42,52,34,44,40,34,64,39,51,22,30,43,11,51,56,56,21,45,19
63,42,29,42,63,51,24,36,40,11,32,40,51,39,57,44,28,61,34,43,24,30,37,21,51,61,59,13,40,26
61,40,26,39,67,52,29,35,38,19,25,34,56,34,43,51,41,59,49,44,20,27,44,24,45,54,55,24,38,19
56,53,36,35,71,43,25,39,46,12,22,35,51,40,51,50,36,57,42,50,13,28,46,14,48,53,56,24,42,18
59,51,20,49,58,53,29,34,32,14,24,38,47,28,47,50,42,59,42,42,21,38,41,16,42,62,61,20,44,29
54,53,32,51,72,57,16,31,45,15,20,42,49,33,43,43,25,54,47,50,21,32,34,19,51,60,55,24,39,25
67,42,34,39,68,55,21,36,40,16,18,41,50,38,49,47,29,50,50,43,18,35,47,17,55,57,51,20,44,15
60,46,36,50,66,64,21,32,45,19,28,35,52,36,52,44,32,60,42,54,16,29,35,14,50,51,57,17,34,15
50,40,37,37,77,56,26,39,40,20,21,36,61,38,43,45,34,60,38,50,20,28,46,20,41,54,56,24,37,18
53,40,33,38,66,57,19,31,28,18,27,38,57,42,46,47,42,62,48,49,19,32,31,22,41,59,60,20,42,25
65,45,31,48,62,63,17,34,38,20,26,43,52,38,49,53,33,58,37,51,17,34,37,16,48,53,45,17,41,21
59,43,30,42,65,57,15,36,42,26,26,39,50,34,43,48,44,47,44,51,27,31,37,21,47,53,52,22,42,19
56,56,29,41,66,56,18,39,39,13,20,41,48,33,49,50,40,55,39,49,27,27,42,17,47,62,56,13,42,22
60,40,34,58,58,56,25,37,42,20,22,38,56,42,52,35,37,52,43,47,19,33,34,16,52,62,66,13,30,13
57,44,32,44,60,60,19,32,41,19,30,32,52,38,54,38,36,56,49,49,23,32,33,20,48,59,54,22,42,17
61,47,27,46,65,58,13,39,40,17,21,40,48,40,53,45,39,57,45,48,25,31,35,19,57,52,49,19,41,15
61,39,33,45,64,63,24,37,36,20,27,37,47,42,51,49,27,57,50,47,27,31,37,15,41,62,58,19,28,18
53,42,25,46,69,50,20,38,35,16,26,36,53,35,47,41,36,52,49,49,25,30,42,20,43,58,62,22,47,25
63,52,29,41,67,58,23,38,36,16,29,42,54,44,47,51,39,52,41,50,16,35,35,18,49,55,48,15,34,15
63,44,31,46,62,63,19,31,46,16,23,45,54,36,48,40,40,59,38,44,16,32,38,23,53,53,51,16,36,26
63,48,31,40,67,57,25,35,44,19,22,40,49,35,45,47,34,49,41,48,20,39,35,25,41,58,54,19,44,18
59,44,34,40,68,59,25,37,30,22,32,29,57,33,52,50,26,52,45,42,20,29,37,19,55,58,59,18,44,17
59,41,36,47,57,57,22,31,39,23,26,36,59,39,48,42,40,59,47,39,21,33,28,23,45,55,55,18,47,20
61,37,26,40,68,49,30,42,38,22,24,43,58,37,39,53,33,57,47,46,18,33,45,12,51,52,54,19,42,16
60,49,28,45,59,56,18,42,39,14,31,34,49,38,39,38,32,62,51,52,20,33,44,17,44,58,54,17,45,24
60,50,28,45,68,59,21,27,40,14,24,37,39,33,48,50,27,56,48,49,21,31,45,17,46,62,58,20,38,31
63,42,33,49,61,53,19,46,44,12,25,35,58,38,58,44,33,57,36,47,22,26,34,17,38,53,57,20,44,28
53,52,39,42,68,53,22,35,38,21,28,36,52,38,48,49,32,54,47,51,19,26,41,17,49,59,54,17,38,14
58,46,29,39,65,48,25,37,41,13,25,47,56,35,45,43,38,56,49,50,16,29,48,18,38,60,59,16,43,20
54,46,32,47,55,55,17,31,41,17,23,47,58,30,46,50,29,64,49,41,20,23,42,23,45,64,58,23,43,19
58,45,27,45,64,56,31,33,32,18,22,38,46,41,46,44,35,53,54,44,19,29,38,30,50,59,55,18,44,18
55,53,27,43,61,51,22,41,42,11,26,37,49,31,45,48,36,54,49,49,25,33,32,21,47,51,64,24,46,19
56,45,35,41,65,53,14,41,42,16,22,34,48,46,49,52,33,57,45,50,19,33,38,22,44,54,59,15,42,22
59,46,23,40,62,54,18,41,41,17,25,43,48,31,54,46,31,58,47,42,18,32,44,17,52,61,56,22,45,19
61,46,28,41,71,53,26,40,36,14,35,39,65,32,46,44,35,53,44,56,19,33,31,22,32,50,61,12,45,22
58,50,30,49,67,57,24,32,37,16,29,38,50,24,53,48,36,51,42,51,19,33,42,14,49,58,57,17,43,18
62,47,32,44,67,50,19,32,36,19,22,39,61,39,44,40,37,53,46,49,19,35,41,16,46,56,57,20,45,19
57,45,27,35,63,52,23,37,45,17,25,42,57,34,50,45,38,55,37,56,22,35,40,16,44,64,50,18,41,22
60,47,28,39,57,62,20,28,45,16,23,35,54,35,55,47,37,58,49,49,16,28,37,20,51,59,55,16,40,26
51,49,34,43,62,53,21,41,40,15,33,40,56,39,51,46,36,51,43,50,15,33,37,21,45,61,54,15,38,19
62,42,31,51,61,56,21,36,40,17,17,47,50,38,45,42,35,57,41,46,14,28,35,20,57,59,57,18,48,21
55,54,29,45,70,56,21,30,42,18,21,34,57,29,45,51,31,58,39,46,17,28,43,25,47,62,62,18,41,18
59,49,32,36,68,61,26,41,31,14,25,43,50,35,46,46,28,59,48,44,24,34,40,18,51,56,56,16,39,17
52,40,31,50,65,50,22,28,38,11,14,37,58,43,47,48,35,61,51,50,22,36,40,16,51,60,52,22,37,25
64,40,27,34,62,61,20,39,38,19,28,38,58,25,44,49,34,56,47,47,23,29,40,22,46,53,57,22,46,24
57,48,35,40,66,53,19,40,29,16,24,42,50,34,52,52,34,56,42,48,17,29,40,21,47,63,54,22,42,20
62,45,24,44,71,53,23,35,40,18,27,36,52,34,42,39,30,58,40,47,22,41,42,25,40,59,55,25,46,17
57,51,36,44,67,45,12,35,32,15,23,35,55,40,47,51,39,52,49,45,18,32,42,20,43,57,61,22,45,22
57,39,29,45,65,56,24,36,35,20,26,52,54,32,47,42,39,56,36,41,17,30,38,16,45,63,60,24,45,23
59,51,29,39,66,56,20,49,31,17,23,35,47,38,48,43,27,52,45,52,23,36,42,19,46,58,58,19,41,23
58,53,22,45,60,49,25,36,34,18,28,36,55,40,52,50,36,58,39,52,25,34,37,11,48,54,62,20,34,21
65,42,27,42,67,57,20,44,35,18,25,36,51,31,49,41,35,59,52,41,21,31,39,19,47,56,56,21,44,21
57,45,31,51,62,56,26,35,35,14,20,49,55,37,44,56,43,54,42,43,14,26,45,13,42,56,59,15,44,23
60,43,29,42,64,61,18,39,46,16,18,37,48,31,53,52,32,62,46,43,18,29,44,17,46,57,58,22,38,23
61,50,31,44,64,58,26,35,36,13,25,49,48,40,48,42,38,47,42,57,18,33,44,11,46,54,51,20,39,22
60,49,30,42,65,48,20,34,35,19,29,38,53,35,53,46,32,55,40,48,15,35,41,24,49,56,54,21,54,12
62,44,32,49,67,62,18,35,36,14,23,41,56,31,50,50,35,56,36,53,16,28,34,15,49,58,57,20,42,23
63,45,30,36,64,51,20,34,43,17,28,31,48,38,49,51,35,58,49,46,13,39,45,16,39,57,61,23,45,18
58,41,28,46,70,56,23,30,40,17,31,40,47,40,43,39,36,65,46,43,24,31,47,26,44,52,54,14,44,17
59,45,34,47,66,55,17,37,41,13,34,30,56,38,50,37,30,56,42,48,21,32,46,21,42,53,60,18,40,24
60,52,26,45,65,58,16,32,42,17,27,36,52,41,48,47,33,53,50,49,19,29,38,22,46,60,53,19,43,14
57,43,31,33,65,67,23,33,44,14,28,38,53,42,50,44,39,59,46,43,16,37,35,25,46,58,50,19,39,15
66,47,22,47,62,46,22,37,43,15,32,39,51,36,43,46,35,57,38,51,22,30,49,15,43,60,54,16,48,20
62,48,28,37,65,61,24,26,39,15,25,37,56,34,50,50,38,56,45,45,16,34,34,19,40,57,65,21,45,20
56,50,46,44,65,53,17,31,35,17,20,38,50,33,55,53,26,60,46,53,25,23,37,19,53,57,56,19,33,22
65,50,41,39,60,63,33,25,46,15,18,45,55,31,42,41,35,53,46,54,24,30,35,15,44,60,58,14,36,19
57,46,31,51,69,55,28,42,41,19,29,37,51,30,52,48,29,60,40,57,19,27,36,13,42,57,56,15,33,22
56,53,31,36,66,61,20,31,40,13,27,42,58,32,38,44,36,49,37,55,20,32,37,18,42,62,62,21,44,29
56,49,30,35,66,55,21,42,35,18,30,39,50,33,47,44,33,56,47,47,23,30,39,20,43,62,61,19,43,19
59,50,27,44,66,61,20,33,33,16,27,33,59,37,45,49,32,54,49,50,18,33,46,19,49,55,59,15,36,18
57,45,24,35,60,54,18,41,26,18,23,45,57,37,52,44,32,57,47,42,22,41,37,20,51,58,59,20,50,20
51,38,29,45,62,66,25,32,40,16,20,36,55,35,47,39,45,57,52,49,22,34,32,23,49,53,61,22,42,15
57,51,24,39,67,59,35,40,33,15,25,35,60,34,49,39,39,57,40,51,21,28,37,16,46,58,58,22,35,22
61,48,33,35,73,56,33,38,37,20,25,34,54,41,43,45,33,58,49,42,20,35,42,20,38,58,52,18,38,13
57,45,24,42,62,58,19,34,38,20,31,43,54,46,49,43,36,54,48,48,17,31,40,17,44,60,51,27,38,16
54,51,20,41,63,57,24,36,42,24,25,39,58,44,44,50,34,51,44,43,15,30,42,20,52,53,51,25,42,18
56,51,27,42,66,53,21,31,37,22,33,36,48,37,47,41,29,64,38,53,16,28,40,16,54,63,57,20,44,22
62,42,32,38,69,59,18,35,41,14,27,40,48,43,39,52,39,53,50,47,20,38,45,12,40,55,51,18,43,22
61,50,31,44,68,53,19,39,41,16,17,44,59,34,50,46,32,55,50,49,16,30,40,21,43,56,55,15,41,17
58,50,26,45,65,50,18,40,46,19,22,35,49,27,54,44,36,51,51,52,21,30,35,19,48,62,58,17,40,24
54,41,29,38,68,53,25,39,43,17,23,34,43,38,46,39,41,59,46,48,19,41,37,16,48,57,59,23,47,21
59,41,28,48,67,61,19,41,41,16,20,41,59,34,48,40,32,56,41,42,22,27,38,24,49,62,54,20,43,19
54,43,29,47,64,54,20,39,37,13,26,41,47,39,54,39,33,58,40,53,20,35,39,19,53,57,50,22,44,23
56,47,31,47,69,47,24,34,44,18,21,45,50,28,48,47,29,54,35,58,17,42,33,22,49,55,61,14,42,25
59,40,33,44,64,58,24,33,36,27,35,36,51,36,48,46,41,61,40,48,20,31,44,18,44,54,52,15,39,15
61,53,31,50,58,59,18,30,38,18,25,39,52,46,49,52,25,56,41,49,21,30,38,21,46,60,47,19,44,16
59,47,31,43,64,56,16,31,37,16,26,44,54,35,47,38,34,56,41,50,24,30,45,19,56,54,60,23,36,20
60,45,30,45,63,56,27,36,43,23,21,35,50,43,42,50,32,52,43,41,13,37,47,16,46,61,59,15,41,20
58,48,28,38,65,55,26,32,36,14,21,43,50,37,43,46,37,55,44,45,27,27,44,21,47,64,59,19,42,21
65,49,29,52,66,50,22,38,40,20,20,42,50,42,48,46,36,57,43,43,15,29,30,18,43,64,55,17,41,22
62,46,24,39,67,62,24,33,35,16,25,37,48,35,45,40,31,59,45,55,20,38,41,18,46,59,56,21,40,25
53,43,36,42,63,59,30,41,35,22,21,41,51,33,46,43,34,62,50,46,22,39,30,21,40,59,60,20,33,17
54,35,31,37,70,49,23,32,39,18,23,51,52,39,49,58,38,59,52,46,22,33,38,18,48,55,58,18,31,16
60,49,33,42,65,56,25,36,46,15,19,36,56,32,57,40,34,60,43,43,15,33,38,23,41,57,54,19,42,23
64,56,25,52,70,52,27,33,38,17,21,40,50,31,52,51,27,62,49,38,22,26,32,17,49,52,52,25,44,18
57,54,32,36,63,59,24,38,32,16,23,36,55,39,45,44,31,62,46,53,21,30,43,21,46,56,54,17,40,19
63,47,20,41,65,56,14,31,51,19,36,34,56,37,46,48,37,58,34,43,22,32,37,17,49,59,56,22,42,20
55,50,38,38,63,54,18,37,40,16,32,39,57,43,43,48,32,47,46,48,20,33,43,17,46,59,58,19,38,15
58,46,28,43,66,55,17,35,39,15,26,33,55,45,53,41,35,56,40,55,27,21,46,22,45,60,53,17,37,23
56,42,35,40,63,62,22,41,38,19,27,31,58,39,48,51,35,54,40,47,18,37,35,18,44,60,55,16,43,18
66,46,32,45,66,55,26,37,39,19,28,32,48,36,50,45,32,58,39,56,23,27,37,20,40,60,58,16,43,13
59,36,30,49,65,56,26,41,35,22,24,36,57,38,54,43,32,60,42,43,22,28,52,20,40,57,53,16,37,19
55,47,30,48,66,59,26,39,45,11,27,37,52,38,40,45,35,64,56,46,16,24,38,16,44,57,51,21,40,19
55,40,26,49,62,61,18,35,35,18,27,43,50,35,47,44,35,55,43,50,22,30,38,16,43,68,57,26,44,20
56,52,30,48,66,53,27,34,41,14,30,35,53,31,38,52,32,57,42,53,29,29,41,19,47,57,57,14,39,16
60,49,27,50,64,58,20,30,41,16,29,44,52,43,48,55,28,57,49,43,16,30,36,13,47,61,56,17,34,19
57,46,27,48,64,56,26,31,34,10,18,37,57,48,49,50,38,55,49,51,22,27,30,17,53,55,59,19,38,21
63,50,27,36,63,57,27,33,39,10,24,43,50,31,52,50,37,55,42,45,27,25,36,15,54,62,57,19,42,21
62,48,26,48,62,55,23,35,48,17,21,44,58,30,51,43,33,55,46,50,17,31,32,20,47,61,55,19,36,19
61,49,28,45,58,47,26,40,42,20,23,42,56,35,52,38,34,47,47,51,21,30,37,18,50,62,58,17,37,21
60,45,37,49,66,53,25,36,35,19,21,38,57,31,56,53,30,55,40,51,20,32,44,18,40,52,51,19,43,16
56,46,28,40,67,51,23,38,35,20,32,41,54,41,53,44,37,57,42,47,20,23,42,13,52,54,61,14,39,22
55,46,28,48,65,53,34,38,33,17,20,35,44,39,47,43,40,61,48,45,28,34,34,19,52,63,51,18,38,16
60,51,28,46,65,52,27,30,35,28,25,35,49,35,49,51,36,57,38,57,20,25,41,19,45,58,55,15,43,17
68,47,30,41,61,58,19,29,40,22,25,38,56,37,46,46,27,58,42,50,19,40,38,19,46,60,54,12,42,22
64,40,25,44,65,64,20,29,34,28,20,32,56,33,47,46,37,57,45,45,23,28,35,22,45,64,58,20,47,19
61,49,30,48,73,51,28,39,37,16,22,39,46,42,54,43,33,52,40,51,21,29,36,18,52,62,48,19,40,13
60,44,34,49,70,53,19,31,37,18,26,37,61,37,42,38,40,55,47,48,20,36,39,27,39,54,58,17,39,17
60,45,28,46,66,52,15,33,34,12,30,44,53,31,42,48,34,58,47,53,19,33,37,22,49,58,60,24,45,14
67,46,32,47,65,63,17,42,49,19,20,32,56,31,44,47,39,56,38,39,18,29,42,18,46,58,52,18,41,21
53,44,25,43,65,55,25,33,42,16,23,39,52,39,56,44,32,58,50,41,16,30,40,28,44,60,56,17,47,19
58,43,28,45,60,50,24,34,43,20,25,42,47,34,48,43,39,55,46,43,24,38,38,18,45,56,59,28,42,17
60,47,29,39,66,53,20,34,43,18,26,44,57,41,47,40,36,62,37,47,17,31,40,20,42,63,54,14,41,24
56,46,25,46,64,59,17,42,38,28,28,35,52,35,44,45,35,56,48,45,26,36,32,18,40,63,57,19,38,19
57,46,33,46,67,54,25,32,41,17,28,38,50,29,55,52,35,57,41,49,16,37,40,17,35,53,62,15,44,21
63,43,28,39,60,54,21,48,44,21,28,43,56,34,50,46,34,48,38,54,25,28,41,14,38,53,58,20,46,17
60,43,25,46,63,59,30,35,41,17,20,38,54,30,43,41,44,59,43,48,25,30,45,20,41,54,62,16,43,17
57,54,22,38,65,57,22,37,41,19,27,43,57,31,53,38,30,57,40,52,19,30,40,16,48,57,57,18,50,17
61,51,32,38,64,59,16,37,42,19,30,46,45,35,36,39,30,56,51,54,30,26,43,17,42,60,62,19,39,13
60,46,29,41,61,51,16,36,42,21,27,41,58,47,42,46,42,59,49,44,18,20,43,18,42,53,54,21,45,20
61,48,29,43,67,56,18,35,31,14,22,51,52,40,56,41,38,52,41,48,24,38,38,15,52,55,52,14,41,20
62,46,31,43,66,46,23,32,33,18,25,38,61,38,48,38,39,52,47,55,22,32,42,18,49,56,55,18,42,17
58,54,33,38,59,62,17,34,44,16,28,43,56,29,50,43,31,57,42,42,19,37,48,14,47,52,57,17,42,23
64,53,25,40,64,52,23,30,44,16,22,33,48,42,44,41,36,63,39,46,19,37,43,21,47,60,54,21,44,21
60,46,28,39,64,50,17,32,40,21,20,38,60,43,49,48,35,56,39,48,19,29,36,15,54,61,61,21,45,18
53,40,29,36,59,58,21,34,37,21,31,45,55,43,51,46,34,59,43,49,23,31,39,22,44,62,55,18,35,19
55,38,31,40,67,53,22,38,41,20,21,39,44,34,51,51,37,61,43,49,25,29,38,23,43,58,55,21,39,26
59,50,35,47,64,54,23,36,41,21,27,34,50,30,48,36,32,50,45,46,19,35,44,17,58,54,56,20,41,20
58,46,20,59,62,58,32,34,33,12,22,38,51,37,42,47,34,56,49,44,24,33,41,17,47,58,56,24,40,18
58,50,30,40,61,55,18,32,34,19,29,42,52,38,46,39,33,59,52,56,19,24,50,15,39,56,56,20,49,21
46,53,35,45,68,59,21,28,45,21,24,38,48,37,50,47,35,62,44,41,20,29,35,18,46,51,65,19,44,18
48,48,25,41,68,61,19,40,35,27,24,38,56,39,51,50,40,55,50,46,19,28,28,16,56,57,53,23,30,21
58,46,31,48,70,56,22,37,33,15,24,51,53,43,47,44,33,57,43,46,15,27,40,15,47,62,58,19,33,19
62,53,27,45,59,57,20,31,45,14,31,45,46,37,42,51,35,65,39,57,21,27,45,12,43,58,52,15,42,16
58,43,37,46,63,57,26,37,47,12,23,44,59,28,47,46,27,54,44,43,17,36,41,25,46,59,58,18,35,16
54,44,34,42,64,51,23,29,39,20,28,44,46,42,49,45,34,57,48,59,22,25,42,13,46,55,62,19,37,19
59,50,32,51,72,62,24,37,35,18,22,35,47,29,41,44,37,55,39,44,15,33,38,23,45,62,58,25,42,18
62,50,31,44,63,56,21,37,36,21,25,42,62,39,51,43,27,48,42,49,19,33,38,17,45,57,59,14,35,26
62,48,31,44,65,52,21,43,36,19,24,41,48,39,54,46,39,53,40,48,21,27,39,15,43,58,62,18,40,16
53,46,30,43,72,56,20,39,42,20,23,35,42,46,44,42,36,60,45,52,18,29,42,16,44,52,59,14,51,21
59,46,27,46,63,53,20,38,44,16,26,40,60,30,45,51,35,61,45,48,22,28,40,18,52,52,55,19,39,14
51,48,27,42,69,53,22,35,38,14,26,43,58,39,51,46,37,53,41,47,19,36,42,20,44,54,55,15,41,26
53,51,29,41,68,54,29,33,40,18,24,40,47,28,49,51,28,55,45,47,31,31,41,21,46,58,57,17,40,20
54,44,29,49,67,51,24,33,37,24,23,38,53,36,50,45,33,61,42,47,18,35,39,22,43,57,55,20,41,22
53,51,25,48,60,51,26,38,44,17,26,41,56,36,49,44,29,62,53,47,26,28,42,19,43,56,48,19,39,16
65,57,28,46,65,57,25,46,38,14,23,36,47,29,46,40,35,54,45,50,25,35,41,19,52,57,48,15,39,15
56,54,35,46,65,44,17,39,41,17,26,31,49,34,52,56,40,51,47,48,17,31,46,28,41,52,58,16,39,16
58,43,39,41,71,53,27,34,40,19,35,32,45,38,44,44,35,55,51,43,17,36,48,20,35,59,46,26,37,21
62,48,26,42,63,54,29,42,39,16,28,42,45,33,40,53,39,55,46,46,24,26,36,15,54,59,55,16,40,19
56,60,26,38,66,61,21,41,35,20,25,40,48,39,51,42,32,56,52,41,23,26,35,17,41,61,60,23,37,19
62,43,30,36,63,52,19,35,48,20,26,35,54,41,49,49,36,53,39,44,20,33,41,16,51,61,61,20,36,19
61,52,32,41,58,59,21,45,35,18,18,41,56,38,57,52,36,53,42,43,16,26,42,18,45,57,53,16,42,19
50,38,31,45,61,57,17,44,36,19,27,30,49,31,59,44,30,60,49,46,21,36,39,22,56,59,61,19,38,18
57,49,28,52,66,60,19,27,39,13,24,40,55,35,50,41,29,59,38,57,27,32,46,23,45,60,52,14,36,19
63,50,31,46,62,53,24,34,34,16,16,40,49,36,47,47,38,56,51,47,21,30,39,14,50,61,56,19,45,17
54,48,25,44,62,60,22,37,34,12,15,34,64,36,51,45,41,61,47,46,23,32,41,17,49,52,61,22,34,23
57,47,35,51,57,52,20,37,39,19,24,36,46,40,47,48,37,61,43,51,18,30,32,24,46,60,55,18,45,17
62,45,27,38,67,56,20,31,33,20,29,38,55,37,49,45,39,54,40,48,22,26,42,19,53,68,53,20,40,16
58,50,30,41,67,57,22,36,39,13,23,35,52,32,40,56,37,62,42,47,20,26,47,22,39,61,58,21,45,14
56,49,35,46,60,55,20,34,40,14,22,44,51,33,47,49,29,55,49,47,16,25,35,21,53,59,57,23,46,22
56,51,28,47,68,55,23,28,35,15,22,43,53,45,47,46,37,48,45,45,25,32,39,19,40,60,57,21,38,24
63,45,26,45,73,57,22,35,37,17,22,42,57,41,51,48,36,54,39,49,24,27,39,10,48,65,47,19,36,18
57,45,31,44,62,45,23,37,45,14,25,42,51,44,44,50,26,52,47,52,19,36,34,15,51,62,59,18,45,17
57,47,31,47,65,54,25,31,43,22,24,29,46,32,47,51,43,54,45,42,23,26,34,20,43,63,59,22,45,22
55,50,36,39,65,59,20,35,43,18,31,39,52,33,49,45,41,51,43,33,17,31,33,21,47,69,50,20,45,22
59,45,29,41,63,51,23,43,41,16,33,43,56,35,48,43,31,58,46,42,15,34,46,17,47,54,52,23,34,24
56,47,28,34,69,51,24,31,44,22,18,47,48,38,49,46,38,56,40,49,24,34,41,13,50,58,55,16,47,19
60,38,36,53,63,55,24,34,47,25,28,34,50,27,46,41,41,54,44,45,11,29,40,18,46,60,60,23,43,17
62,43,33,50,69,56,26,44,37,26,25,33,49,37,43,41,30,56,36,54,23,34,39,13,37,61,54,15,41,25
62,54,23,45,64,56,24,49,39,19,21,34,48,29,44,43,29,51,46,49,17,29,43,16,59,58,62,15,45,19
57,41,30,55,63,55,22,37,40,14,27,46,51,46,62,41,33,45,46,48,19,23,38,23,46,57,56,12,36,23
60,54,27,41,71,55,23,41,45,12,25,39,51,35,48,37,40,48,42,50,20,26,38,18,46,62,46,30,37,25
62,43,26,45,68,57,19,35,40,17,24,35,52,36,45,39,34,61,48,34,27,26,46,25,43,60,63,21,39,22
55,42,30,43,65,52,18,36,42,24,22,45,52,37,42,49,34,57,52,41,22,34,40,15,47,60,55,18,48,15
55,44,33,45,65,49,20,36,38,21,29,28,57,33,50,43,38,51,35,49,18,34,36,20,55,54,63,18,50,25
62,48,39,45,64,64,18,46,42,20,21,31,53,31,38,41,31,50,42,46,14,37,43,15,51,55,62,20,46,17
62,52,29,44,60,52,13,34,36,22,29,34,51,32,43,60,27,54,42,50,23,40,42,18,50,59,58,17,44,15
53,43,25,46,69,53,34,33,41,10,27,44,54,40,50,40,40,58,44,47,21,29,37,15,47,54,55,17,49,17
56,47,30,42,69,53,14,46,37,12,29,49,49,38,53,38,38,51,42,45,22,29,46,19,49,55,52,22,42,18
58,46,30,41,60,54,15,35,45,23,22,44,49,37,46,45,29,54,53,45,24,35,43,20,46,64,53,19,42,15
54,50,22,46,67,54,19,43,39,16,30,36,55,35,53,44,32,52,37,52,24,25,32,16,52,54,65,15,50,23
47,48,34,41,58,55,18,40,47,17,22,41,57,35,46,54,38,52,43,49,23,29,40,18,50,61,58,11,45,15
56,44,26,42,61,48,21,33,35,22,33,37,49,37,48,49,36,61,37,58,28,29,39,17,48,61,53,20,47,17
54,45,37,40,67,56,12,30,41,21,23,38,57,36,43,49,35,62,49,52,22,24,44,15,47,62,56,17,37,21
54,42,28,48,65,50,20,35,38,19,23,30,48,35,55,38,38,61,52,51,22,23,45,23,57,59,59,16,41,17
51,52,29,39,62,59,15,35,43,17,23,34,55,43,53,47,30,56,45,44,16,28,47,17,52,55,60,23,45,17
62,48,28,42,63,58,18,35,34,23,25,39,56,33,45,50,34,51,51,52,19,30,46,25,44,54,54,14,44,15
57,53,26,55,65,49,22,43,47,17,33,43,54,32,51,44,39,60,39,50,20,23,34,13,44,58,52,15,37,17
47,50,36,28,65,60,24,33,32,15,32,34,56,37,54,48,37,50,43,51,23,35,42,13,51,55,60,21,42,18
62,54,27,38,72,52,27,32,37,14,22,31,49,35,56,49,32,57,47,53,21,29,33,24,48,54,58,21,44,14
60,49,33,42,63,55,31,35,31,16,22,41,60,35,40,49,42,55,41,45,21,25,39,19,47,65,53,18,45,15
53,46,38,40,62,63,29,34,34,20,23,43,55,39,44,50,32,59,46,49,20,25,33,20,36,57,58,22,37,25
54,50,29,52,62,65,25,29,37,18,19,33,61,31,47,40,36,53,46,43,24,31,40,16,41,65,62,15,51,17
59,52,32,42,63,57,21,37,32,14,28,32,53,39,51,45,31,62,49,47,18,30,39,13,47,62,54,16,46,21
58,44,28,48,68,56,27,37,40,15,14,39,48,37,46,52,41,53,45,59,17,31,41,19,48,50,48,22,43,18
56,50,32,50,64,55,21,37,40,18,31,24,48,36,54,42,39,59,41,52,18,32,46,19,43,64,43,22,43,13
54,50,28,45,62,53,20,33,42,18,24,40,50,37,50,44,39,63,40,45,19,34,42,21,54,53,61,12,43,16
62,51,35,39,62,64,22,29,35,12,22,40,49,37,47,46,36,48,48,51,30,32,43,21,41,56,51,24,37,22
51,38,30,40,65,58,23,41,43,22,24,45,54,33,46,45,28,59,43,51,22,27,37,25,47,59,55,19,43,19
52,51,37,38,59,59,17,35,35,18,25,41,45,37,49,32,38,54,49,42,22,33,49,19,52,64,55,18,48,19
63,43,39,44,64,62,15,36,32,12,26,48,46,45,45,43,39,55,34,45,16,42,42,14,50,59,54,18,42,19
52,42,26,41,69,55,21,39,43,19,32,39,56,36,44,43,36,56,37,47,23,25,39,13,46,63,57,17,53,23
60,48,23,41,65,56,22,36,38,22,32,33,57,32,44,36,31,62,46,52,19,33,39,20,52,61,54,17,40,21
51,44,37,49,65,57,24,44,35,20,15,38,51,35,44,45,31,62,42,48,26,27,41,17,43,63,59,20,40,19
56,50,27,46,68,57,20,40,37,14,24,37,48,45,44,44,42,51,45,56,19,27,38,20,46,51,61,16,42,21
60,45,26,50,69,52,33,30,38,15,32,37,54,44,47,38,28,52,46,53,25,31,38,17,45,61,52,15,44,15
65,54,32,43,65,48,26,40,44,20,24,34,49,37,52,41,40,52,38,40,20,24,38,17,48,58,66,19,37,21
59,49,28,42,62,60,25,34,36,28,27,41,45,35,55,48,29,54,40,51,20,31,44,18,40,58,56,16,43,18
54,47,31,42,65,64,25,39,46,18,26,33,49,36,47,41,28,59,43,51,23,29,40,20,42,57,60,16,45,16
56,43,32,46,74,57,27,35,41,17,18,40,46,31,50,49,27,57,47,49,23,28,36,19,47,63,56,20,37,21
58,35,30,51,63,57,19,31,32,22,19,33,53,45,50,54,34,55,39,51,24,33,37,22,39,59,62,20,45,20
54,42,26,43,67,45,23,37,42,18,27,40,63,45,49,48,32,58,41,43,20,33,41,22,39,61,56,20,42,15
65,43,29,47,57,57,17,34,40,22,28,40,56,41,41,42,40,54,43,51,20,25,46,21,42,56,56,23,35,21
50,43,29,47,69,62,26,39,42,13,17,31,50,28,53,44,33,51,44,49,14,41,53,22,43,51,63,19,43,23
61,46,34,39,68,45,19,37,40,14,27,38,45,37,45,52,38,58,46,48,21,29,40,22,48,58,53,24,40,20
63,46,30,42,65,64,12,42,33,18,20,33,55,47,48,38,34,58,45,46,22,27,42,20,48,51,54,21,45,23
50,47,32,44,67,55,18,32,37,18,21,37,49,45,49,46,40,53,47,53,25,25,39,16,51,53,58,23,44,18
64,44,27,45,68,62,22,39,35,20,26,38,56,32,50,47,30,56,43,44,19,31,40,23,46,58,54,17,37,19
62,40,29,44,65,61,28,34,37,21,27,35,47,43,49,42,33,50,38,44,19,31,45,22,43,60,53,23,44,23
61,47,35,46,63,59,22,38,41,21,22,38,60,33,40,48,32,56,47,41,19,27,40,16,43,59,58,25,45,10
61,54,35,44,72,51,21,33,42,16,27,36,52,41,44,49,32,53,37,53,13,35,33,20,47,57,57,17,40,20
56,43,34,40,64,55,21,29,39,18,24,42,53,37,52,35,29,66,46,45,18,33,44,20,45,59,67,18,41,19
58,52,27,39,67,63,15,36,39,19,21,46,56,43,47,52,29,61,47,48,21,21,37,16,40,64,51,18,35,24
59,50,33,43,64,51,29,33,40,16,27,43,50,39,48,48,28,54,44,50,25,33,32,17,38,62,55,19,44,18
56,45,28,42,68,50,19,34,36,20,25,50,57,36,53,38,39,54,36,46,19,31,46,13,42,62,57,15,53,22
57,44,34,44,71,53,16,36,42,20,24,31,50,37,44,47,34,55,47,52,19,35,33,19,44,63,62,19,45,15
65,43,25,51,65,50,23,31,41,14,32,47,55,40,45,42,31,55,43,42,20,37,40,18,52,55,54,19,39,18
64,42,31,45,68,58,21,38,43,14,22,39,50,40,49,40,33,52,46,46,22,35,32,22,53,64,49,18,38,18
65,48,28,49,63,57,21,35,40,13,29,37,44,36,52,45,38,52,35,43,25,35,29,20,53,59,58,21,44,18
52,50,22,38,61,47,24,37,47,20,17,42,59,43,46,40,25,59,46,52,20,29,46,20,50,58,58,19,44,21
59,48,38,40,67,59,20,39,36,14,27,36,46,37,47,50,29,53,47,51,22,33,36,21,41,57,56,21,40,22
61,54,30,43,61,49,22,32,43,18,28,40,50,37,48,45,29,51,48,45,21,28,40,22,49,65,54,19,39,21
57,52,27,41,69,57,19,36,38,22,26,44,58,37,48,43,38,56,32,50,15,27,35,16,41,67,54,22,44,21
60,45,24,47,68,48,19,36,47,17,28,39,57,35,49,50,27,55,47,43,19,34,34,18,47,59,63,19,37,21
57,43,31,41,67,54,23,41,34,18,26,38,50,31,45,46,43,55,43,52,23,26,36,16,48,62,58,18,47,20
57,45,27,44,59,50,20,41,54,18,23,47,55,39,37,41,28,56,41,49,22,31,43,20,50,59,66,16,35,19
60,50,19,51,66,57,30,37,31,19,20,45,47,32,50,41,36,59,49,55,24,33,36,20,41,57,52,18,40,17
58,49,27,50,59,61,22,37,36,24,32,38,49,40,49,48,41,64,40,47,16,25,35,18,43,56,55,18,38,17
59,46,30,38,70,58,28,36,40,21,22,34,47,38,42,34,37,61,45,47,18,32,38,18,46,62,53,20,46,26
52,46,38,48,59,62,30,40,45,17,23,39,59,30,43,46,33,47,45,50,18,27,36,13,51,57,55,20,47,16
66,47,24,40,69,54,19,31,41,19,34,38,53,41,45,40,29,49,43,51,24,35,42,19,52,58,51,17,38,23
59,45,33,41,72,54,20,37,41,18,26,42,59,41,50,42,30,53,40,51,17,22,41,22,46,55,55,16,46,18
52,55,32,46,66,51,24,32,44,14,31,40,52,44,45,51,45,53,34,51,19,29,31,16,38,61,51,17,46,22
68,48,25,43,60,57,24,35,35,21,23,33,53,41,45,44,27,53,47,49,21,31,45,18,44,64,63,16,42,17
54,48,31,45,64,55,20,34,34,17,25,35,58,37,45,50,32,55,55,50,18,28,34,21,51,56,60,19,39,22
62,54,35,43,66,53,20,41,39,20,18,38,56,34,48,42,30,52,48,51,20,29,30,20,46,59,58,19,44,17
59,48,29,46,60,48,20,33,43,17,31,38,57,41,42,53,34,56,41,45,19,26,39,15,49,58,54,19,50,22
53,45,36,44,66,56,18,33,39,22,24,40,57,35,44,41,34,58,43,37,18,28,40,14,44,64,67,22,44,26
62,43,28,51,65,52,19,51,33,17,27,42,57,38,47,45,34,56,46,51,21,21,36,18,48,51,51,19,46,17
55,51,32,40,65,57,20,33,29,20,31,40,58,40,54,45,29,57,41,49,24,30,37,16,45,57,53,19,46,19
57,49,32,44,62,54,28,40,35,15,27,39,52,35,40,45,30,58,42,54,26,34,33,18,48,51,57,20,40,27
53,48,33,49,62,57,20,27,38,16,26,32,56,45,59,40,34,61,38,55,22,33,44,15,39,48,58,22,43,19
58,47,35,46,67,58,22,31,31,23,28,42,53,36,47,45,40,55,46,47,12,31,41,14,41,59,62,17,32,26
60,50,22,51,59,57,22,34,37,16,24,38,51,40,50,47,35,61,50,47,25,31,31,18,51,54,46,23,38,24
60,47,23,46,69,56,24,47,34,17,26,35,60,33,49,43,35,52,50,43,24,21,43,22,41,58,51,20,46,17
61,49,27,49,64,57,21,32,42,17,24,38,56,37,45,48,29,62,48,43,29,29,38,19,43,63,48,18,42,14
53,55,27,47,57,53,16,36,46,16,17,37,56,37,50,45,36,58,43,53,25,32,38,16,50,58,56,19,44,16
60,55,31,50,66,52,25,35,34,14,23,40,57,37,54,45,36,53,46,43,22,27,34,22,45,57,51,21,41,16
68,48,28,47,69,55,29,37,43,17,23,39,50,43,39,46,32,54,40,45,17,32,42,17,46,55,64,19,31,17
53,50,25,44,68,58,28,32,27,21,31,47,53,42,45,42,26,57,55,56,17,35,47,15,39,53,51,16,45,14
53,47,27,53,74,54,24,47,34,22,27,26,44,44,46,47,29,55,42,48,17,33,42,17,49,55,62,12,45,17
63,44,29,40,68,61,24,47,37,19,25,34,43,40,51,47,35,54,44,45,15,29,39,23,45,57,52,18,40,24
65,55,34,36,65,56,18,39,34,20,27,44,41,29,42,39,39,53,39,55,24,36,42,22,47,54,55,25,39,18
60,42,35,45,65,60,25,41,31,15,21,35,55,39,41,45,34,60,46,46,15,36,39,17,48,56,50,22,41,27
55,50,31,43,66,55,21,32,40,16,27,43,55,35,43,39,40,63,37,47,17,31,33,24,51,59,58,23,34,24
56,47,33,48,65,55,17,37,33,20,22,35,52,42,42,43,36,61,46,49,14,30,38,15,51,69,53,20,40,23
64,47,35,42,67,62,19,33,36,17,29,36,44,43,52,46,32,59,44,46,17,26,38,18,45,60,50,15,47,23
59,48,37,40,67,67,20,37,46,15,31,47,53,39,51,50,27,52,42,41,18,29,37,16,41,54,49,16,44,19
58,48,25,40,68,59,21,28,45,13,25,38,53,39,44,44,36,58,43,49,23,27,35,17,44,54,57,24,49,28
65,50,32,40,62,54,26,41,47,12,26,42,50,32,55,46,26,55,44,49,14,29,42,20,42,59,53,17,45,17
57,46,24,46,58,52,25,33,33,16,20,37,53,39,47,49,46,63,55,44,24,29,46,22,30,56,58,19,48,17
49,48,29,46,66,55,23,26,36,16,29,44,54,35,53,50,38,57,47,50,14,28,38,21,50,60,51,21,39,19
57,52,23,42,63,61,12,38,44,21,26,41,57,34,44,42,36,54,42,49,22,32,44,16,47,58,53,16,42,24
60,52,26,42,65,51,24,32,36,18,27,50,49,36,47,43,34,61,46,44,15,31,49,16,49,56,53,19,36,25
59,48,28,42,61,56,17,49,44,18,25,30,61,30,51,40,31,59,42,52,18,37,31,15,55,55,59,22,39,18
61,53,31,45,63,55,20,28,28,17,27,34,51,30,46,47,37,59,47,50,19,31,47,22,42,61,58,16,43,24
59,40,34,40,72,58,25,40,45,18,26,30,55,34,49,43,27,58,48,44,20,29,41,20,52,59,46,15,45,20
58,43,35,45,64,58,24,31,38,18,25,44,54,27,45,46,34,47,44,47,27,30,37,21,61,55,52,20,45,17
54,51,33,51,65,49,21,31,44,15,19,42,53,37,48,47,36,59,40,49,22,30,44,15,39,52,57,22,43,24
55,56,27,42,63,57,16,42,35,13,22,42,46,44,46,51,38,53,51,51,19,32,39,16,45,57,51,23,41,19
54,41,38,42,65,66,26,28,38,19,29,40,49,37,52,40,36,62,48,51,17,25,39,15,45,60,56,16,41,17
59,49,34,42,64,51,21,35,39,13,24,35,50,38,47,52,36,59,43,48,20,39,46,20,43,54,57,17,39,18
59,49,32,41,62,47,15,25,45,15,28,43,52,34,47,48,31,60,40,47,24,35,45,18,45,56,62,25,40,22
60,51,25,45,62,56,22,37,34,15,25,37,57,33,46,50,36,61,42,40,24,26,41,18,39,63,60,21,50,16
53,48,24,43,61,58,16,36,39,21,27,39,56,40,52,52,40,46,38,45,22,38,40,19,49,56,61,23,36,14
56,45,27,43,65,64,19,30,42,12,20,38,45,40,49,50,29,54,49,50,22,30,42,20,46,57,58,24,45,21
58,55,31,43,69,60,20,30,34,17,21,42,57,38,51,38,31,58,40,48,18,26,40,18,48,57,52,15,53,24
56,51,31,52,64,53,18,40,38,15,23,39,51,43,44,46,31,57,41,46,20,28,46,21,45,62,53,20,33,25
53,50,35,41,65,55,25,34,36,15,20,39,46,37,49,51,36,62,49,52,20,36,35,16,42,53,55,20,45,20
56,51,26,41,62,56,19,40,37,18,35,33,50,40,50,47,38,60,50,42,18,34,36,26,42,52,49,23,43,18
61,45,31,40,60,60,21,41,44,21,28,38,58,37,47,32,42,50,48,45,19,27,44,17,43,61,58,20,37,17
52,52,27,41,59,58,16,39,37,17,24,38,55,32,47,41,37,53,49,52,14,33,35,21,53,60,61,21,53,15
51,48,29,44,58,57,17,38,43,17,30,39,48,35,56,44,40,61,46,44,17,31,40,19,41,59,63,14,43,20
58,53,29,38,64,56,21,44,45,17,27,37,53,36,42,45,27,50,47,45,19,37,45,17,50,51,57,19,42,21
58,43,29,48,65,58,16,28,39,14,25,41,51,35,42,51,36,53,47,59,29,28,39,13,47,55,56,20,42,25
56,53,27,39,60,55,24,35,42,13,18,43,52,35,49,51,30,59,55,50,21,32,36,20,36,57,55,19,50,20
53,47,29,43,67,46,32,40,40,14,27,39,55,38,60,52,34,60,36,45,22,27,43,16,43,54,56,14,40,20
56,53,28,44,66,53,22,46,32,15,22,35,52,39,41,47,40,54,42,50,18,32,45,12,50,49,58,22,45,24
64,43,32,54,64,53,19,38,42,11,19,33,55,38,50,49,32,56,47,50,18,35,44,16,48,58,55,15,40,14
55,56,39,46,65,53,25,43,37,12,24,39,53,32,47,47,28,56,48,55,15,26,38,17,48,53,59,21,36,19
55,41,34,44,65,54,14,36,34,13,24,41,52,37,51,51,39,62,33,47,18,36,41,18,50,59,60,18,42,23
56,43,27,42,65,48,24,33,42,11,27,35,50,35,48,41,37,54,49,55,20,33,39,21,48,60,59,24,43,23
62,49,29,34,66,49,28,33,48,13,22,40,55,37,44,44,36,54,47,42,23,31,41,20,52,61,52,19,42,19
57,47,26,43,66,57,20,40,43,21,30,37,45,38,47,49,41,54,41,48,20,27,41,19,43,52,59,21,40,20
60,46,27,42,66,58,20,39,40,18,20,45,52,36,50,43,38,58,50,47,15,29,40,18,44,54,62,19,40,16
65,50,28,39,60,52,15,32,35,18,25,44,48,37,48,50,44,55,47,51,17,35,30,16,52,63,58,15,44,19
54,48,27,46,71,47,23,31,40,18,22,30,55,38,55,48,30,54,44,49,23,25,41,20,52,59,56,24,44,18
61,59,34,40,69,66,28,29,28,17,26,42,45,29,49,41,37,54,45,48,18,33,43,15,48,59,52,19,39,19
53,51,32,43,68,53,28,33,39,18,20,50,56,38,44,47,29,62,51,43,25,30,39,15,47,51,56,22,32,17
62,44,27,44,59,54,25,38,38,18,22,36,54,41,48,44,28,56,44,47,20,37,39,21,46,60,59,26,38,17
58,45,24,43,66,57,20,37,37,19,21,38,59,40,46,43,39,54,45,51,14,31,39,21,51,60,54,17,41,22
57,36,33,48,59,53,19,34,45,21,24,39,50,36,42,42,37,58,49,52,20,30,43,15,41,64,57,19,46,23
57,52,30,39,62,63,34,44,34,14,19,44,51,38,47,45,35,57,43,41,16,32,31,19,51,57,52,22,39,24
60,54,35,42,60,56,16,40,40,18,27,41,49,33,51,48,29,52,49,52,19,30,40,17,51,61,54,17,37,14
55,51,30,50,65,62,24,36,33,20,28,50,57,32,45,39,27,59,39,51,25,27,41,22,44,61,53,18,38,10
57,55,27,44,66,55,20,31,31,15,27,33,51,34,51,49,39,56,41,55,23,34,43,18,47,57,53,18,42,20
63,47,29,40,63,54,26,30,38,9,26,43,47,30,55,46,34,54,49,55,19,38,40,15,45,58,59,20,37,23
59,50,35,45,68,49,22,43,41,15,20,37,46,47,43,39,39,49,49,50,22,32,36,17,54,60,55,19,42,9
56,50,34,44,62,54,27,38,38,18,21,43,54,35,39,43,32,59,46,49,18,26,34,27,45,60,58,14,50,18
64,43,29,49,63,52,24,33,36,17,17,40,52,40,47,49,32,60,50,50,16,31,37,17,46,65,57,21,39,16
58,42,29,46,63,57,28,37,42,11,25,33,56,37,49,46,37,55,41,51,15,29,38,15,56,57,58,20,43,18
66,53,30,33,68,58,15,33,39,15,20,36,45,40,47,44,37,62,50,48,25,29,36,17,47,49,65,26,42,17
60,50,25,47,60,51,23,34,32,22,24,41,58,47,53,49,33,55,44,45,11,32,33,23,46,64,60,18,38,14
56,53,29,43,69,53,29,43,37,17,24,50,52,37,43,40,33,56,54,41,21,26,38,19,42,59,59,20,37,12
51,45,28,42,71,59,18,33,34,22,22,36,50,39,52,46,29,55,49,51,22,31,48,17,50,58,57,20,39,18
54,55,25,41,64,60,18,36,37,21,26,40,51,38,58,43,35,57,38,49,18,34,42,16,45,57,68,14,37,15
64,44,37,44,62,59,24,37,39,15,26,34,45,37,47,44,34,59,40,50,22,40,43,13,43,61,61,16,38,14
59,49,30,45,63,55,23,34,35,19,30,40,52,38,50,42,32,54,47,47,19,32,36,16,46,58,56,21,41,23
59,50,34,46,61,52,21,38,35,14,27,37,52,40,49,36,32,56,30,47,20,34,42,18,51,64,60,18,47,22
56,49,31,45,64,54,24,30,39,16,26,44,49,32,46,37,36,55,47,55,19,18,49,17,53,64,58,17,45,17
52,50,38,40,56,57,26,30,36,22,26,32,55,32,48,40,32,56,46,46,26,32,48,16,53,63,53,18,37,26
54,47,26,41,61,53,18,35,39,17,26,46,49,40,46,40,37,52,47,45,22,30,45,17,51,54,61,19,46,28
57,47,26,44,64,53,20,41,42,16,22,43,51,45,52,41,33,59,38,54,18,36,35,29,37,59,58,18,36,18
62,52,34,41,65,57,19,39,46,14,21,37,51,34,53,44,30,57,45,48,19,29,35,22,45,59,62,18,38,16
62,53,30,44,69,53,23,41,38,13,25,33,53,46,51,47,30,59,42,39,21,32,42,15,44,59,56,19,38,15
58,46,33,45,71,55,34,33,38,20,19,36,53,35,40,50,35,59,39,44,17,30,28,21,56,62,56,15,38,26
57,49,34,50,63,58,17,38,34,13,21,34,55,36,51,43,37,58,49,47,17,28,39,17,48,59,57,19,45,19
59,49,23,41,67,55,28,34,37,18,29,31,49,38,47,49,40,50,46,50,18,36,47,19,44,56,58,12,46,16
54,50,32,46,67,60,23,31,41,15,29,47,53,32,50,51,35,57,41,39,18,34,43,14,50,54,58,13,38,17
55,52,29,43,66,58,28,34,37,15,24,48,55,39,53,46,39,54,41,45,16,33,40,15,45,56,55,19,39,13
67,47,23,42,66,55,23,36,40,18,27,33,52,36,55,43,27,54,41,55,22,29,37,17,42,59,65,18,49,14
56,50,24,42,65,57,21,34,40,19,24,40,43,32,50,37,41,53,49,47,21,31,45,19,36,60,58,22,56,20
59,49,37,46,63,63,19,37,32,16,29,36,49,34,46,40,25,61,44,48,25,24,44,19,44,62,58,22,43,18
57,43,25,38,67,56,23,39,44,15,24,38,51,36,44,48,30,62,43,49,14,39,43,11,43,65,59,20,40,26
58,50,29,40,62,52,20,37,39,16,30,40,54,38,50,44,24,54,41,53,23,31,42,18,50,58,64,20,41,14
59,50,32,39,61,53,20,35,36,16,28,43,55,36,52,37,40,57,43,53,28,35,35,16,46,51,61,14,42,19
56,46,27,42,60,47,22,40,48,16,32,39,51,42,48,52,36,55,59,46,16,19,38,17,38,56,58,29,39,18
63,59,34,35,66,61,22,37,49,13,20,34,50,32,40,40,30,59,42,50,21,29,37,16,50,60,54,22,44,23
61,45,29,42,59,57,21,36,43,22,31,38,56,41,47,44,24,58,45,51,20,32,35,14,46,50,61,18,46,20
68,40,28,52,65,61,20,37,40,18,29,32,54,39,49,43,32,56,46,53,12,25,33,13,49,56,49,25,43,25
54,53,36,51,63,56,20,42,29,20,18,38,51,40,41,39,31,53,51,43,24,31,38,21,55,57,62,13,44,18
57,53,27,45,64,50,27,33,39,25,17,43,42,37,45,51,31,52,49,55,15,26,47,19,55,63,53,19,34,19
55,48,23,40,68,56,21,36,33,20,21,43,53,36,40,51,41,57,49,49,22,24,45,23,35,58,64,16,43,22
64,50,32,43,67,52,21,39,36,23,20,36,53,40,51,38,34,51,45,47,19,36,38,17,51,61,53,26,35,14
52,52,31,45,66,64,19,37,35,14,28,36,51,40,41,46,37,52,46,49,27,20,39,12,51,60,61,20,36,25
67,45,22,40,66,63,20,30,36,16,29,39,50,42,48,38,31,55,47,50,25,34,42,19,47,59,57,23,31,21
55,49,22,41,66,50,21,38,30,20,24,43,53,40,46,51,35,55,52,40,19,37,42,18,46,56,66,21,40,16
59,47,24,43,67,51,22,37,36,21,30,42,45,36,50,40,35,65,47,51,23,26,32,20,45,57,57,23,43,18
63,44,35,41,66,54,19,41,46,14,20,45,54,35,50,44,25,52,41,51,17,32,39,18,48,60,53,18,46,21
54,54,31,41,67,51,25,29,35,23,25,42,58,39,46,42,33,60,42,48,20,26,40,21,47,58,59,18,41,17
55,52,34,39,58,48,25,37,40,18,30,39,44,33,47,52,32,54,47,46,20,31,36,22,51,57,61,16,48,20
59,45,31,36,69,48,25,38,39,16,16,37,45,39,53,48,39,55,38,50,21,38,41,16,50,61,56,20,47,16
58,49,36,41,68,55,16,40,38,24,24,33,50,33,43,46,40,58,47,48,12,28,42,20,55,54,53,21,44,16
51,49,28,49,69,50,20,35,38,16,20,39,60,38,53,44,37,50,46,50,22,30,32,21,53,57,56,18,42,19
58,44,27,51,62,55,21,41,31,14,25,40,51,45,52,49,38,53,49,53,20,36,34,18,46,62,52,7,38,20
54,50,23,41,63,56,29,31,41,20,25,40,53,34,55,48,34,59,35,42,18,34,34,21,46,60,58,19,43,26
49,41,30,45,75,58,26,36,42,17,24,37,49,39,42,41,46,62,39,45,15,25,45,21,50,52,53,22,42,24
58,49,28,37,70,57,22,42,37,18,28,42,47,32,50,42,41,53,46,42,16,34,41,16,49,55,61,12,47,20
54,47,31,44,68,58,31,31,41,23,19,36,52,30,50,38,37,64,44,45,19,33,40,25,38,59,56,23,36,20
54,56,27,48,70,63,20,37,36,15,23,43,56,33,47,44,37,64,49,51,21,24,42,18,45,56,49,19,35,10
62,47,28,40,66,48,19,34,34,22,22,36,50,41,51,47,39,63,45,55,26,30,45,18,46,52,54,19,34,19
54,47,24,47,66,49,19,45,41,18,18,41,51,24,53,53,37,63,46,54,22,27,37,19,46,62,53,14,44,18
58,40,31,52,60,51,31,41,42,14,26,36,51,34,45,43,36,60,51,46,21,30,33,21,49,55,58,15,39,23
66,50,29,43,64,59,20,38,48,12,23,34,52,40,53,42,39,61,48,41,18,32,34,19,40,56,55,21,40,15
55,48,30,40,70,61,17,38,36,20,26,35,54,35,46,44,37,59,49,53,19,22,45,16,42,58,63,17,36,21
58,38,31,45,67,53,25,39,34,20,22,37,48,45,43,48,34,61,47,36,17,39,45,15,49,67,54,16,43,16
65,40,30,42,67,53,26,29,42,13,22,39,55,41,44,50,36,55,32,47,24,32,41,21,42,59,56,21,42,26
54,43,27,46,62,53,24,35,42,26,22,39,52,41,53,39,33,54,44,51,21,32,38,19,51,60,56,17,38,20
65,43,26,55,67,59,14,41,35,19,26,41,50,29,46,40,31,59,45,52,18,34,47,21,41,57,55,16,40,20
62,46,18,41,67,50,19,34,32,16,33,46,49,34,44,43,40,54,50,43,21,35,46,23,53,54,54,22,42,21
58,50,33,41,67,52,19,37,35,18,29,36,52,35,44,40,40,63,45,51,22,31,32,21,44,57,63,17,39,21
57,50,35,40,63,48,16,37,41,14,34,40,55,36,51,49,25,61,47,51,22,24,41,15,50,59,54,18,38,21
52,41,34,49,68,52,23,37,41,15,27,36,54,35,41,50,33,54,45,49,18,36,44,21,46,62,57,17,34,21
59,36,27,44,66,46,12,39,46,14,27,39,54,35,45,42,38,54,42,52,17,41,51,16,46,58,63,22,40,21
61,49,38,42,71,54,21,33,32,18,24,36,56,31,40,38,33,52,39,47,21,36,43,17,53,61,58,23,42,23
63,50,31,46,63,51,14,38,38,9,29,36,48,37,45,49,36,56,44,53,19,31,38,18,40,60,58,24,43,25
60,54,31,44,61,57,18,33,43,17,20,41,57,37,55,40,37,58,46,44,18,30,45,21,38,57,55,16,40,19
63,47,36,34,61,65,26,40,35,14,24,38,52,37,43,50,35,51,50,48,14,31,42,14,41,62,58,19,44,18
59,42,24,50,65,50,22,37,40,18,26,46,61,40,47,45,31,53,40,52,24,29,32,21,42,60,55,18,41,22
59,36,30,39,64,64,20,37,39,16,26,49,56,38,45,44,30,50,38,62,20,35,36,24,48,56,60,16,38,17
63,43,28,44,61,54,27,46,35,15,23,40,56,33,46,44,47,52,43,44,18,39,44,17,42,62,52,17,39,18
59,50,31,46,66,59,15,39,41,14,26,40,50,36,47,58,28,60,41,44,17,35,36,15,55,54,52,15,46,17
59,42,27,47,64,61,18,31,41,21,28,45,51,34,56,37,36,60,48,43,16,32,35,15,50,54,58,22,37,24
55,43,30,46,71,59,26,35,37,12,23,42,52,30,51,43,32,53,46,49,25,28,42,19,39,58,59,22,43,22
63,51,25,43,61,58,22,37,32,15,21,40,48,35,52,47,36,53,38,45,22,33,43,17,48,67,63,16,42,19
60,38,21,44,69,59,23,28,44,15,25,39,55,49,47,49,39,52,46,43,20,39,32,14,48,61,55,18,42,18
56,50,19,39,66,47,23,36,35,20,25,43,62,36,39,52,40,57,42,52,25,31,45,19,46,56,51,25,36,19
57,42,33,43,65,47,21,31,38,15,26,42,57,42,40,48,30,58,44,56,20,27,40,29,42,54,54,16,48,27
60,52,33,44,64,58,28,37,36,19,21,33,58,49,44,48,27,51,49,44,16,29,45,25,43,60,54,14,36,15
47,52,32,45,71,58,22,32,39,19,21,38,49,34,57,42,33,62,39,48,21,29,39,18,47,53,62,20,47,16
65,45,28,47,67,58,20,34,43,13,26,40,51,42,48,46,34,54,39,45,16,36,49,17,40,52,53,20,39,25
66,46,32,41,58,51,21,42,35,17,25,33,53,38,55,46,26,58,35,54,21,30,39,19,44,56,62,23,43,23
60,54,35,48,66,57,22,34,49,20,20,35,49,39,51,42,33,52,41,44,15,32,41,23,44,52,54,16,40,24
61,48,34,40,68,61,22,37,39,22,23,31,48,37,47,47,30,65,33,42,21,38,33,20,48,59,53,19,41,25
56,48,26,53,64,60,27,25,39,26,23,41,47,37,39,47,39,60,40,41,27,28,43,19,47,60,59,15,35,21
54,50,27,47,67,54,21,32,38,17,26,37,45,40,45,43,34,58,44,48,21,30,43,20,43,61,59,25,44,19
62,56,23,44,67,55,19,47,32,20,29,33,50,36,45,42,36,58,38,50,23,34,42,16,53,57,55,13,35,22
61,51,31,43,62,61,24,33,32,15,25,36,54,37,53,49,33,52,50,49,20,30,38,17,50,59,54,15,42,16
61,52,27,46,62,64,27,31,39,24,25,31,54,33,43,42,30,56,47,47,25,32,44,22,39,63,56,15,33,22
60,50,34,45,64,53,19,35,40,21,20,41,51,37,47,46,37,51,41,50,21,34,40,21,43,59,54,21,42,15
63,51,34,40,61,57,28,35,37,21,29,38,56,31,48,48,32,52,49,52,15,25,42,15,48,59,54,15,37,20
54,51,26,51,66,62,26,32,32,16,24,43,53,33,46,47,31,57,42,50,19,37,32,19,53,56,59,10,49,16
60,47,26,43,63,56,18,34,41,22,31,45,47,39,48,43,35,58,48,47,24,28,39,14,51,54,57,12,42,20
59,42,37,51,60,53,25,43,38,18,18,44,52,36,42,45,35,61,44,35,16,36,34,20,46,67,59,20,38,18
51,49,25,41,66,56,18,31,42,18,29,42,51,30,52,46,30,62,47,46,20,34,44,22,50,54,50,16,51,19
57,43,26,44,69,56,23,36,41,17,30,40,57,42,46,48,37,55,49,44,15,25,36,22,43,53,61,19,38,20
60,49,33,36,71,58,19,23,44,17,27,42,58,38,47,56,29,56,49,51,20,26,38,13,41,62,55,21,35,18
63,45,27,43,64,52,18,38,48,15,30,40,57,35,52,44,36,50,45,49,16,31,36,15,47,60,53,20,39,24
58,46,31,46,69,57,21,43,39,18,33,34,50,38,44,42,30,62,41,50,25,32,43,11,40,60,52,12,48,17
55,44,25,53,59,42,29,37,44,23,28,32,53,41,47,51,40,59,42,46,21,29,38,10,44,58,59,23,41,19
58,48,28,40,64,59,27,32,39,19,24,34,61,39,46,43,30,57,43,51,18,30,38,19,37,67,61,21,42,17
59,52,29,52,63,55,30,29,39,13,20,36,56,37,48,46,42,61,37,48,22,22,46,19,44,55,57,12,43,20
64,54,25,36,64,56,26,42,36,17,23,33,54,34,42,47,28,59,47,45,20,25,44,29,49,60,60,19,34,20
58,46,27,52,69,53,21,33,48,19,28,35,46,39,43,50,35,61,41,45,21,27,32,20,42,60,63,18,37,23
54,51,30,44,61,58,15,41,42,18,21,41,54,35,48,39,31,59,49,54,21,30,40,18,41,56,62,15,46,18
55,47,33,47,69,62,25,31,37,14,33,37,49,35,46,42,39,63,40,52,17,25,41,18,36,53,57,24,44,21
59,49,25,50,69,58,17,35,37,21,20,37,54,34,44,50,31,55,46,49,20,30,34,19,49,59,52,17,48,24
57,45,31,45,64,63,19,32,39,20,24,42,49,36,47,42,29,55,44,51,21,30,39,20,50,57,58,21,45,17
58,47,27,37,65,49,16,38,43,13,23,42,47,37,53,54,42,54,43,38,24,30,45,17,51,58,58,24,42,17
60,45,21,51,66,58,19,39,39,22,25,38,52,42,46,48,37,61,44,37,26,30,36,15,42,48,58,18,45,24
57,42,36,48,64,48,20,35,48,14,25,40,50,37,50,48,35,45,38,50,25,31,34,21,40,56,53,28,47,27
55,51,34,48,63,53,18,32,44,19,20,46,54,38,47,54,31,64,39,36,25,36,42,14,42,60,56,15,40,16
58,43,34,49,61,52,20,37,40,14,25,45,53,40,40,49,29,55,51,54,22,28,44,17,42,57,59,16,33,25
56,42,27,43,67,54,23,41,38,15,26,49,54,36,51,49,39,59,39,44,24,30,28,16,47,56,62,20,41,16
55,51,30,49,67,53,25,28,40,18,23,40,50,38,48,45,30,60,36,45,21,35,36,19,46,62,52,19,45,26
57,47,36,43,65,56,21,42,26,20,29,27,51,35,57,43,37,56,41,40,20,34,36,19,43,60,61,20,49,21
56,38,33,43,65,59,17,37,37,26,25,42,45,32,49,49,42,51,43,46,20,30,40,17,46,69,49,18,49,19
61,44,29,48,64,57,22,28,34,12,25,42,56,37,42,53,25,56,48,47,14,34,36,22,58,62,56,20,40,20
63,53,28,46,65,58,18,25,36,13,25,39,55,39,49,41,40,58,47,49,15,33,35,20,44,58,60,15,45,20
57,49,28,44,70,52,23,39,36,24,26,36,46,36,46,47,30,58,44,53,23,27,43,18,42,59,56,24,43,13
56,54,18,42,60,56,29,37,32,11,26,33,57,36,45,42,35,57,52,52,18,36,37,18,45,58,63,29,40,18
52,53,27,36,62,60,30,37,34,21,27,33,51,34,56,50,34,51,49,43,17,30,38,21,52,56,52,22,44,20
64,55,30,46,67,49,25,33,45,19,18,45,50,32,53,46,37,48,36,50,18,34,40,18,40,55,54,16,47,22
62,45,27,44,63,59,19,40,42,12,29,44,60,33,50,34,31,58,47,52,13,31,38,19,38,59,52,23,47,21
49,45,35,47,65,50,15,45,46,19,24,45,52,39,45,46,37,63,42,48,18,26,42,17,48,63,47,12,44,18
63,47,33,42,65,53,22,37,33,22,23,43,55,34,41,50,31,56,49,43,27,27,46,17,45,58,55,21,39,15
59,51,34,50,64,56,20,36,42,14,25,46,49,41,50,36,32,49,41,48,19,32,33,20,48,56,59,18,46,18
65,35,24,48,63,52,22,39,31,21,24,38,57,36,50,42,30,60,44,49,24,37,38,18,39,64,59,19,42,22
61,52,22,46,67,56,22,33,41,18,18,50,49,35,45,49,31,62,46,50,17,31,37,16,50,54,56,24,38,16
60,49,35,34,66,53,20,31,41,11,23,42,44,38,49,47,38,60,45,50,20,32,49,21,41,58,53,16,43,23
57,38,34,41,65,51,23,35,33,20,28,44,50,39,45,43,40,59,53,42,22,30,31,21,47,62,60,17,43,19
55,46,32,46,69,57,28,32,39,20,23,42,54,39,42,49,37,56,38,45,20,25,41,17,41,63,57,14,41,24
59,45,31,34,62,60,23,42,32,13,27,42,57,36,46,42,30,54,43,49,22,30,42,20,54,57,51,26,40,23
57,56,29,44,70,53,27,39,36,24,22,37,54,41,40,40,34,61,35,48,22,35,32,17,44,52,60,17,44,22
56,52,31,41,70,58,22,39,45,14,30,32,47,27,47,46,29,57,39,56,9,35,43,19,41,55,58,26,48,20
61,44,32,48,64,49,20,30,40,14,24,38,54,43,43,55,37,60,49,39,28,22,41,21,51,58,52,19,39,17
56,46,22,45,69,47,21,37,49,16,25,36,50,40,46,42,35,60,48,50,21,29,36,21,47,58,58,21,46,15
58,47,24,33,63,62,19,42,40,22,27,38,46,36,44,46,41,59,43,55,19,33,36,23,51,56,53,18,37,21
57,42,29,45,65,55,23,31,37,22,31,35,58,39,47,50,32,55,39,47,24,28,45,18,44,56,53,23,38,24
66,43,31,46,68,56,17,35,33,16,25,40,54,31,51,46,36,50,49,48,16,28,40,15,45,62,60,23,43,19
51,42,33,47,72,52,18,32,36,19,31,42,54,38,49,39,36,54,36,51,17,38,40,22,49,56,56,21,41,20
51,44,31,44,69,56,24,38,41,13,24,42,52,32,49,42,32,57,47,51,21,33,39,14,50,53,59,22,39,23
60,49,29,33,70,54,15,39,37,21,26,43,54,29,41,51,29,59,46,49,23,38,44,17,43,55,58,21,42,17
59,43,22,40,63,59,19,40,40,20,23,38,51,36,52,36,34,51,48,48,24,33,40,19,48,62,60,20,46,18
51,44,33,42,69,59,28,38,29,17,22,27,54,41,46,41,33,58,49,56,16,27,34,23,46,56,66,19,46,22
62,50,32,38,63,55,22,35,41,19,20,45,47,42,49,52,27,57,50,46,21,32,36,16,45,59,54,21,33,23
57,46,26,49,61,57,29,33,41,15,20,38,52,30,41,46,42,60,48,41,23,26,42,24,42,59,56,16,43,29
56,53,25,43,64,60,26,42,39,15,27,39,53,33,55,50,31,56,49,49,19,27,34,16,48,52,52,16,42,21
53,52,27,44,68,58,21,31,35,18,31,42,56,42,46,37,40,52,43,45,25,38,38,23,47,56,54,16,39,15
64,47,27,42,64,58,18,43,39,11,24,32,57,32,43,50,35,50,49,48,23,36,41,17,42,56,57,20,44,23
59,46,26,43,64,55,22,33,34,17,25,40,49,36,54,40,43,63,39,45,26,25,40,21,43,57,63,17,44,23
55,51,34,47,67,45,22,39,29,15,20,42,52,37,53,50,35,57,46,45,16,27,42,19,40,59,62,18,40,28
57,50,20,44,61,61,24,38,43,19,27,36,54,41,41,34,27,60,43,54,19,30,38,25,52,55,58,12,45,24
56,39,29,44,66,63,21,29,41,19,27,40,52,36,50,43,32,57,44,55,16,35,43,21,44,54,61,17,38,20
58,55,28,37,65,49,25,44,43,14,25,38,46,38,50,52,33,60,36,48,21,33,45,13,45,55,57,19,35,25
64,46,21,39,66,55,24,35,36,20,19,38,55,28,50,42,37,63,42,46,23,34,41,20,51,59,51,18,44,25
56,47,32,45,67,64,25,29,36,22,23,37,52,39,47,47,33,60,45,49,19,32,29,21,47,57,58,22,32,20
59,55,28,43,68,58,21,41,42,16,28,40,49,37,42,45,30,59,39,45,18,25,41,17,50,52,57,16,53,18
61,54,33,43,71,63,18,30,41,17,25,39,47,35,39,37,40,56,46,44,19,32,42,23,48,51,61,20,42,15
58,53,26,43,65,50,21,34,37,16,29,36,53,34,46,47,37,57,45,45,15,40,40,18,48,60,61,18,45,15
59,46,36,40,59,51,18,42,43,25,30,39,49,35,39,42,30,60,48,52,18,37,44,15,41,66,51,22,35,20
59,47,31,43,63,63,23,26,40,17,22,42,47,38,50,44,31,55,41,48,21,32,40,16,49,58,58,24,45,19
57,51,23,40,68,55,28,36,44,16,27,43,54,38,49,42,33,64,36,41,18,35,40,19,39,64,54,17,43,18
63,46,31,38,67,57,20,41,42,21,31,43,50,35,41,47,33,59,45,45,23,31,39,19,51,57,57,14,34,12
60,48,31,46,70,56,27,29,37,17,22,40,47,23,54,41,39,54,46,56,22,33,36,20,52,56,49,18,45,18
58,56,24,43,70,55,23,38,36,17,23,44,57,38,35,45,46,55,44,47,15,30,29,17,43,62,54,24,44,20
54,47,25,46,66,58,16,40,40,18,26,44,54,40,39,48,39,55,41,43,26,30,39,12,46,63,58,16,43,20
54,48,33,52,66,49,20,38,39,18,29,31,57,47,52,54,33,51,47,53,23,25,33,18,44,50,54,19,38,17
60,53,34,41,59,48,20,35,35,16,22,38,47,29,43,45,42,64,51,46,22,30,40,24,45,61,58,24,38,22
61,45,26,47,59,54,24,37,40,16,23,38,48,37,50,48,33,59,46,45,22,31,42,21,43,57,61,21,42,16
60,45,30,45,67,62,18,38,41,21,28,44,57,29,45,39,35,48,45,54,27,33,37,20,44,67,48,14,37,14
57,43,30,49,65,54,20,31,41,21,24,29,52,39,42,51,43,62,44,45,16,27,37,20,46,53,62,18,48,23
62,47,31,49,65,59,21,33,37,15,19,46,50,36,49,40,30,58,47,42,19,24,36,12,52,64,58,21,46,24
60,48,26,48,58,58,19,38,39,19,26,39,52,30,45,46,43,53,51,52,18,30,40,18,44,54,56,19,46,17
64,34,31,51,59,56,19,32,46,19,24,39,55,34,49,43,32,63,51,42,23,35,36,18,44,58,53,21,47,14
57,42,27,40,66,56,15,36,39,19,28,31,59,34,49,49,39,60,45,48,22,34,41,23,41,53,53,18,51,17
57,44,32,45,65,62,19,30,41,19,30,38,52,37,43,48,37,58,42,48,16,31,35,23,51,61,54,12,39,23
56,47,28,42,66,56,26,36,41,17,21,40,43,45,44,38,38,61,51,50,20,31,42,24,49,59,49,19,38,15
60,45,35,40,63,59,13,36,41,14,31,38,49,35,42,47,36,57,52,54,22,30,31,20,45,59,59,19,45,15
63,49,23,47,69,56,24,36,36,13,22,42,53,35,48,50,35,58,39,50,18,30,32,23,48,63,48,16,45,21
61,48,17,46,64,52,19,42,43,13,31,36,44,34,49,54,34,58,45,49,17,31,42,18,40,63,60,14,48,20
60,51,31,46,70,55,27,31,46,20,24,37,59,36,43,46,27,53,48,48,22,27,33,17,52,62,50,16,43,12
65,44,30,46,66,57,30,36,41,16,28,35,52,34,43,44,41,55,44,46,20,27,37,15,45,58,57,18,39,23
59,46,31,45,65,56,25,42,33,17,26,45,51,36,48,49,26,64,43,42,19,37,32,24,35,59,58,19,36,24
64,45,31,46,58,59,17,38,38,18,25,36,51,41,49,45,29,60,44,47,22,30,37,18,49,55,51,17,46,26
58,40,22,50,65,50,20,35,39,17,25,42,48,42,50,50,30,54,41,55,19,34,37,22,51,54,57,19,44,22
54,46,33,37,65,55,20,38,29,19,30,39,58,41,52,44,35,59,49,43,21,27,45,20,43,59,53,16,40,22
58,50,28,52,67,56,19,34,40,15,25,43,45,31,48,45,34,50,56,47,19,34,38,18,46,57,53,18,48,18
57,44,33,41,66,59,31,36,43,21,26,38,53,28,47,36,31,57,39,48,20,33,34,20,46,63,60,21,36,25
61,50,35,43,64,53,23,34,37,22,20,41,56,41,46,49,35,55,43,47,19,36,37,17,44,55,61,13,40,15
53,52,28,50,69,58,23,35,37,11,23,35,53,39,53,42,30,53,41,52,22,35,33,24,51,64,52,22,38,14
55,40,32,39,70,55,23,37,45,18,24,32,56,34,52,47,31,57,43,46,26,23,42,29,42,59,61,13,44,17
56,47,25,43,68,55,26,34,45,13,20,38,50,40,49,43,35,58,40,48,19,26,38,21,45,66,59,15,54,16
56,49,26,37,69,55,25,37,37,17,25,38,57,44,48,40,35,60,42,44,25,33,41,16,45,62,57,19,36,17
55,48,38,41,62,55,22,33,39,15,21,45,53,27,46,45,25,59,43,47,25,41,41,18,39,61,57,28,46,17
56,62,27,42,64,54,23,37,37,18,22,46,54,33,45,38,34,59,43,54,20,34,41,14,42,50,59,23,42,19
61,45,32,51,61,55,17,37,39,18,24,37,55,31,42,44,38,56,48,49,23,32,41,23,38,51,58,20,47,19
64,48,30,45,61,51,19,35,37,17,23,35,60,38,51,44,27,47,46,54,23,34,42,18,41,55,56,26,47,18
61,49,22,48,67,60,23,35,43,21,28,47,50,33,50,41,36,55,50,46,17,24,33,15,47,57,58,16,38,22
47,52,27,38,69,66,23,36,35,19,23,42,57,37,51,50,32,51,45,49,22,28,39,17,44,58,56,18,38,23
56,47,24,40,76,52,23,39,45,15,23,38,57,36,44,46,28,54,41,50,24,32,44,19,53,58,60,18,35,15
61,41,30,47,66,56,19,42,39,17,27,43,48,37,41,48,37,50,48,56,19,28,37,17,39,63,58,16,37,25
60,48,28,42,69,64,18,33,41,17,21,38,50,38,45,45,36,48,45,52,19,28,39,21,49,54,58,26,40,20
60,52,20,44,63,56,19,39,37,17,19,31,47,41,47,43,35,61,47,49,26,33,41,17,36,60,57,22,45,28
65,45,24,46,70,54,22,32,43,24,27,37,52,38,40,44,33,59,47,52,16,34,42,16,45,59,51,16,40,19
60,46,31,49,62,56,20,33,28,15,29,37,49,45,46,47,39,55,44,49,19,31,39,20,54,49,56,15,46,23
57,38,35,45,64,60,20,41,43,14,18,38,54,37,43,51,36,54,40,50,23,30,32,19,53,53,61,17,46,20
56,49,34,50,68,56,25,33,30,11,27,38,53,34,43,42,36,58,38,47,22,31,42,17,45,56,65,24,40,22
62,43,30,40,62,56,20,41,41,23,25,46,42,44,44,44,37,46,39,42,21,30,38,21,41,62,57,27,50,18
64,45,29,50,66,60,26,32,36,16,31,37,55,35,43,45,28,49,45,43,23,24,37,21,46,60,63,23,40,20
65,49,32,51,63,57,18,41,36,17,16,45,61,31,40,41,29,54,41,48,20,24,51,24,48,53,59,20,38,20
62,42,32,49,57,53,21,32,32,15,24,38,54,45,43,54,30,52,50,52,22,37,40,16,45,61,54,18,44,18
57,42,24,37,71,60,23,38,32,21,23,37,55,38,52,55,37,56,44,47,29,25,42,17,44,55,52,13,45,21
55,46,37,47,75,51,28,36,36,12,24,39,59,42,48,44,33,55,38,52,23,26,38,14,49,57,56,13,39,20
58,52,27,46,60,50,23,32,43,15,23,35,58,38,53,51,37,60,47,47,23,30,37,19,42,60,49,17,39,21
60,49,28,42,66,60,22,31,46,16,29,35,44,29,47,45,31,51,43,45,30,32,43,25,44,66,50,22,41,20
54,42,30,42,63,53,18,40,38,14,25,46,56,36,46,47,35,63,48,52,23,27,30,17,45,58,57,19,49,19
58,44,31,44,68,55,21,35,32,16,34,43,54,38,41,44,30,52,47,43,26,32,38,18,51,55,61,17,40,24
65,47,33,48,62,62,22,31,37,18,32,34,42,39,51,41,35,59,41,42,17,29,40,20,46,58,54,19,47,21
60,49,33,42,62,56,22,42,33,10,30,31,55,38,56,37,31,59,45,52,17,37,42,19,46,58,54,22,33,21
64,50,33,48,60,53,19,34,34,10,26,35,47,40,44,42,37,61,44,41,22,34,49,13,55,55,63,24,34,21
55,46,38,45,65,59,28,41,32,11,24,41,53,31,43,52,34,58,47,45,17,40,42,14,44,60,52,19,37,19
56,49,29,43,65,50,17,35,40,16,21,31,48,34,50,43,42,59,36,45,22,40,38,19,53,65,61,23,40,22
60,52,25,46,64,55,26,38,39,11,23,33,44,36,49,50,40,58,33,46,17,31,33,24,45,63,61,25,40,25
55,51,32,40,62,56,19,42,37,18,23,48,56,38,44,47,38,53,43,48,22,36,43,10,49,56,59,20,34,13
59,48,26,37,61,56,24,31,42,23,21,35,52,33,53,52,31,57,43,41,21,29,46,26,52,53,64,19,43,14
57,48,34,50,60,56,18,34,33,13,22,48,56,40,51,37,38,62,48,49,19,33,39,19,45,58,60,13,37,15
57,44,30,47,66,56,13,41,39,20,34,43,52,44,49,39,31,53,51,54,19,29,43,16,38,49,57,17,39,22
60,51,34,39,70,50,21,38,33,20,26,47,43,37,47,32,33,63,45,45,21,29,41,19,49,60,58,22,43,16
60,51,31,51,59,46,19,35,41,18,24,39,47,40,53,46,33,53,49,54,20,29,30,16,42,61,59,22,47,17
60,45,36,41,66,62,26,38,37,19,28,42,54,31,49,43,40,57,41,44,14,31,44,14,37,57,60,21,40,15
55,43,39,40,67,58,29,39,33,17,26,37,55,33,52,42,33,53,53,53,24,29,36,16,43,53,57,17,40,20
51,44,35,46,66,46,21,40,38,18,25,30,53,34,45,48,37,61,42,50,28,33,33,23,51,62,59,16,36,21
58,50,22,46,66,58,26,30,41,26,13,41,55,44,49,39,36,55,48,48,15,30,40,15,42,58,56,21,44,20
57,47,35,42,63,55,24,38,53,14,23,37,50,40,47,46,33,53,44,42,23,30,41,19,47,59,49,21,37,23
60,42,27,39,69,62,18,35,33,23,25,38,57,40,44,49,29,53,50,45,28,34,42,14,38,62,53,15,49,19
62,43,28,41,61,60,24,35,37,14,24,35,57,35,47,38,38,60,42,53,19,24,40,26,46,52,58,21,48,24
52,42,36,43,61,55,26,40,42,19,22,44,58,35,48,45,28,57,40,46,22,32,44,19,41,58,56,21,39,21
56,42,22,42,74,55,22,30,36,23,21,36,54,35,43,41,38,53,54,45,19,32,36,18,49,59,62,25,47,23
58,56,27,43,62,56,25,37,35,11,21,38,44,38,46,52,32,65,48,46,22,35,42,15,46,60,56,18,41,17
59,51,35,45,63,52,20,34,42,21,23,40,46,38,44,41,38,54,54,52,27,24,37,26,49,57,56,15,32,17
54,47,30,48,61,51,29,40,37,15,29,34,63,44,46,41,35,59,50,47,14,37,42,17,39,55,51,16,40,21
53,52,24,44,68,54,26,40,44,15,23,41,49,30,46,40,31,57,48,52,24,30,45,14,45,63,58,21,37,18
52,48,32,44,65,57,27,37,42,17,24,32,43,37,48,46,35,51,48,52,20,32,41,20,42,58,60,24,37,21
60,53,26,49,67,60,19,35,31,22,32,41,50,39,44,45,39,56,42,52,21,34,28,19,37,51,53,16,44,27
58,42,28,47,70,56,26,33,41,19,23,35,50,31,45,45,37,57,38,51,23,34,37,20,45,57,59,22,44,19
63,45,34,41,66,59,20,37,39,12,29,44,51,34,41,38,39,66,36,42,28,35,45,16,40,55,52,20,42,23
60,42,33,45,67,53,19,37,40,15,28,39,59,35,44,48,33,56,50,45,17,39,40,17,41,57,58,20,40,15
58,51,29,46,70,56,17,38,37,20,31,33,48,40,55,45,35,52,41,50,12,28,41,18,46,56,58,17,42,22
51,46,31,52,64,59,18,36,37,20,25,45,52,30,43,50,41,58,48,51,19,34,44,23,33,50,55,17,42,18
58,43,31,38,64,57,19,38,41,19,21,38,54,43,50,55,30,60,37,42,18,31,48,15,54,58,53,18,44,15
60,42,35,41,68,56,17,42,42,13,27,45,48,42,38,41,35,58,43,48,17,26,42,23,40,61,60,14,46,22
56,49,25,44,64,53,19,35,44,25,27,28,53,35,46,49,33,61,44,42,27,34,41,16,55,55,49,17,42,24
53,48,29,50,67,60,20,38,39,20,19,41,52,42,49,37,30,59,41,40,13,31,42,14,46,63,64,24,41,20
61,49,27,46,68,60,26,35,38,12,27,36,47,40,38,42,33,53,47,51,21,39,39,19,42,58,55,20,44,19
54,54,32,48,64,54,21,33,35,20,28,39,47,31,49,36,38,51,40,51,20,34,40,22,48,59,57,19,50,18
52,48,24,41,66,50,21,40,35,21,24,45,48,28,51,49,40,60,46,53,23,21,47,18,40,57,58,24,48,14
65,50,20,46,63,55,31,32,35,18,25,32,45,35,53,42,26,54,45,60,20,26,42,25,55,62,57,17,39,17
55,52,32,42,63,56,29,29,43,16,23,42,57,33,49,48,39,55,45,47,21,25,44,18,48,53,50,19,43,16
57,49,24,51,63,59,17,36,47,21,28,35,53,38,43,47,36,58,42,57,22,27,43,15,44,52,57,15,37,19
61,42,27,39,70,53,16,34,41,18,26,40,61,43,48,40,30,58,47,53,16,36,35,20,50,60,60,19,37,12
58,54,36,44,62,56,18,44,35,23,19,36,49,36,43,53,34,53,47,47,23,30,38,21,44,52,53,20,44,20
56,53,29,46,58,64,23,33,39,12,27,40,52,43,50,46,38,53,43,51,23,21,41,18,47,55,58,12,42,19
64,43,20,42,65,60,25,37,35,17,29,36,50,38,45,39,38,59,46,47,17,40,33,24,48,54,50,18,50,23
58,45,32,45,71,56,19,38,42,12,25,34,55,31,53,52,36,57,43,49,24,19,45,18,50,56,59,14,36,18
57,52,22,44,65,52,23,37,44,18,20,44,63,35,48,45,34,56,41,45,19,29,47,19,38,57,51,23,43,21
63,52,26,43,67,48,25,36,39,19,29,42,52,37,45,45,36,50,48,42,25,28,31,21,43,63,54,20,43,20
52,42,33,50,65,57,22,27,44,15,22,36,53,42,51,49,39,58,41,48,27,27,35,20,49,53,58,18,39,20
57,43,22,52,58,56,23,35,31,12,24,43,53,41,55,50,37,51,54,48,25,30,44,16,45,55,54,24,38,16
49,48,36,46,66,48,20,37,32,9,22,40,55,37,47,47,35,64,50,50,17,37,39,16,61,61,56,14,37,16
60,53,29,40,64,62,15,42,41,21,19,37,51,28,48,44,35,58,49,45,16,35,43,17,50,58,52,21,43,16
54,54,26,52,67,55,24,35,37,19,34,34,57,38,48,41,41,57,48,45,18,35,37,16,48,59,54,15,34,10
56,48,28,39,63,58,15,40,43,15,21,46,56,28,48,54,32,60,38,44,26,35,38,15,52,58,57,19,37,23
54,49,30,51,63,61,26,34,35,18,19,41,55,41,49,42,27,58,50,51,18,32,45,20,45,55,54,23,30,16
58,37,30,45,67,58,26,33,40,22,24,34,52,40,46,34,37,54,52,45,17,32,43,20,45,61,61,23,36,20
57,46,30,47,65,54,20,44,41,11,24,44,55,42,42,52,35,56,34,50,16,34,37,18,41,56,57,20,45,19
58,51,29,43,66,45,23,43,43,18,28,36,52,31,50,45,38,62,50,51,14,34,46,15,48,56,48,17,38,14
56,42,29,48,63,55,24,37,40,19,27,38,55,38,44,44,39,52,46,46,19,29,37,19,54,58,57,17,39,21
54,54,35,39,68,58,23,38,40,16,26,35,48,46,44,45,32,53,39,41,18,24,40,15,58,55,56,12,53,27
55,52,35,38,66,59,20,27,40,19,20,41,52,32,44,48,38,59,48,47,22,31,36,16,54,52,60,19,43,19
56,38,27,47,58,51,21,41,36,18,29,38,54,30,45,53,45,55,56,51,26,23,42,13,52,57,56,12,43,19
58,48,23,44,61,57,31,40,35,12,29,36,56,41,47,48,37,49,47,47,20,42,30,15,49,60,59,12,40,19
55,45,40,42,61,57,21,34,43,11,27,36,52,30,52,35,38,54,49,53,20,33,40,17,48,55,57,20,46,21
54,44,31,38,66,62,29,30,37,17,23,39,49,35,46,42,44,56,44,47,16,39,41,17,49,59,55,22,42,19
61,49,30,52,55,57,24,36,39,15,25,33,52,36,45,55,38,55,46,37,16,30,42,24,48,50,63,20,45,14
60,44,32,40,64,58,26,38,35,21,24,47,53,30,50,38,35,60,32,46,19,27,38,22,51,53,58,20,45,26
58,43,28,53,63,55,26,33,29,18,32,32,59,36,47,42,29,52,45,46,22,31,44,22,48,61,55,19,41,23
57,52,29,47,65,58,22,40,34,16,23,35,48,35,51,39,38,55,45,46,24,31,37,21,42,59,56,17,47,23
64,45,34,49,67,59,22,35,40,23,24,34,50,32,44,47,31,51,49,41,15,32,47,16,54,63,61,10,38,15
60,49,27,47,62,50,23,36,37,17,20,38,55,40,49,55,39,54,47,48,17,33,34,17,47,59,50,18,47,17
53,48,27,46,62,49,26,31,44,16,25,38,60,31,57,41,40,58,36,47,19,30,43,27,44,58,59,19,37,21
59,51,26,43,67,59,18,25,47,17,24,34,55,36,50,36,42,55,48,49,21,30,39,16,45,60,59,18,41,22
62,45,30,44,61,46,16,32,45,18,30,44,60,44,38,39,38,54,36,46,23,31,39,21,51,56,58,19,45,21
64,46,23,45,66,46,21,35,38,21,24,48,56,34,44,44,32,56,45,56,25,37,30,15,47,56,53,23,41,21
63,52,28,45,54,57,21,36,39,17,36,32,52,36,54,50,34,54,40,52,11,37,44,17,43,54,54,19,41,20
57,54,26,34,66,51,28,35,41,20,29,43,53,43,44,39,31,52,47,44,20,26,38,19,56,53,52,22,46,23
61,56,28,40,67,60,26,37,37,14,25,40,50,37,51,38,35,56,47,51,21,30,40,18,42,61,51,18,37,18
66,50,34,47,61,52,23,35,37,14,22,40,50,40,44,44,37,54,43,53,16,38,35,17,48,56,56,17,43,20
57,56,23,51,69,60,25,38,37,12,24,32,54,44,38,51,29,52,38,47,18,34,33,20,54,55,56,22,40,23
60,41,35,46,63,42,26,37,46,15,24,38,57,46,53,48,25,61,46,50,12,30,36,20,42,57,58,19,40,19
62,45,27,47,73,56,27,26,44,17,27,42,56,44,45,52,29,55,43,46,20,28,38,17,41,57,55,15,40,18
63,44,31,40,61,59,22,42,44,14,23,46,54,34,44,38,39,59,43,47,23,24,37,20,46,62,52,22,43,16
57,50,28,50,61,58,23,43,32,19,25,43,47,34,48,41,30,57,47,45,23,30,40,16,44,58,56,21,43,23
54,55,26,44,63,49,13,31,44,22,23,43,42,45,46,48,33,58,36,47,17,32,37,19,53,66,54,25,47,20
61,53,27,39,69,55,14,30,44,21,28,44,52,42,42,49,40,51,45,47,23,35,47,11,44,52,56,18,38,15
58,48,26,44,63,54,24,39,34,19,27,39,45,37,51,42,33,50,47,49,21,31,38,21,54,59,58,20,39,22
60,46,28,40,63,52,18,44,36,17,29,42,52,30,49,51,32,52,55,55,20,34,44,14,47,57,53,15,38,19
55,48,27,42,63,49,33,32,36,20,25,44,51,39,47,47,43,57,48,44,17,25,43,18,48,64,50,16,42,19
52,52,27,40,64,63,13,40,37,23,25,44,56,30,47,51,31,64,41,45,25,29,43,12,42,60,49,21,43,23
60,46,34,42,66,56,21,36,41,12,29,44,52,42,46,43,28,52,43,47,19,30,42,19,53,63,52,11,41,22
61,43,32,46,69,59,22,33,33,19,19,38,45,28,49,35,42,64,50,53,16,37,39,19,44,55,56,23,41,22
68,51,24,44,66,57,30,40,44,19,29,36,53,39,48,51,28,53,39,47,13,28,45,24,31,52,57,23,41,12
60,47,29,49,64,59,17,43,43,21,28,43,52,33,47,37,32,50,46,43,21,37,39,21,47,56,52,14,41,21
58,45,35,38,67,53,22,42,38,11,18,38,60,35,40,42,39,57,44,49,19,30,38,21,48,63,52,23,51,16
56,36,35,52,67,55,24,36,30,20,25,43,52,37,50,44,27,60,46,54,25,41,38,21,39,60,47,15,41,16
60,48,30,46,66,56,22,35,33,15,22,33,54,35,45,44,38,59,44,46,19,28,45,17,53,57,60,21,41,20
58,47,25,47,60,53,20,40,38,17,26,36,50,39,46,42,37,57,48,52,20,32,44,23,40,64,55,18,38,20
51,50,36,43,61,55,22,38,43,20,25,40,52,37,46,40,36,53,46,50,19,26,33,19,49,57,52,25,46,22
64,43,31,43,59,56,23,26,43,22,23,45,46,35,51,47,38,56,41,55,22,33,29,14,50,49,64,19,46,19
61,42,28,43,64,54,22,42,37,18,26,39,60,35,40,44,33,57,40,53,24,35,33,24,55,52,61,18,33,19
70,54,29,39,54,58,25,39,25,16,23,43,51,34,50,45,31,57,46,48,22,30,42,16,45,62,59,18,46,15
63,48,23,43,66,58,19,35,48,21,23,44,50,31,53,47,38,59,36,44,16,37,43,16,43,58,56,18,40,16
61,48,32,52,68,54,23,33,35,18,16,32,53,32,47,40,34,59,44,50,25,35,33,19,46,59,55,24,44,21
61,47,32,38,63,54,23,32,33,18,28,36,47,40,43,43,38,58,49,51,16,34,40,10,47,67,55,17,46,26
60,50,29,43,65,52,29,42,38,16,21,43,57,37,55,46,30,57,43,42,18,35,37,17,48,50,60,18,33,21
55,49,32,34,65,52,20,38,40,24,28,43,49,34,43,53,38,60,46,49,20,32,31,13,48,57,60,19,46,14
54,51,31,53,62,59,21,41,43,15,21,40,51,33,43,43,34,55,48,52,22,21,40,21,44,60,53,24,39,18
58,45,31,44,64,55,12,37,43,11,26,34,52,40,51,48,31,61,42,52,15,25,51,19,48,66,54,15,40,22
62,50,37,41,69,60,16,34,30,13,32,32,60,37,49,53,28,54,38,56,20,28,42,16,40,53,55,16,45,26
60,51,23,53,61,57,33,38,42,17,31,40,52,29,42,45,35,55,46,44,15,34,38,18,38,55,59,18,43,20
61,48,34,40,73,48,21,38,37,18,29,39,54,38,50,47,34,50,33,59,18,31,45,26,40,62,49,15,36,19
52,47,26,39,66,55,22,31,39,23,25,41,58,34,47,48,30,54,49,43,16,39,42,16,45,61,60,23,35,26
53,45,27,42,65,58,23,33,48,18,25,35,50,39,58,47,34,58,42,49,15,27,42,20,40,51,56,24,51,17
57,37,34,47,64,64,26,28,44,17,26,42,53,42,47,41,36,56,54,49,20,30,44,15,43,52,55,16,36,17
58,53,30,46,67,54,26,38,31,16,29,36,44,46,51,43,31,56,49,48,24,32,35,17,48,59,56,18,36,15
61,41,32,49,63,56,19,36,33,22,29,35,52,31,51,37,27,54,49,49,19,28,39,20,52,56,60,24,45,23
59,46,28,39,69,57,23,38,30,18,23,42,59,40,47,46,34,51,45,51,22,38,42,19,45,53,54,16,39,19
61,46,30,44,62,57,23,28,44,12,25,46,61,34,47,49,28,58,48,44,26,28,44,16,41,63,57,14,31,25
48,45,30,52,66,55,20,37,47,21,19,35,43,41,45,45,34,60,49,47,20,28,44,22,50,58,52,17,37,25
62,44,34,40,66,53,21,38,39,16,25,41,53,34,38,49,41,49,52,43,20,30,41,24,54,58,49,15,42,21
60,49,32,37,67,58,19,37,44,24,25,29,53,37,48,49,28,55,45,48,16,36,36,21,38,57,58,16,46,24
58,48,31,49,67,58,25,38,33,13,16,41,58,39,48,45,36,58,40,45,26,26,43,15,52,58,57,13,43,13
59,50,33,38,67,59,19,38,29,20,25,44,46,35,51,44,36,57,48,45,16,27,43,27,47,59,51,17,42,20
58,50,24,45,68,51,17,35,36,17,31,34,50,32,47,55,38,51,44,40,18,38,36,22,48,61,62,18,43,23
63,52,26,41,67,56,21,31,36,19,27,36,45,43,36,46,38,64,46,49,20,24,46,18,45,57,54,23,43,20
61,47,31,47,66,53,16,39,37,20,22,31,46,35,39,44,46,59,52,41,19,29,39,18,44,64,56,20,49,22
57,52,29,47,63,54,23,34,38,17,23,36,51,46,52,47,39,52,40,42,16,35,35,20,41,66,56,17,42,22
61,51,33,45,69,53,28,31,35,15,26,38,49,45,38,40,37,55,43,51,22,25,37,16,51,53,59,20,41,25
57,45,30,47,63,57,17,42,43,16,23,35,51,30,44,49,36,55,49,42,19,31,41,21,48,57,57,21,42,24
60,48,29,45,63,55,19,32,37,15,22,40,62,41,56,39,32,56,40,55,19,34,44,18,46,54,55,17,44,15
60,46,26,49,67,51,21,37,48,16,20,37,51,29,50,38,38,66,40,49,21,25,46,15,50,62,56,20,43,15
55,53,27,37,69,56,21,39,43,13,29,39,51,41,51,43,37,55,40,50,23,23,45,18,46,57,59,13,41,18
55,50,31,42,58,60,26,35,44,15,22,40,56,32,45,43,30,58,51,50,21,30,37,23,48,65,54,14,34,23
58,47,30,43,67,57,19,35,41,15,22,45,53,40,47,45,32,55,45,52,22,30,42,16,39,62,57,15,43,18
69,49,27,37,62,53,25,37,38,20,29,41,57,34,50,50,36,59,37,54,24,28,39,16,41,50,52,18,47,13
58,51,33,41,67,54,21,35,36,13,24,36,46,40,47,50,33,57,49,50,23,28,35,14,52,63,59,19,38,20
64,53,24,44,67,51,23,39,40,18,18,43,52,41,41,41,33,57,51,44,16,35,40,23,47,56,52,18,41,20
55,55,34,35,64,60,24,37,43,25,19,34,53,39,45,51,42,52,38,49,19,30,28,16,38,59,58,24,43,23
61,44,31,48,63,60,30,36,39,18,21,36,51,41,44,41,30,55,45,43,18,37,36,20,50,57,58,21,38,20
60,47,29,41,56,57,28,40,36,22,28,43,55,39,49,43,34,54,45,52,21,27,37,20,44,60,61,13,35,16
59,40,26,50,64,55,23,35,40,12,26,42,53,32,43,43,37,62,43,48,22,30,41,20,39,68,56,23,38,22
55,45,27,43,66,59,27,36,44,10,28,35,60,25,37,47,38,60,45,54,22,28,44,15,47,54,60,21,36,24
57,52,36,38,61,61,24,40,40,15,30,36,50,41,60,42,35,62,36,50,18,28,45,17,44,51,59,15,31,18
57,49,32,49,67,49,35,36,44,19,26,41,44,42,47,41,30,53,36,42,22,27,36,17,46,60,61,21,46,17
56,44,33,48,69,57,17,37,35,22,14,33,52,44,47,45,41,56,47,47,20,33,45,15,44,52,58,12,47,22
63,47,31,47,65,56,23,33,41,15,23,43,53,32,48,41,28,51,45,50,20,34,36,18,47,60,55,17,47,23
57,47,25,49,67,58,17,38,40,22,22,43,55,36,42,44,33,59,39,44,23,24,32,21,34,59,61,27,47,27
53,49,29,48,61,54,22,43,38,14,17,43,47,40,53,48,29,56,48,40,16,41,44,18,51,61,49,20,38,22
58,43,32,47,66,59,20,35,35,17,29,38,55,31,48,48,40,56,42,44,20,35,43,18,44,63,54,18,39,15
55,49,28,49,69,61,22,34,43,14,24,39,50,35,48,43,31,60,49,48,19,29,32,20,45,53,53,25,42,23
56,51,25,39,64,57,24,43,40,13,23,45,60,33,35,47,35,60,43,41,19,31,46,12,49,63,57,24,35,22
55,39,32,48,67,51,22,44,45,11,26,37,60,30,51,49,34,63,50,51,19,25,37,14,50,53,54,20,42,13
54,50,23,32,70,52,24,32,39,18,20,29,55,41,43,50,24,54,46,55,22,37,43,20,53,61,59,16,46,24
58,47,22,48,67,52,22,37,35,19,26,43,50,39,41,46,39,59,46,47,23,40,41,21,38,56,48,21,37,24
59,42,26,38,63,59,14,35,33,24,17,34,56,39,48,45,26,63,50,53,21,43,44,16,45,58,59,15,44,23
54,51,28,46,68,54,22,31,37,15,32,42,57,34,51,47,33,60,48,42,18,27,41,20,49,55,58,18,33,21
56,45,29,40,61,56,20,38,42,16,31,32,54,39,53,48,39,63,45,44,17,32,38,18,43,56,59,19,40,19
55,47,36,44,61,51,20,34,43,16,17,43,60,38,40,38,35,60,45,50,25,32,33,22,46,63,53,19,44,22
58,56,32,48,62,60,20,34,47,18,20,40,48,45,46,47,27,59,39,46,25,32,42,15,42,52,57,15,37,23
55,49,27,52,58,60,29,36,40,14,22,42,51,34,51,44,32,60,42,45,22,36,44,16,46,60,52,20,35,18
59,53,33,47,61,56,19,36,41,17,33,36,47,40,49,48,37,45,38,52,14,30,37,23,48,51,55,23,42,22
55,41,33,43,62,53,24,34,35,13,20,43,55,38,46,49,36,56,43,48,15,34,39,22,40,64,65,19,44,23
65,49,23,39,65,55,22,26,41,16,25,42,56,46,49,46,38,50,42,45,26,31,38,19,51,57,59,18,36,17
63,45,25,37,69,56,22,36,41,22,23,36,52,39,52,39,34,62,36,56,17,28,49,16,45,57,61,17,38,19
64,54,32,45,66,53,27,30,38,13,25,43,56,25,51,43,36,61,43,44,17,36,37,23,41,52,59,17,45,16
61,52,22,46,61,61,19,34,35,17,24,41,47,35,54,43,39,57,45,42,20,25,32,20,48,63,55,18,47,29
51,54,31,41,67,59,18,36,34,18,23,38,43,41,49,43,31,56,54,53,19,31,34,18,50,56,55,16,44,29
57,49,24,52,66,58,27,33,45,22,22,39,50,33,45,45,36,54,45,48,22,30,38,14,49,63,61,9,37,19
53,43,27,40,68,56,19,31,38,18,19,41,50,33,54,49,30,50,49,47,13,27,42,20,53,61,66,22,46,27
58,44,30,36,76,60,29,34,29,17,28,40,51,36,42,43,35,61,35,51,18,35,39,13,48,63,62,16,40,23
57,55,36,39,63,57,30,37,39,16,20,36,53,31,47,44,36,55,47,49,22,26,33,20,52,48,57,23,45,19
62,56,30,53,64,56,19,38,39,14,23,33,49,33,49,44,39,60,38,43,13,38,45,16,42,61,56,18,45,16
60,47,27,49,68,56,25,33,40,15,33,39,52,33,43,44,35,62,35,44,29,30,37,21,45,57,53,18,41,21
64,48,27,41,65,54,23,29,39,16,22,37,59,37,44,46,26,57,48,50,23,27,45,16,47,61,61,27,34,19
50,48,40,46,64,65,22,34,41,14,22,44,47,37,44,36,41,56,42,54,20,31,39,16,49,55,51,16,48,20
51,49,24,48,69,55,18,42,40,15,26,37,48,40,52,40,35,57,43,53,18,26,47,20,45,58,53,14,49,20
57,47,29,45,69,53,24,34,37,16,24,37,46,35,52,54,43,52,44,48,13,36,39,24,44,56,51,20,41,22
66,40,34,47,67,56,28,31,39,16,30,38,53,26,44,51,35,51,39,51,15,29,40,15,56,54,58,18,47,18
60,37,24,39,68,58,17,33,44,22,27,36,56,36,47,42,32,55,42,51,22,31,50,17,47,60,56,17,40,26
59,51,32,43,61,51,25,33,36,21,26,40,49,34,46,49,43,55,44,47,18,30,37,22,49,63,47,21,43,17
58,45,23,44,65,58,17,37,47,20,32,43,52,34,50,47,30,55,47,51,19,30,41,18,47,57,53,18,34,20
65,46,31,39,63,51,23,33,31,15,25,35,54,35,48,47,32,59,44,49,25,32,39,19,43,64,51,23,47,24
62,49,27,33,65,49,25,34,35,20,25,41,53,37,49,46,35,56,47,51,18,31,38,19,48,63,52,24,40,20
67,49,27,38,66,59,22,32,39,14,29,42,50,31,40,44,35,56,40,47,24,34,45,21,48,55,57,19,41,21
65,49,28,45,64,64,16,36,44,15,25,42,57,36,42,39,37,58,46,40,21,26,39,19,48,59,59,23,32,18
51,50,31,49,65,52,24,34,42,17,27,32,53,35,59,47,27,57,30,47,19,36,40,25,42,63,51,18,40,29
62,44,31,45,63,54,19,38,22,19,22,46,52,31,52,48,36,56,43,51,23,41,37,19,43,61,51,18,45,20
53,48,29,51,65,60,20,34,35,16,27,38,59,42,39,41,30,56,47,49,22,34,48,17,40,56,59,17,36,24
53,47,34,47,59,58,24,40,36,16,28,30,56,43,39,47,37,56,48,51,8,32,34,21,47,59,57,19,48,18
60,56,29,47,58,52,23,37,31,20,29,37,49,34,43,40,30,53,50,48,22,24,38,26,54,56,58,27,42,19
58,51,29,43,61,59,26,38,35,21,22,33,53,35,51,44,34,62,41,44,21,30,38,20,53,55,54,17,43,21
57,45,30,39,66,58,20,38,33,21,26,30,46,38,53,47,38,58,37,49,19,37,42,18,44,60,53,19,53,18
59,51,31,38,65,54,24,36,40,28,24,43,56,37,46,42,32,51,44,44,26,33,39,24,44,59,55,14,31,22
60,49,26,44,64,55,21,37,40,18,31,38,55,30,50,44,35,52,46,57,18,26,36,12,44,64,56,19,51,14
58,45,36,42,60,49,18,35,37,12,26,34,57,37,50,52,35,64,50,52,24,31,47,21,44,57,48,16,32,23
62,48,28,44,67,64,25,34,46,20,16,43,49,27,38,50,38,53,45,50,20,25,47,18,44,55,46,21,47,22
55,44,30,45,72,57,17,34,36,17,29,41,58,38,34,45,37,60,48,50,28,32,30,21,39,51,64,16,46,18
57,45,27,42,62,51,18,41,41,13,27,38,58,37,54,49,37,51,48,52,21,22,42,23,46,58,57,18,39,18
58,44,28,47,64,57,18,28,38,21,27,42,55,40,51,40,33,59,48,49,18,39,35,13,46,57,61,21,36,19
56,43,25,42,69,53,18,28,46,16,32,34,54,41,51,34,39,57,44,51,29,30,46,16,49,54,61,13,43,18
56,46,29,40,70,49,27,40,44,16,23,43,48,38,49,41,38,56,46,43,20,30,41,18,49,56,58,22,38,18
57,50,25,49,65,53,25,37,43,19,19,54,52,25,44,46,40,59,41,44,19,27,36,18,48,58,55,23,42,19
57,46,29,42,63,43,24,34,49,20,28,36,51,39,44,45,41,61,47,51,15,29,35,19,50,54,58,22,44,16
51,45,28,42,64,65,23,38,30,22,20,52,52,33,41,49,39,51,51,49,22,29,44,22,44,55,57,17,37,20
57,52,35,40,65,59,27,34,34,22,25,40,52,38,44,43,33,56,40,44,16,28,43,18,51,65,59,18,36,18
55,46,33,48,68,58,24,32,42,24,24,40,51,32,44,42,29,61,50,47,25,26,42,22,40,53,54,18,43,19
59,47,38,37,60,61,15,34,37,12,27,45,54,37,48,45,32,59,44,50,21,31,40,19,39,59,53,22,46,21
56,41,25,38,66,51,23,29,48,18,23,45,46,38,42,52,43,49,54,47,22,32,37,18,43,57,67,17,44,21
54,45,21,43,59,56,19,33,31,18,25,34,61,35,65,52,39,57,50,43,25,33,40,13,44,58,57,18,43,21
60,44,30,46,68,52,26,41,41,11,27,40,56,40,46,50,33,61,39,50,20,40,36,14,47,56,54,13,33,18
68,50,27,39,65,57,21,33,44,18,30,42,49,32,40,41,32,52,53,46,21,30,44,21,44,61,51,15,46,20
56,45,36,50,65,57,27,35,39,15,23,39,51,41,44,55,33,60,47,43,14,30,36,12,49,54,63,17,36,20
63,38,36,50,70,57,26,34,31,17,26,44,51,33,50,49,28,54,42,44,23,25,32,15,47,64,56,24,39,24
53,53,33,46,67,59,25,38,27,14,21,43,53,32,47,39,31,57,60,47,26,34,43,12,46,60,53,21,36,16
57,52,24,46,66,57,20,38,37,25,21,44,54,40,49,42,30,60,45,46,21,28,42,17,46,49,56,17,46,17
65,54,28,39,65,58,20,45,43,15,25,39,50,37,49,42,38,59,39,43,17,29,40,17,47,55,64,19,38,13
58,47,29,46,67,51,26,40,40,19,30,40,53,30,46,37,30,61,52,48,16,32,41,19,48,54,54,18,44,16
60,47,28,48,59,53,22,31,39,22,28,46,58,31,42,48,30,55,47,53,12,34,41,19,42,54,63,19,42,19
57,38,21,41,64,53,29,34,44,23,22,40,53,36,56,40,42,57,48,45,15,33,40,19,49,60,51,17,46,19
60,51,24,45,62,59,21,43,43,21,23,36,53,38,49,42,38,59,40,47,19,38,37,14,45,57,54,20,38,16
56,47,30,38,61,52,27,40,39,16,18,39,52,40,43,43,42,54,44,50,24,27,36,21,46,59,57,25,45,21
64,50,20,45,60,55,20,36,39,22,20,46,55,39,42,48,32,65,41,47,17,29,36,20,53,58,56,21,38,18
55,51,33,45,61,51,27,36,45,17,23,42,48,33,43,44,37,57,43,48,19,24,38,18,52,59,57,21,37,28
63,43,29,44,66,54,18,34,39,13,28,32,53,37,50,51,43,61,41,53,20,28,34,18,44,63,49,21,43,20
58,42,25,47,58,51,19,38,38,20,34,42,52,34,53,53,35,67,40,48,11,33,31,20,43,61,53,21,43,22
57,49,32,39,69,58,17,35,43,16,27,39,57,40,47,43,28,52,44,40,20,39,42,20,49,55,52,24,44,15
62,49,26,44,72,51,23,36,41,18,18,37,49,38,45,46,37,57,43,52,22,33,35,15,44,61,53,24,45,16
58,45,32,43,60,60,21,37,40,14,24,39,50,40,48,51,37,59,39,46,29,29,43,21,43,55,61,14,37,17
57,45,36,43,69,56,24,34,38,18,22,34,48,33,46,46,39,59,43,48,15,31,42,24,51,55,56,19,44,17
61,56,29,39,61,55,20,31,38,16,33,35,50,36,50,47,27,61,46,45,18,33,41,24,44,61,58,17,42,18
67,44,43,42,68,62,26,29,41,16,26,45,49,38,42,42,36,54,42,52,16,29,37,17,42,54,58,16,39,20
59,47,32,39,59,49,27,38,39,15,25,41,52,35,49,39,38,54,42,52,16,35,39,12,58,61,56,22,37,25
61,45,29,39,65,54,19,31,34,21,21,46,49,35,50,47,38,59,53,44,23,34,39,22,46,58,51,15,45,19
52,47,26,54,69,56,22,43,40,16,30,32,42,34,54,38,34,57,40,55,18,33,32,18,43,62,56,21,47,21
53,47,28,46,70,61,22,38,44,15,24,36,58,37,47,40,26,47,47,53,23,32,34,20,49,58,48,24,45,20
62,45,27,45,66,62,19,33,35,19,23,34,56,33,45,42,34,54,48,45,15,31,36,21,54,58,58,26,49,17
56,38,26,43,65,63,19,35,39,18,29,30,55,40,45,52,35,67,45,47,20,30,35,18,49,58,49,16,51,19
56,52,33,42,63,51,22,34,39,18,21,38,56,39,47,35,24,63,45,54,22,32,41,19,47,54,55,21,44,25
59,59,30,38,63,55,22,42,39,19,24,34,47,35,47,49,39,58,41,44,18,29,43,19,53,58,52,19,40,17
63,57,29,37,65,53,28,42,33,18,30,43,51,32,53,49,37,52,46,51,20,28,32,7,42,58,53,21,40,22
56,52,30,52,69,55,26,40,39,17,26,38,49,34,44,51,39,63,36,43,17,30,41,13,45,54,48,19,46,20
57,47,33,45,60,56,24,38,38,23,26,37,48,35,48,40,39,52,42,47,17,34,44,18,54,56,51,18,44,21
66,42,25,43,73,56,24,38,35,13,23,37,53,34,51,49,28,59,42,41,18,32,45,21,44,60,56,27,45,12
60,53,37,42,64,64,17,37,40,22,25,33,50,43,44,44,33,57,36,51,21,31,32,22,43,57,57,12,45,20
57,44,25,48,62,54,19,39,39,16,28,44,48,32,50,45,38,58,45,48,21,38,29,20,50,64,54,15,38,24
55,43,29,43,63,55,24,36,35,16,31,44,53,40,46,49,37,52,49,51,20,27,38,13,49,57,54,26,36,21
55,48,33,44,65,54,22,32,45,20,19,38,54,38,52,43,38,58,47,52,17,27,45,21,40,52,53,23,39,18
56,46,30,52,63,52,19,37,44,11,25,37,57,35,52,44,34,60,43,48,19,29,35,15,47,55,53,27,43,24
61,47,22,45,65,51,28,37,43,21,18,33,49,38,48,48,32,56,47,40,24,24,38,21,51,65,63,17,44,16
59,54,35,54,66,54,23,30,39,27,25,36,46,37,41,34,32,60,42,47,22,36,36,16,50,57,54,18,43,19
65,45,33,47,62,50,17,27,31,24,22,37,57,41,39,48,39,59,47,49,28,31,35,17,51,51,63,21,37,19
61,46,31,46,69,54,25,41,34,13,23,42,49,35,48,44,36,53,47,45,27,32,39,16,41,62,51,22,43,17
52,45,30,38,66,63,24,49,38,17,24,49,51,31,48,38,42,61,37,55,23,19,38,15,45,56,56,22,35,25
61,49,33,43,70,58,25,43,41,20,23,35,56,34,44,44,32,56,44,43,18,33,33,15,47,58,58,18,38,20
58,49,29,43,62,58,22,34,36,20,28,35,58,32,46,56,40,48,42,44,24,31,46,17,49,57,59,20,35,14
61,43,30,45,61,57,26,38,35,18,26,38,62,36,51,52,36,51,41,56,20,32,35,16,40,59,63,14,38,12
55,50,30,46,70,56,23,35,39,15,28,42,52,32,51,47,40,54,45,48,22,24,38,14,44,59,60,19,32,22
61,51,27,44,68,56,28,40,43,14,17,44,49,30,56,47,36,49,43,53,20,32,40,15,42,53,58,23,37,16
56,45,31,45,64,57,25,33,43,22,26,36,52,34,45,48,39,53,47,46,15,37,36,18,52,56,54,17,41,19
55,43,30,37,67,61,20,42,39,24,18,43,54,25,52,45,34,56,39,50,21,28,38,23,47,55,58,26,45,17
61,47,26,39,66,61,19,33,41,16,30,33,55,44,45,40,26,55,44,52,16,30,33,17,47,58,62,19,52,25
60,41,34,40,62,68,21,42,40,17,29,38,45,37,53,42,31,55,45,49,18,28,39,17,36,57,56,24,50,18
53,49,28,42,67,60,26,35,36,18,29,46,48,46,44,47,34,53,41,48,12,35,34,16,46,60,56,22,39,22
63,47,31,42,68,50,24,27,46,21,20,39,56,35,54,46,28,61,47,43,17,28,36,19,49,56,62,17,35,25
57,43,26,47,63,59,22,36,39,21,20,41,50,41,53,42,26,54,46,47,25,31,39,15,50,53,63,24,40,19
59,43,25,47,58,54,23,41,32,19,25,40,52,35,53,45,31,62,52,44,18,28,39,15,42,61,61,22,44,22
57,58,20,42,60,54,21,33,40,18,24,49,52,35,52,37,36,57,42,43,24,37,33,20,51,60,55,21,42,19
58,47,27,45,67,50,26,42,42,19,26,55,55,29,47,49,30,68,45,44,16,35,38,17,47,53,51,17,32,15
56,46,26,45,69,51,22,34,34,15,22,44,53,41,46,46,35,58,48,54,17,26,50,23,41,55,55,18,43,19
58,39,26,37,63,58,19,38,37,18,21,45,52,35,45,36,45,47,45,49,20,32,39,18,47,65,56,29,47,26
64,48,33,44,68,52,25,34,37,16,19,40,54,34,45,40,40,58,43,46,19,41,46,15,51,51,56,22,38,13
56,42,30,51,63,59,22,46,35,15,27,42,44,36,49,48,38,59,48,42,22,24,34,16,56,57,53,16,41,21
56,47,35,51,72,48,20,40,39,16,25,39,50,31,44,43,41,57,40,48,21,29,41,20,47,58,53,15,45,21
62,43,30,38,70,62,19,39,42,14,25,35,52,40,51,43,25,60,42,52,21,34,37,17,55,53,57,17,42,15
54,41,29,35,63,52,20,37,41,18,24,47,54,38,51,41,33,53,52,52,14,28,45,15,47,62,56,22,43,25
52,44,33,36,60,48,19,32,41,25,25,38,54,39,48,46,40,61,44,48,17,29,39,20,50,56,56,22,44,26
50,52,35,38,72,59,32,40,35,27,22,38,54,36,43,38,33,63,42,45,19,26,41,22,49,52,54,20,35,20
62,59,29,45,63,54,22,36,39,14,27,39,45,33,43,47,40,54,35,52,13,30,40,21,49,55,61,16,50,19
58,48,28,45,63,62,26,26,42,17,28,36,51,29,43,46,35,53,56,50,21,29,36,18,50,59,61,16,44,16
64,47,26,47,57,57,15,39,42,19,23,40,50,38,39,38,31,56,51,51,25,32,44,15,38,62,62,18,47,19
58,46,30,44,66,60,18,33,38,14,27,45,53,35,54,47,34,58,47,42,19,37,34,19,51,52,52,20,36,23
55,48,22,42,69,53,20,38,38,23,30,40,56,37,44,45,33,54,44,46,16,29,35,16,51,55,63,19,47,24
59,51,34,49,64,49,16,34,37,20,18,41,44,40,41,43,34,60,45,55,23,34,43,15,48,55,57,18,49,16
61,49,27,50,62,57,13,39,30,21,25,40,53,31,50,47,39,52,44,54,24,23,40,21,49,59,57,15,39,21
61,52,30,44,65,61,18,41,41,16,29,34,56,42,48,44,34,55,46,42,20,32,35,16,46,55,55,14,34,26
59,54,31,37,65,58,21,44,29,15,25,38,57,35,42,49,44,53,46,48,18,27,32,16,50,64,60,19,37,19
64,49,25,45,63,56,17,37,36,15,26,41,55,32,46,46,33,49,50,51,25,39,46,15,47,57,50,20,44,13
57,49,28,40,63,62,21,35,33,20,27,41,58,38,52,35,38,55,48,55,22,23,39,22,42,52,61,19,39,18
61,45,32,42,64,53,27,41,42,17,21,36,51,28,44,47,36,59,45,47,17,25,43,23,45,54,64,23,40,20
51,42,35,43,65,62,16,38,25,13,20,41,53,37,50,49,38,55,46,51,27,36,43,17,49,55,52,21,43,19
58,56,22,42,67,59,23,38,34,26,22,47,51,32,40,44,29,57,45,51,24,42,41,16,47,51,60,12,37,19
59,47,25,48,67,48,25,35,40,23,25,36,53,38,40,42,29,61,41,41,18,38,41,22,46,65,60,20,40,19
65,54,29,47,64,54,31,37,40,14,21,30,45,30,52,40,46,54,45,39,21,29,43,17,45,62,54,18,48,18
53,50,32,44,69,63,26,39,32,17,30,42,51,41,52,42,30,60,46,41,19,29,41,20,47,55,58,11,32,20
60,48,31,49,67,59,16,37,38,14,23,34,48,35,42,53,33,59,47,45,18,40,37,20,49,59,56,18,39,18
58,44,30,38,67,42,32,36,32,15,29,33,45,34,50,46,39,56,40,48,26,27,45,20,51,63,65,21,41,19
52,52,32,46,66,57,22,42,36,22,27,39,50,37,43,39,35,59,45,49,21,31,41,16,43,58,62,14,41,15
62,47,30,49,62,59,27,38,31,18,22,39,51,29,50,39,40,57,46,53,18,21,32,18,42,63,57,21,49,22
60,55,33,45,62,53,24,35,37,16,20,39,54,41,45,48,32,48,42,49,14,32,37,22,45,62,61,20,41,20
49,42,34,55,63,61,24,39,39,12,23,38,51,41,52,38,39,55,44,49,11,24,37,24,44,69,45,21,44,25
54,45,33,43,65,64,20,33,43,13,24,40,51,41,51,40,39,59,43,57,19,32,39,17,42,58,54,18,33,22
53,49,32,36,65,60,18,37,37,19,32,37,55,38,44,51,38,51,49,51,22,27,39,20,53,53,51,16,49,10
64,41,28,44,66,58,19,41,41,17,19,40,58,40,48,43,34,65,39,46,16,28,40,22,44,55,57,19,41,19
51,50,33,46,68,52,13,37,36,16,27,41,47,30,45,44,40,54,47,50,21,34,46,17,52,55,58,16,48,18
52,40,27,58,69,54,27,31,41,19,24,38,49,35,59,34,41,46,47,52,22,36,47,11,48,55,56,21,37,16
59,51,33,45,62,54,20,37,38,13,21,44,52,45,51,47,35,56,51,48,14,29,35,22,38,56,56,22,42,16
61,49,32,50,64,61,15,35,35,18,23,38,51,28,48,51,27,54,49,44,18,23,47,20,46,54,58,24,48,21
51,53,32,41,73,50,21,35,36,18,26,36,58,36,48,46,35,55,47,55,21,21,34,19,44,61,61,21,40,18
55,50,29,42,66,64,23,33,36,17,21,44,50,38,57,37,38,55,42,48,13,32,32,26,50,52,56,21,41,24
61,50,35,44,70,55,18,32,35,15,25,44,57,26,43,48,34,53,44,43,23,30,42,22,50,57,59,21,41,15
58,53,29,45,63,51,25,36,39,23,24,36,49,41,49,51,35,59,43,48,20,30,46,18,44,53,54,15,35,20
56,53,18,44,72,48,24,34,30,16,19,43,58,39,52,40,30,58,45,51,23,34,38,20,46,56,63,17,44,21
60,44,30,47,59,52,24,35,37,21,25,34,43,36,56,46,36,59,41,52,20,33,42,18,45,57,55,20,44,21
55,53,29,45,60,50,20,39,35,23,24,40,50,39,51,42,39,52,52,51,23,30,37,19,48,56,54,21,36,19
52,37,38,34,70,67,26,35,32,19,26,36,55,36,51,45,31,54,38,48,20,32,38,23,47,57,60,20,46,19
54,51,28,45,69,66,24,32,38,10,20,37,48,32,48,49,37,61,38,47,18,34,39,16,62,51,52,20,41,25
55,48,27,41,68,58,17,37,46,21,28,37,52,36,48,46,40,48,40,49,21,38,41,19,39,53,52,24,45,18
51,51,30,46,65,59,20,36,42,21,29,48,47,35,48,41,34,61,41,49,15,33,45,14,37,53,57,18,47,19
62,53,34,46,69,56,24,37,42,19,29,35,52,34,46,47,25,57,43,49,16,24,35,15,47,60,53,17,44,22
58,52,33,43,71,58,13,27,43,22,26,40,51,35,54,48,36,57,44,50,21,31,29,18,40,56,59,22,36,19
56,42,34,44,66,56,23,33,37,19,18,45,53,42,44,45,35,62,47,49,21,34,41,19,37,60,58,21,38,13
57,49,23,53,71,48,19,37,31,22,33,42,51,39,47,50,38,49,36,42,18,35,35,15,52,58,57,24,34,27
54,46,32,44,68,48,22,39,40,17,29,40,53,36,45,37,38,59,44,44,24,31,41,20,46,61,56,19,40,19
62,48,30,43,68,61,20,39,46,20,21,41,46,43,46,45,27,53,39,47,18,34,37,22,47,52,53,19,47,18
49,45,32,41,69,55,20,27,37,24,29,40,48,39,48,42,35,61,49,48,20,39,39,19,45,59,58,18,35,22
66,55,36,42,56,60,23,33,38,18,24,37,55,39,40,42,39,55,42,50,18,31,35,15,53,59,50,14,49,18
59,45,27,45,67,48,21,44,30,24,30,45,52,33,55,38,34,55,42,53,20,45,42,17,47,56,46,21,34,17
63,41,28,41,67,53,21,36,41,24,22,37,54,32,54,47,43,52,43,52,16,33,35,20,41,59,55,23,43,16
60,57,32,47,61,46,22,43,39,17,24,40,50,41,50,51,32,57,48,45,22,28,32,20,51,55,54,18,35,15
61,51,27,44,65,54,20,35,37,19,31,40,45,40,48,51,36,52,47,44,15,33,48,9,50,59,51,21,40,19
53,43,33,48,63,56,9,34,33,24,21,39,59,39,49,48,33,64,50,49,16,33,40,21,49,54,60,15,38,19
63,49,27,44,62,55,21,44,39,23,27,36,53,38,52,49,32,59,39,49,20,30,37,13,45,56,58,16,42,14
60,44,30,44,62,48,31,30,42,14,24,42,51,33,53,48,39,61,37,44,22,29,39,14,39,58,69,16,48,21
62,43,30,43,64,49,18,33,40,13,30,47,53,29,50,44,39,58,48,44,16,31,42,24,44,61,58,24,35,20
64,46,27,41,64,56,29,35,35,14,23,39,46,33,44,51,40,53,48,50,25,39,44,13,42,56,56,18,39,22
61,49,30,41,62,49,19,26,42,18,24,41,59,37,48,49,36,52,45,44,25,31,40,20,50,57,63,18,36,20
48,53,35,47,67,57,22,41,42,15,26,35,60,36,46,41,34,54,40,54,16,28,38,19,53,60,48,18,36,23
64,48,21,38,66,47,18,38,43,20,27,42,53,46,46,42,35,56,41,45,20,29,42,19,41,56,59,23,43,24
61,48,34,51,68,53,14,33,42,17,27,37,46,34,40,49,36,54,39,51,19,30,40,16,54,56,60,14,48,21
57,51,28,44,65,57,26,29,39,15,25,34,57,39,55,47,26,60,44,47,17,30,38,18,47,55,56,25,43,18
59,42,25,47,68,60,18,42,44,18,21,38,48,33,51,45,37,55,43,42,23,30,39,22,44,61,55,17,46,19
57,48,34,35,70,54,20,39,39,15,27,36,57,43,44,52,37,54,37,42,16,30,38,17,55,57,59,15,46,19
55,51,25,42,64,54,26,36,37,16,29,34,47,33,54,45,40,61,46,48,26,29,35,21,44,60,51,18,47,18
58,41,31,43,72,64,20,36,39,12,24,41,53,31,49,48,37,57,46,43,15,33,35,18,45,58,61,25,39,18
58,61,23,41,66,55,20,34,35,21,26,38,54,40,53,44,28,57,45,48,25,32,39,18,43,59,56,16,34,23
55,44,36,52,61,60,16,36,38,19,22,39,53,33,48,44,45,53,44,53,23,24,45,11,50,55,52,13,49,19
59,52,29,39,63,58,29,44,41,17,26,35,47,43,48,38,36,60,37,48,22,22,36,26,44,66,52,17,33,25
62,45,32,46,64,55,15,36,46,16,28,38,41,39,49,45,35,56,42,58,21,26,34,16,43,64,59,20,42,19
55,43,27,40,66,63,19,42,44,21,25,39,44,32,40,49,38,62,56,42,19,22,38,23,44,60,57,20,41,21
55,40,29,35,68,49,23,34,41,14,28,34,60,46,46,44,33,52,49,44,26,28,41,23,50,62,57,23,41,17
58,45,26,46,68,58,25,37,43,23,19,39,52,37,48,47,29,61,44,42,19,28,40,18,45,60,55,20,39,21
60,51,27,39,67,63,27,31,32,16,21,46,51,34,42,45,31,56,46,47,22,37,39,18,53,62,49,17,46,17
58,50,39,39,63,63,25,42,33,13,26,38,52,37,48,41,36,58,41,46,19,27,32,26,41,55,60,16,50,18
59,43,29,47,66,57,20,37,38,14,31,36,56,37,49,40,34,54,45,51,24,31,37,18,33,62,54,27,45,18
56,49,27,47,63,54,26,41,40,19,25,30,57,34,41,47,29,51,47,51,26,30,37,20,45,63,60,16,44,17
58,45,24,41,64,47,18,40,41,19,20,35,55,42,48,40,36,56,38,50,23,32,45,20,50,62,58,22,44,19
59,49,36,51,71,57,20,38,37,18,25,32,49,39,44,44,38,54,45,48,20,28,35,22,37,58,54,15,44,25
62,48,26,46,67,45,21,40,37,20,20,39,54,37,46,47,30,59,47,52,23,29,39,17,44,52,60,17,45,23
55,46,34,47,58,54,25,27,46,16,24,45,53,34,54,41,33,60,52,50,15,40,36,17,37,56,63,16,38,20
63,49,27,43,64,61,27,40,41,17,31,39,48,31,48,45,27,61,45,43,20,29,31,17,46,59,56,21,47,16
65,52,31,37,65,56,26,37,40,19,22,38,49,34,49,41,24,57,46,49,26,39,41,15,44,66,46,17,40,21
56,49,29,44,70,56,24,40,39,25,24,37,55,30,53,43,38,60,37,44,21,26,40,18,41,56,56,20,44,17
56,47,26,36,70,57,25,38,39,13,31,36,44,39,46,42,34,58,44,55,20,32,40,17,47,60,55,25,42,18
55,50,24,47,67,52,23,36,39,18,29,44,48,32,45,41,34,57,38,43,21,25,36,25,52,61,56,23,45,26
59,50,34,46,61,68,18,38,34,18,19,43,44,44,49,55,33,51,41,43,25,23,39,23,44,55,65,14,36,20
64,45,33,41,68,54,27,36,43,18,31,36,55,38,45,47,47,48,45,37,15,27,43,16,50,57,55,17,38,16
58,47,27,46,66,54,23,42,37,16,24,39,61,35,48,44,30,65,39,45,22,26,43,14,44,59,49,25,43,21
54,58,34,37,64,58,18,38,45,22,31,35,51,36,43,49,36,58,47,51,18,25,33,16,35,61,56,20,43,20
56,42,25,48,69,58,22,37,37,11,22,36,56,34,43,45,41,59,41,49,24,32,38,23,47,55,61,20,37,24
56,46,28,37,66,55,25,38,41,23,16,37,61,40,48,46,37,58,52,47,17,34,40,18,47,58,50,15,32,24
58,41,31,44,65,57,19,34,38,18,27,36,51,33,45,46,35,64,38,46,27,37,43,20,43,60,61,19,38,18
58,44,27,36,67,51,24,35,51,15,28,45,51,28,51,39,34,54,45,42,23,32,37,19,40,63,59,27,47,20
57,46,36,45,64,53,20,40,45,14,32,36,57,33,48,45,42,50,40,62,19,24,32,11,40,58,60,25,41,17
58,52,24,41,64,50,25,39,37,20,21,43,50,37,49,43,30,60,41,54,25,33,39,13,45,58,56,18,42,25
58,44,38,40,63,59,25,35,42,20,28,38,56,40,42,37,33,54,42,54,20,31,33,21,41,60,59,17,39,23
58,44,30,46,68,53,24,28,42,11,22,43,53,44,44,41,33,54,44,44,17,37,43,20,55,59,59,17,43,16
56,50,26,48,64,55,19,45,38,18,18,36,46,38,48,56,42,56,45,48,18,30,38,22,52,51,58,18,38,15
57,49,28,44,62,56,22,30,38,20,32,41,57,30,46,47,33,55,46,42,18,35,46,24,50,51,59,20,29,25
60,49,27,42,64,58,27,33,42,18,30,37,50,25,42,47,41,60,47,50,15,35,33,18,53,57,53,15,48,16
60,46,23,43,66,57,24,35,33,18,23,34,55,40,46,51,38,56,41,45,20,35,31,21,46,63,58,17,47,20
60,49,27,47,61,50,17,31,47,16,27,37,49,39,50,53,32,63,38,45,18,24,43,20,44,63,44,23,50,25
61,51,28,47,68,56,28,33,42,17,24,42,48,40,52,49,28,55,48,49,11,29,41,22,48,56,44,17,38,20
52,52,33,45,66,60,22,33,42,17,23,48,48,31,47,45,33,57,40,46,24,30,38,16,47,61,58,22,41,15
58,46,33,42,66,54,22,33,38,16,22,38,51,36,37,50,39,62,44,57,26,27,39,17,49,59,52,25,35,19
61,47,22,39,63,56,25,33,51,19,26,50,57,37,38,47,36,56,42,48,21,33,41,21,46,61,48,15,36,17
58,45,32,42,60,53,26,39,50,14,27,44,54,37,51,47,33,55,43,41,17,29,31,21,50,64,62,12,36,19
57,45,33,41,69,54,19,35,38,16,23,47,44,33,48,51,37,48,47,52,17,35,41,15,51,55,56,20,44,21
55,50,26,38,61,54,23,35,39,21,23,44,58,27,50,46,34,65,42,52,19,29,34,18,54,56,62,15,46,16
65,43,31,41,67,57,25,41,32,16,25,36,55,44,47,44,29,58,46,48,19,25,43,26,48,53,47,19,40,22
59,50,30,49,60,60,21,33,36,24,37,45,51,43,35,44,29,56,38,49,19,27,35,19,51,60,50,18,37,27
56,33,29,39,67,57,31,35,36,18,22,38,49,35,48,42,42,58,43,50,17,33,44,21,43,65,57,20,45,19
57,46,31,48,67,47,26,39,41,20,23,32,58,28,44,43,33,62,33,46,28,27,46,24,42,57,65,19,35,25
57,52,32,41,66,59,19,34,39,13,30,41,50,31,53,39,42,60,46,48,18,29,39,21,50,56,61,18,29,19
62,46,28,41,70,61,22,39,40,21,27,29,46,34,45,39,42,53,47,48,21,30,39,14,52,57,62,20,42,15
56,51,29,37,58,51,24,37,42,23,19,37,57,40,49,32,35,66,41,47,22,39,38,16,42,65,56,21,48,14
51,52,26,41,62,56,20,39,37,14,17,39,53,35,45,47,34,59,44,44,19,36,44,27,47,55,62,23,46,18
64,43,23,42,66,54,17,43,34,19,23,40,58,35,46,49,34,54,46,49,25,32,40,17,42,57,51,16,46,27
54,51,25,40,62,52,20,37,41,12,26,36,56,38,49,50,34,61,53,43,32,31,35,19,41,53,54,22,48,17
53,41,33,44,60,53,21,33,42,15,21,42,56,40,46,45,33,63,51,51,22,33,39,19,43,61,58,16,49,9
58,50,33,47,66,46,21,43,35,15,29,41,52,37,39,39,38,59,42,48,15,35,43,20,46,58,58,14,43,22
59,48,25,48,68,55,19,47,44,18,26,33,46,36,54,46,34,49,38,55,20,33,36,18,47,55,56,24,38,17
56,53,31,40,63,55,24,36,28,20,22,47,54,30,34,43,32,59,36,44,18,37,43,17,53,61,64,19,43,30
60,43,30,54,66,52,22,36,48,17,29,38,57,32,46,42,42,55,45,51,20,24,36,15,34,60,62,18,42,16
63,46,28,43,68,60,24,40,38,17,25,45,60,36,47,44,33,62,43,42,19,28,37,17,41,55,56,18,45,12
56,50,24,49,68,53,24,41,38,17,17,40,56,32,41,45,31,51,51,49,18,31,37,13,56,57,54,18,46,29
57,55,25,37,69,56,17,30,42,23,26,43,52,32,52,45,39,49,41,48,13,36,38,19,47,54,57,21,47,22
62,51,30,45,68,59,24,41,38,16,15,47,51,35,54,47,28,57,41,45,22,22,39,21,42,62,54,20,37,19
56,42,27,36,64,61,24,40,35,16,26,32,52,43,50,50,33,53,42,50,22,35,38,17,50,52,56,20,45,25
55,54,26,42,63,51,25,28,39,20,22,35,57,34,48,42,28,55,47,48,24,35,39,16,47,62,60,16,53,21
63,50,37,40,61,52,21,36,39,16,23,39,59,31,41,48,37,57,44,52,24,33,33,14,51,59,52,20,39,21
55,47,31,45,70,58,16,33,45,14,25,42,58,36,47,48,26,55,42,52,18,32,39,16,50,61,58,20,32,21
65,33,30,51,67,62,19,33,36,17,22,41,57,33,54,42,35,58,40,51,19,29,34,18,43,52,52,24,50,25
59,43,33,47,69,51,26,33,38,20,23,41,47,32,46,48,36,59,41,54,17,27,45,15,50,54,52,17,43,26
58,46,29,52,60,55,27,44,31,19,26,39,55,36,47,46,30,47,45,49,16,32,46,21,46,55,57,19,38,21
61,51,29,45,66,56,27,36,35,20,27,40,47,38,46,44,35,51,43,50,20,36,49,17,39,56,52,18,41,17
60,46,35,43,64,51,21,38,40,18,23,42,48,30,46,43,40,63,45,45,25,23,45,13,45,57,53,23,46,21
57,54,29,47,64,60,31,37,39,15,27,41,52,35,45,42,41,53,47,48,20,20,33,13,48,59,62,18,38,17
57,53,30,45,65,51,15,37,40,13,29,34,51,37,48,44,46,47,48,46,19,31,45,19,47,54,55,24,43,19
56,52,27,37,64,63,27,28,42,21,23,37,52,32,51,45,25,47,42,48,22,34,45,19,45,60,60,19,46,23
60,50,27,43,60,61,26,40,42,7,31,35,58,42,50,48,31,49,44,43,19,38,35,18,48,52,59,18,41,17
50,55,34,45,64,61,26,40,42,18,17,45,56,32,40,44,42,51,39,48,19,26,40,25,42,60,57,13,40,21
65,54,29,38,67,56,29,39,41,19,23,41,54,37,41,35,30,51,49,46,11,34,43,24,46,58,51,24,39,18
64,48,26,42,65,48,19,35,44,18,28,44,43,41,53,41,36,54,49,47,22,33,39,17,40,51,62,27,36,20
59,42,27,44,62,54,13,36,38,11,26,38,56,34,45,51,35,59,53,43,23,38,37,17,48,63,57,20,46,17
61,52,34,45,69,53,20,39,30,22,25,38,49,30,50,46,36,52,41,45,22,38,33,15,42,60,58,19,49,19
57,49,30,40,68,58,20,33,39,20,24,40,53,34,46,47,40,55,42,44,22,37,39,16,52,54,46,22,40,25
56,44,27,48,69,55,21,37,38,17,21,42,47,39,42,50,37,52,46,42,26,36,44,16,45,54,59,17,41,24
56,45,35,43,66,60,25,31,40,28,26,33,42,26,44,49,38,53,42,50,25,30,38,17,53,60,54,17,38,28
60,48,28,44,69,56,18,38,37,16,19,41,51,33,53,42,30,55,55,46,19,34,43,14,43,61,56,23,42,18
65,51,32,40,65,54,16,31,42,20,24,35,55,32,48,43,36,50,41,48,14,30,40,28,51,59,59,21,40,22
55,47,32,44,66,55,17,39,42,22,28,36,54,40,44,45,29,60,47,51,16,34,35,16,55,58,57,19,38,11
56,50,29,47,70,54,15,31,37,21,24,38,52,33,50,46,34,53,45,58,21,21,45,21,41,63,59,14,46,18
65,53,23,38,68,54,19,35,44,15,23,37,50,41,44,49,36,55,44,47,24,29,39,27,49,54,55,11,40,24
60,42,22,46,65,62,20,33,42,20,22,40,51,30,53,38,30,54,47,48,19,41,40,20,52,56,59,21,42,17
57,60,32,40,67,51,20,30,33,23,28,41,49,33,39,51,33,49,52,48,28,31,41,20,39,61,49,23,44,20
54,48,25,43,67,52,25,34,34,12,28,33,49,38,52,43,38,58,48,44,22,39,45,18,47,56,52,24,46,18
59,49,27,51,64,57,16,38,37,17,23,36,57,37,54,41,33,50,44,47,21,24,40,23,50,55,58,21,42,21
56,47,29,47,63,47,24,35,36,17,19,34,52,34,49,46,38,66,45,43,27,22,43,18,50,61,61,17,45,21
56,41,31,41,66,61,13,33,42,22,28,41,47,43,51,54,37,54,42,49,21,35,40,16,48,61,48,12,38,21
59,40,31,42,62,61,30,41,43,20,24,42,50,38,48,44,35,47,43,49,18,24,45,15,42,58,57,20,46,18
66,51,30,53,65,55,25,37,36,12,23,37,50,33,35,50,35,53,39,50,21,28,36,20,49,60,54,27,40,22
51,40,33,40,66,55,23,30,37,17,24,43,58,36,51,52,31,63,41,52,10,40,36,18,50,59,55,19,37,25
58,47,30,43,69,58,15,35,31,20,24,34,54,37,58,43,30,64,47,43,18,35,40,14,47,58,59,16,46,19
53,45,32,53,60,50,20,38,33,21,28,40,54,35,49,45,42,58,40,48,21,32,37,21,41,48,59,18,50,21
61,47,27,46,70,55,26,38,28,19,25,41,52,40,42,43,34,57,51,44,19,35,40,15,49,60,50,17,46,15
55,50,27,43,68,58,22,32,44,19,27,34,56,36,45,45,35,49,46,48,19,33,40,24,43,51,59,23,40,21
59,44,31,50,66,56,15,37,39,13,29,41,51,35,42,47,34,55,45,52,22,28,41,18,48,62,50,20,44,18
57,53,29,43,67,57,19,26,35,13,27,39,56,35,55,43,33,51,40,47,19,29,46,25,48,55,56,21,45,23
56,44,31,51,61,56,24,34,40,21,28,45,47,32,51,45,32,58,48,40,24,33,35,14,54,62,49,15,42,20
54,46,29,37,65,57,23,37,34,25,27,46,47,30,54,48,41,53,48,50,16,31,40,15,42,57,58,24,35,23
56,45,37,43,65,53,17,38,41,15,22,41,45,28,49,47,32,51,45,50,17,35,34,25,55,61,52,22,47,24
55,54,26,43,67,56,18,35,44,20,22,37,54,37,42,43,35,50,44,46,15,36,41,17,50,58,59,23,44,21
58,46,27,42,64,57,18,36,41,16,23,40,45,48,51,44,34,53,42,47,21,36,36,16,47,56,58,24,40,26
54,47,31,47,61,60,23,34,38,18,21,44,49,43,56,43,33,60,39,47,21,28,38,24,44,60,56,17,36,20
56,49,23,47,68,53,19,41,30,17,26,42,54,36,46,51,35,59,47,43,15,30,41,18,47,67,60,13,40,19
57,46,34,47,65,58,17,39,43,15,22,37,54,45,50,43,32,57,40,50,19,25,37,14,45,60,59,17,50,15
60,53,28,32,67,53,24,26,41,21,24,42,48,32,54,45,33,64,41,48,17,31,38,20,40,59,61,22,48,20
55,46,29,36,68,60,18,36,47,21,23,44,58,35,47,43,28,58,48,52,21,30,40,19,41,62,53,19,39,16
58,46,27,49,60,53,14,40,37,18,25,34,51,31,47,43,40,63,46,54,21,32,50,22,41,58,53,15,47,17
52,46,31,42,64,54,21,36,40,16,29,34,55,40,56,44,38,59,41,42,19,25,38,18,48,54,59,20,45,26
54,45,25,43,66,54,17,41,35,14,22,45,51,39,47,53,50,54,42,48,22,25,39,17,53,51,50,24,48,18
60,43,35,39,67,59,20,33,38,14,27,33,46,39,54,47,35,56,43,48,22,30,37,19,49,61,54,21,43,20
62,48,22,43,68,57,22,34,38,13,22,28,47,39,44,45,41,55,52,57,20,29,43,20,47,62,55,19,38,22
59,56,25,38,67,55,26,39,29,13,24,37,58,35,48,46,35,60,42,51,26,32,36,15,44,55,51,18,48,24
60,45,33,45,69,54,16,41,37,19,29,32,56,38,48,39,29,58,50,46,17,31,42,20,47,55,52,21,51,12
66,46,29,49,64,52,18,39,36,19,26,33,53,46,52,49,33,56,42,51,17,31,41,14,49,49,58,15,42,17
59,50,34,44,65,54,27,39,39,20,17,36,52,33,48,41,37,59,41,50,20,29,39,20,51,58,52,26,36,16
60,52,29,46,68,59,19,36,39,11,26,33,48,43,42,36,38,60,43,36,34,30,37,19,50,62,58,20,40,18
67,41,30,45,62,53,26,35,42,14,23,36,52,42,49,45,31,60,35,45,19,33,39,22,44,56,63,15,44,24
64,46,39,49,63,58,24,35,34,19,24,42,52,35,38,52,37,56,44,46,19,22,37,17,48,61,55,15,38,23
50,45,30,44,66,57,20,36,35,19,26,43,52,36,47,53,33,55,54,45,18,38,33,17,47,50,59,19,48,17
59,46,19,41,65,50,22,43,39,16,30,39,47,35,48,44,36,61,46,48,27,30,42,13,44,57,54,18,47,26
52,52,28,48,63,55,18,37,32,18,18,49,46,39,47,46,35,58,48,44,25,20,50,19,44,60,56,21,46,18
60,45,31,49,62,56,24,43,30,16,20,42,44,33,53,50,32,60,41,47,19,31,37,17,40,58,60,22,42,28
62,39,31,43,71,54,21,31,37,13,19,43,54,27,39,43,39,65,50,45,19,34,42,21,39,64,60,19,44,24
63,48,30,43,68,54,21,33,35,11,19,35,55,31,42,50,32,60,44,50,22,35,48,21,41,55,61,25,43,17
58,36,33,40,61,62,25,42,38,17,22,39,57,28,44,47,39,54,50,56,15,24,33,19,45,65,60,19,44,20
60,49,24,44,68,50,22,41,29,16,25,35,52,37,47,49,43,57,48,47,15,30,37,24,47,56,51,19,42,28
67,45,34,49,61,59,10,37,35,16,25,39,50,45,56,44,34,53,38,51,20,24,37,20,42,57,59,17,46,22
59,40,38,34,62,60,27,35,41,20,31,44,52,26,37,47,27,54,45,50,20,32,46,21,49,64,57,16,37,21
57,47,30,39,59,55,25,39,36,19,36,44,52,41,45,38,36,54,51,48,17,32,33,21,46,53,59,16,47,17
55,38,34,45,67,56,21,33,38,19,25,39,58,49,46,37,38,57,49,49,20,27,40,24,40,56,53,19,42,18
61,51,26,38,61,62,29,36,39,19,17,41,50,33,45,46,36,57,49,44,12,35,49,21,38,57,61,15,44,20
57,42,27,43,69,56,15,34,46,14,33,39,42,46,50,47,37,62,45,43,22,33,40,11,46,57,63,15,36,22
64,50,31,39,64,57,17,37,45,19,26,43,54,26,49,42,35,58,46,50,19,32,36,21,43,56,59,14,43,17
53,58,32,47,67,62,19,28,32,21,26,41,59,36,47,41,29,58,44,43,21,38,42,18,43,62,50,17,43,15
51,43,29,46,66,48,26,42,42,20,26,40,55,29,46,45,37,52,47,44,20,35,38,19,47,56,59,20,43,21
59,56,26,45,66,58,24,27,39,12,22,42,60,37,51,53,35,52,35,48,19,22,39,19,44,62,52,24,36,28
55,51,30,39,68,57,19,30,36,17,29,44,54,29,45,42,35,64,54,49,15,30,40,24,53,58,58,15,38,14
58,52,30,42,56,58,19,43,38,14,26,31,52,40,46,41,49,59,45,49,24,34,39,19,47,54,56,16,40,15
58,46,31,48,61,55,22,44,42,12,25,38,51,37,44,43,34,49,49,44,18,34,35,25,47,56,63,22,43,16
52,52,25,45,60,54,20,41,32,19,29,41,55,43,43,46,30,56,51,51,19,30,41,17,47,55,57,18,42,21
58,52,27,46,69,56,17,33,42,19,28,36,56,35,54,43,31,58,42,49,21,24,43,18,43,57,52,19,46,18
62,48,38,45,61,58,18,33,42,20,23,35,46,38,49,41,32,64,55,49,19,34,36,19,40,58,54,16,41,18
58,53,31,41,63,59,20,40,39,17,20,36,45,31,49,45,30,53,48,51,21,26,39,22,45,66,53,21,52,18
56,44,41,47,64,61,21,42,43,20,22,40,46,36,44,46,36,55,45,45,18,31,44,14,39,57,58,21,34,22
63,51,28,42,59,59,24,36,38,17,27,39,53,31,51,43,35,55,43,51,24,39,39,19,45,61,48,14,37,21
55,51,22,41,66,55,20,35,40,20,28,39,50,38,50,46,35,56,46,45,25,25,38,20,51,55,50,29,40,21
60,40,26,43,68,52,25,37,37,28,19,42,47,29,47,43,38,63,46,60,18,28,29,16,49,55,60,17,47,23
50,48,35,48,64,53,23,45,42,14,24,35,47,37,48,51,33,54,41,53,20,29,27,23,52,61,58,11,45,21
60,44,32,50,58,62,26,34,34,19,22,38,56,35,49,46,32,52,48,51,19,34,35,18,44,60,52,20,46,16
56,44,34,43,71,49,23,43,37,23,25,42,45,38,49,45,32,53,45,48,20,32,38,18,40,61,57,20,47,14
58,53,31,38,70,59,28,33,34,20,26,38,50,39,47,48,32,58,43,50,24,33,32,15,36,55,57,18,47,20
58,50,30,44,60,52,18,32,38,17,23,40,48,35,45,38,37,59,51,48,24,30,42,23,45,61,55,17,51,21
58,50,31,39,72,50,19,39,38,16,27,41,56,36,49,48,33,61,50,44,19,24,40,20,53,54,52,19,39,15
64,43,29,49,65,54,19,40,35,18,21,36,48,34,42,46,35,62,43,50,24,30,51,19,45,61,51,17,36,25
60,44,31,46,66,51,18,34,41,14,26,42,45,34,48,42,30,60,49,48,26,28,36,18,42,63,57,23,50,20
65,50,32,41,71,55,22,46,35,11,23,32,60,38,42,43,36,60,48,43,16,31,34,14,51,56,58,26,38,15
61,45,26,43,66,57,28,30,39,19,29,33,54,32,44,47,34,61,51,48,19,26,43,19,50,58,62,19,33,16
66,49,36,45,62,53,24,31,52,21,24,38,56,31,38,48,30,51,42,48,13,34,38,14,43,57,62,20,42,24
60,47,24,46,67,64,15,41,33,17,23,35,56,35,49,44,34,57,46,42,17,31,40,18,52,52,62,28,40,17
63,50,28,43,63,50,24,37,39,19,26,40,59,34,45,48,35,58,49,48,20,29,32,19,42,56,59,21,41,15
54,49,32,41,70,49,22,39,42,20,29,35,56,39,45,45,33,55,45,44,19,30,41,20,46,60,52,14,43,23
56,54,25,42,66,52,22,34,39,20,21,37,54,37,49,48,39,53,45,44,23,26,47,15,37,58,62,24,40,23
60,57,36,34,68,50,25,32,29,14,23,35,56,33,45,40,41,59,41,48,18,28,45,19,56,56,50,18,52,24
57,51,29,47,66,53,17,37,41,15,29,38,53,30,49,37,33,57,43,49,17,34,50,14,52,56,54,22,45,17
57,48,27,45,72,50,20,37,46,14,23,38,48,32,54,45,35,61,44,52,19,21,38,16,47,56,51,22,50,24
56,52,30,50,65,56,16,38,31,17,36,36,45,36,48,39,29,58,44,45,20,35,39,16,45,63,56,22,49,20
61,51,36,37,57,64,26,32,32,16,28,35,50,40,49,43,26,61,47,49,21,26,44,18,52,59,50,22,37,23
64,38,37,51,65,54,24,41,36,11,24,33,52,32,47,44,34,59,52,51,16,27,28,20,43,62,53,22,49,23
54,47,23,52,64,57,28,39,33,17,20,45,46,34,43,32,47,60,43,45,18,33,42,24,49,59,55,18,42,23
57,50,25,52,59,50,33,32,42,14,23,39,58,35,46,48,36,53,47,52,22,35,35,17,42,51,52,24,44,19
49,47,26,42,66,50,18,40,36,15,29,41,53,36,47,42,41,52,44,44,23,35,45,20,43,54,64,22,43,25
57,48,25,39,60,57,20,38,45,20,33,38,48,43,38,52,33,57,42,49,17,31,38,16,55,53,60,16,43,21
57,50,24,40,61,60,25,43,36,17,24,41,44,30,54,50,35,55,44,54,16,29,39,18,44,61,61,19,38,23
60,42,32,47,70,54,22,35,40,13,24,37,50,37,44,37,34,54,48,48,26,27,39,21,58,54,56,20,43,20
53,56,33,49,63,56,22,34,37,20,19,39,51,40,49,39,38,59,45,52,25,26,46,16,40,56,60,21,33,15
59,40,29,35,68,62,26,40,37,20,23,42,55,32,46,45,37,59,48,57,14,28,37,19,42,60,48,20,40,24
59,53,30,38,67,52,27,34,33,19,23,44,54,40,50,46,34,52,45,49,20,27,40,14,47,60,53,18,44,20
59,51,35,48,69,54,19,34,38,17,21,41,48,38,60,50,35,53,41,44,13,33,37,16,44,59,54,15,48,18
60,47,26,51,61,58,17,33,38,19,27,42,55,38,51,52,40,59,44,50,22,25,35,18,44,55,58,14,40,13
59,49,24,46,64,58,26,35,39,15,24,48,59,26,50,45,34,57,45,53,22,25,46,17,44,53,48,19,36,26
53,46,28,46,66,54,18,38,40,18,20,47,52,36,58,47,39,53,45,42,20,29,42,17,43,58,59,15,45,18
58,51,26,43,66,53,27,41,46,17,20,39,54,40,45,47,38,51,45,50,25,22,36,19,49,58,51,16,40,19
63,45,25,47,66,58,23,37,40,18,29,43,49,33,48,46,36,52,37,44,14,37,42,16,45,65,57,14,46,17
52,53,28,45,64,57,25,31,34,22,27,34,56,31,55,40,34,52,46,44,23,31,34,18,43,63,60,20,48,22
51,50,34,43,60,60,22,37,45,14,28,41,49,36,52,36,32,59,48,53,14,32,40,19,50,56,52,22,42,15
54,45,26,39,63,59,20,40,38,15,24,43,51,35,53,52,40,60,45,55,24,24,41,16,38,54,52,18,49,19
63,39,38,44,63,52,25,27,38,16,33,39,47,44,52,49,41,57,43,40,20,28,40,18,49,57,55,19,35,21
58,43,35,49,58,56,20,35,34,20,22,43,53,38,50,42,30,53,38,51,27,26,40,22,45,60,51,23,50,20
59,46,31,48,64,54,22,32,41,22,22,46,53,39,47,41,35,58,41,50,19,37,39,15,45,60,52,17,37,20
60,47,27,44,65,59,22,36,34,20,19,42,58,37,50,47,35,56,42,48,21,33,41,13,49,51,55,19,39,23
58,58,31,45,64,57,19,26,36,15,28,40,46,43,41,47,38,55,45,54,21,35,37,15,45,49,54,21,42,27
55,50,35,39,69,58,23,32,35,14,29,46,54,30,47,44,31,56,37,51,21,26,47,13,44,60,58,21,46,21
57,39,30,40,70,61,21,33,37,25,26,38,57,44,41,43,34,54,43,49,23,29,37,18,47,62,56,17,46,15
59,49,27,44,64,53,20,33,37,24,31,40,43,39,53,36,36,55,40,45,18,30,40,23,53,53,63,20,37,27
55,46,30,40,67,52,23,35,41,15,35,41,54,40,43,30,31,59,46,52,22,29,44,21,43,61,54,18,38,27
56,43,27,41,63,56,17,36,37,15,28,43,57,39,51,50,31,55,41,46,22,37,45,18,39,59,56,24,37,23
60,54,29,39,64,54,28,36,39,23,35,37,54,33,45,42,31,53,48,47,12,30,44,17,43,60,61,15,35,24
58,51,27,50,68,60,23,37,34,16,22,46,54,29,52,44,39,53,42,51,19,32,37,14,43,60,54,14,43,20
62,48,30,49,64,52,18,36,35,13,25,47,47,35,47,43,34,57,46,44,24,27,41,20,49,54,62,17,44,22
56,52,24,44,66,59,20,31,32,14,23,43,57,39,54,42,41,60,36,42,21,28,41,22,40,58,55,22,51,19
54,50,31,41,68,56,25,33,37,10,23,43,59,30,48,50,36,58,42,39,23,42,44,17,49,58,55,19,36,16
54,55,31,45,62,57,19,40,35,17,22,36,51,35,56,48,37,61,44,40,22,30,42,17,43,54,57,18,47,17
60,49,26,52,63,49,19,37,37,17,29,36,54,32,52,45,35,59,46,47,23,31,38,15,47,61,66,17,30,20
62,47,30,51,68,58,23,31,45,14,23,40,49,42,44,39,38,59,39,51,16,34,35,19,45,56,56,20,35,23
68,44,24,34,67,62,21,40,38,20,23,37,54,39,47,40,37,50,49,57,15,37,44,18,45,61,56,20,31,14
53,45,30,49,64,59,18,38,35,10,24,50,45,38,51,45,29,51,43,52,17,29,47,20,43,64,61,20,38,24
57,44,29,39,64,56,22,35,47,19,27,34,53,31,45,42,43,58,49,51,12,33,40,26,48,57,59,15,41,16
49,53,22,50,61,47,22,46,47,13,32,42,57,38,50,44,41,54,45,41,22,27,37,20,39,61,58,19,35,20
61,47,29,50,67,57,27,38,36,14,29,32,52,38,46,43,35,59,42,46,16,28,37,19,50,52,62,22,38,20
54,49,28,42,63,60,24,48,33,18,21,38,59,39,51,38,31,52,44,52,13,35,43,26,44,63,53,17,36,18
59,44,31,40,67,55,31,36,34,12,27,37,51,39,52,39,40,54,40,58,20,33,33,18,43,55,59,16,46,23
55,46,32,43,70,50,18,27,38,21,19,45,56,39,45,45,28,54,40,48,24,29,47,15,47,61,64,21,41,24
56,43,34,46,64,55,33,37,40,24,14,37,59,31,52,45,36,61,48,50,17,34,31,15,44,58,61,16,35,16
56,45,34,47,66,54,21,37,39,18,23,38,55,39,52,49,38,55,43,46,21,31,39,22,41,56,43,20,43,21
58,52,26,43,65,50,21,39,39,20,24,45,51,37,41,41,32,58,50,49,18,35,42,20,40,56,61,18,40,21
53,45,27,46,65,52,26,37,35,15,31,43,57,43,51,45,31,61,43,41,17,32,29,26,41,54,62,17,48,19
61,49,33,41,65,56,24,37,42,16,28,41,52,38,40,38,33,62,48,52,23,28,36,17,49,53,56,20,37,17
57,45,30,42,62,51,22,40,36,16,31,47,55,38,44,42,34,55,42,46,22,25,48,12,48,60,59,18,42,23
66,49,25,42,67,62,22,41,41,15,21,47,48,34,41,47,35,53,46,47,18,34,39,15,43,53,62,15,46,18
60,53,35,40,69,60,26,43,38,20,24,40,48,35,46,40,32,54,46,45,14,26,44,25,52,51,50,17,40,19
58,42,30,49,66,48,36,30,43,23,28,35,52,37,44,41,36,55,45,36,30,25,41,20,43,61,57,17,43,21
48,43,42,38,67,53,19,34,38,17,28,40,49,35,52,38,30,60,45,53,18,28,37,25,42,68,58,17,47,23
59,44,30,42,64,52,14,39,37,26,22,44,51,35,49,51,33,58,47,50,19,30,37,13,48,53,57,21,44,23
49,43,36,42,70,55,28,34,41,12,32,44,55,32,57,40,27,53,44,44,15,37,37,16,53,60,58,20,38,20
57,52,28,41,70,55,20,35,40,18,19,35,57,39,44,46,34,60,43,46,25,29,39,19,44,57,53,18,49,20
51,53,33,37,72,55,24,34,39,16,21,39,53,33,38,46,35,55,43,50,26,22,37,22,43,62,62,20,46,25
54,36,26,47,64,54,23,27,37,17,21,39,50,47,47,49,42,53,42,57,20,35,40,17,48,53,60,16,45,26
56,54,32,37,60,49,26,39,36,15,21,39,51,37,46,46,37,61,57,49,17,34,41,20,44,54,58,23,37,16
54,55,29,38,63,65,18,42,44,18,22,43,54,47,46,38,36,62,42,36,22,34,35,15,45,62,52,12,45,18
63,49,28,45,71,51,20,36,28,20,25,38,56,37,44,39,32,58,46,52,25,36,41,18,37,64,50,22,43,18
56,49,28,52,60,54,26,29,39,18,29,43,49,39,41,42,37,54,49,43,20,31,46,18,45,56,54,24,42,19
60,55,27,40,60,56,24,34,44,13,23,28,60,33,50,43,33,50,53,46,25,27,48,20,51,63,55,20,38,13
58,41,37,48,61,50,25,34,36,16,25,40,52,44,48,50,37,55,37,51,23,34,34,15,50,58,61,10,38,24
61,45,34,47,66,56,16,45,32,20,24,47,55,37,48,45,29,61,52,42,17,30,38,18,39,48,62,23,41,14
57,45,35,46,62,58,29,39,33,17,28,35,52,31,50,45,33,55,50,43,25,31,42,21,43,57,55,13,44,18
54,53,35,48,67,55,20,34,42,23,25,36,44,39,45,51,30,54,38,52,20,28,40,14,53,60,55,16,44,17
59,47,24,41,72,55,20,34,41,19,28,36,57,37,51,34,33,56,48,45,18,25,42,23,46,49,56,21,50,25
59,52,25,49,66,56,16,33,34,19,20,39,55,40,51,43,37,59,33,44,18,30,41,25,43,62,61,18,44,20
68,50,33,46,61,50,26,37,35,21,28,38,48,33,51,50,30,58,42,45,12,34,45,22,48,58,49,16,37,21
55,41,29,47,68,61,24,33,41,23,29,37,51,34,43,47,30,65,50,47,13,30,47,17,43,57,52,22,41,15
52,46,30,37,66,62,26,36,33,18,22,43,53,32,50,47,29,55,50,47,22,32,44,15,46,59,61,16,45,18
54,50,31,44,59,59,23,39,40,17,33,43,60,36,47,41,25,54,45,50,18,31,34,19,46,61,54,17,38,24
64,47,24,48,66,54,23,44,37,18,18,37,58,30,45,41,39,53,44,49,22,22,50,18,50,50,54,18,49,20
58,46,30,45,62,55,30,35,41,16,26,43,52,40,44,47,24,59,45,52,27,24,37,20,45,57,60,15,38,19
59,53,35,48,64,52,17,34,35,14,24,39,52,41,43,43,30,51,53,52,20,36,40,25,52,48,49,22,41,20
65,42,28,41,63,48,21,27,39,15,30,37,61,32,46,46,28,58,43,53,21,30,45,16,52,63,57,25,40,20
60,52,30,41,61,54,21,39,43,13,35,36,52,33,46,43,28,44,48,48,21,32,39,22,53,53,61,21,39,24
58,48,34,43,61,58,22,33,40,18,20,45,55,36,51,40,37,62,59,39,16,30,38,18,48,59,53,14,36,21
57,51,34,46,63,53,21,42,31,22,23,32,48,41,49,46,38,57,35,53,15,32,34,24,48,58,56,23,40,20
59,48,28,45,65,53,21,35,45,18,30,33,54,32,43,48,28,55,42,44,24,31,43,19,43,62,59,19,43,23
62,44,32,36,67,58,16,38,39,21,29,33,58,40,46,44,43,52,43,46,27,26,41,21,45,61,49,16,45,14
65,49,32,48,64,63,20,37,34,22,21,38,52,31,50,49,28,55,33,51,17,30,36,15,41,57,59,26,48,21
59,49,35,47,67,63,22,35,41,18,24,36,46,26,38,48,38,56,41,53,20,29,41,19,46,55,61,18,38,23
56,53,34,47,60,53,19,34,36,17,28,31,42,40,46,32,38,56,54,51,27,30,38,22,50,61,57,23,37,20
55,41,31,47,62,57,16,44,40,20,25,32,56,39,44,48,34,56,47,48,16,33,36,18,46,60,58,20,43,20
56,47,34,41,67,58,23,33,41,13,27,37,52,34,45,45,33,58,43,44,22,37,43,22,47,65,56,12,41,16
64,42,29,37,70,55,24,38,45,19,31,40,53,36,54,43,31,62,46,55,16,28,32,13,48,55,55,11,41,19
58,36,35,42,65,50,25,39,44,17,25,42,51,31,50,53,35,54,38,51,24,26,43,18,45,59,59,19,39,19
66,49,31,43,60,62,23,36,31,20,27,41,54,33,50,42,31,56,47,50,19,29,40,21,43,52,55,21,43,17
61,43,36,42,61,45,22,34,37,13,27,37,50,37,50,52,39,49,47,52,25,37,45,20,48,59,58,16,34,16
54,44,36,39,73,57,19,38,38,16,28,40,48,31,44,43,25,61,49,44,21,28,36,21,52,55,61,25,44,22
59,58,32,47,65,55,23,28,38,12,28,44,56,36,52,49,34,57,36,46,22,31,40,16,45,52,54,15,43,19
53,49,37,44,69,61,20,34,41,18,23,38,50,30,49,41,26,51,49,58,20,27,32,22,49,58,49,25,46,23
57,49,36,41,63,56,19,37,42,22,25,45,54,35,48,54,30,55,47,44,16,30,34,20,41,59,60,16,37,20
55,53,26,39,70,55,22,36,40,17,29,36,54,35,42,47,40,50,46,42,23,39,51,14,58,53,53,12,36,19
59,47,29,48,59,54,15,38,38,23,30,41,56,33,54,47,30,54,54,42,17,37,38,18,55,56,51,17,36,16
57,47,34,42,70,49,26,42,41,16,22,42,54,33,46,42,30,53,46,39,26,38,42,21,47,56,59,15,38,19
57,50,26,42,73,59,19,29,46,20,17,31,45,36,45,42,42,54,51,47,21,39,45,21,49,61,55,17,34,19
60,50,28,43,65,51,26,35,36,11,19,41,52,30,49,47,38,52,50,52,22,29,44,19,49,58,57,19,40,20
61,42,33,48,59,57,20,30,42,17,18,43,53,35,49,45,30,59,54,42,18,30,42,23,42,57,56,21,43,23
53,46,33,41,65,65,13,41,34,21,28,35,51,37,47,49,39,50,42,54,19,36,32,22,45,59,55,20,39,21
57,45,25,51,65,57,21,35,38,17,28,31,53,37,52,52,32,58,42,49,18,33,35,20,46,61,59,16,36,23
60,46,32,45,71,55,23,30,33,18,24,40,59,33,49,41,32,54,51,55,22,24,45,20,39,53,60,18,41,19
60,46,31,39,67,60,18,34,39,19,27,41,50,40,46,44,32,56,46,54,24,33,31,20,51,54,53,15,44,18
54,45,35,44,64,53,25,45,43,16,24,40,57,40,50,41,38,54,48,49,21,27,33,21,48,53,54,11,39,20
59,43,31,44,68,54,22,31,39,20,17,41,52,35,48,54,39,57,45,47,27,22,36,18,47,57,59,20,36,24
54,43,27,40,67,54,21,36,34,17,32,37,48,37,43,42,44,55,52,44,28,37,50,23,51,58,47,13,40,18
58,49,31,48,63,51,27,39,38,12,18,31,51,42,54,48,29,54,50,46,16,28,39,11,52,56,57,22,48,24
61,48,27,44,64,52,24,35,41,15,30,36,52,36,46,43,36,62,43,48,21,30,38,23,43,55,61,15,49,14
62,47,28,47,68,44,24,34,38,17,18,43,55,35,48,46,38,55,42,52,23,26,39,15,53,56,62,18,35,24
64,45,26,51,65,59,20,30,38,17,21,38,49,39,54,43,21,55,47,56,16,33,44,25,52,56,51,18,41,18
63,55,29,45,65,57,24,32,34,18,20,49,49,34,42,43,33,52,48,46,22,27,39,25,41,62,53,11,50,24
60,50,34,43,63,54,13,28,46,17,28,40,52,43,49,42,42,56,37,49,20,31,43,24,38,59,55,22,36,18
59,50,30,42,68,53,21,41,37,16,26,37,47,29,44,45,32,56,46,52,23,30,42,20,49,56,63,19,45,14
60,44,27,46,63,56,21,41,40,21,27,41,59,31,46,42,38,55,44,45,17,27,42,25,46,59,57,14,42,16
55,43,32,45,70,53,27,40,42,18,23,30,57,31,51,36,32,60,49,52,17,28,33,23,38,65,58,18,49,17
52,55,32,38,71,59,16,44,47,16,28,35,49,38,41,49,39,58,39,50,20,27,45,14,44,53,57,20,41,15
60,46,33,44,67,52,20,38,41,21,27,43,48,41,44,43,37,63,44,41,17,24,44,16,47,58,56,18,38,21
55,38,23,50,66,59,19,37,42,17,30,37,49,37,46,51,34,57,44,50,20,35,38,16,39,59,56,24,42,22
62,50,31,41,67,58,21,30,37,18,21,47,47,32,47,52,34,62,44,41,23,40,35,20,50,62,52,14,37,17
62,50,21,46,58,56,26,30,42,17,25,40,52,40,44,39,33,61,47,54,17,29,42,16,47,52,62,18,38,28
53,46,32,38,69,62,26,35,52,19,29,39,53,40,46,53,35,56,38,42,18,26,37,15,49,60,57,16,32,19
57,43,41,44,62,49,20,41,44,16,25,40,56,43,56,43,26,49,43,47,20,27,44,26,42,56,57,20,39,16
65,55,29,43,63,57,22,30,39,23,27,39,49,35,47,38,30,56,43,39,24,32,40,19,40,57,59,23,48,21
52,44,23,49,68,54,21,46,33,22,22,42,42,35,49,42,33,60,46,49,15,39,38,24,45,59,52,24,45,19
62,43,28,40,72,62,19,29,36,21,26,44,55,33,46,49,36,60,39,50,21,23,35,16,49,65,57,21,35,20
59,46,31,51,70,57,16,38,37,19,24,42,51,36,56,44,35,58,43,49,14,30,40,17,40,60,52,20,36,21
51,46,31,47,63,55,22,30,32,19,26,40,52,35,55,50,39,50,45,47,22,31,40,16,49,61,51,24,41,22
54,60,29,42,63,55,26,34,34,17,24,43,61,32,47,44,33,60,46,45,19,33,35,18,40,55,60,23,42,18
57,46,26,42,67,60,21,47,35,14,27,39,57,36,49,41,35,62,43,44,21,27,41,18,46,54,50,24,46,17
62,47,33,50,66,50,16,40,46,16,24,44,48,37,47,48,31,53,53,46,18,29,35,16,44,55,58,17,46,17
54,36,25,55,64,60,19,42,42,19,22,31,54,38,43,41,36,55,49,45,25,30,41,24,54,51,52,23,45,17
56,42,36,49,68,61,23,34,41,16,27,44,52,36,50,42,32,55,54,47,16,21,39,20,41,52,56,17,45,20
65,48,31,43,65,58,20,35,37,22,19,38,55,33,50,46,25,56,48,46,21,29,35,21,40,61,60,17,47,21
52,50,39,48,66,60,20,29,34,21,21,37,55,41,43,45,25,53,59,47,21,34,38,20,45,59,55,13,44,18
60,50,30,45,63,57,21,40,38,22,19,39,52,27,43,48,36,57,41,42,22,38,36,20,40,53,60,18,50,25
59,46,29,42,65,58,22,35,41,16,25,46,55,34,48,50,27,44,49,50,24,32,42,17,41,59,62,21,40,13
56,55,31,46,71,59,11,48,36,20,21,36,57,42,41,42,35,52,41,48,22,27,38,18,49,59,55,24,34,18
59,51,28,47,68,52,27,38,39,25,20,44,41,30,47,43,29,57,42,47,16,32,34,17,63,58,61,16,47,14
56,49,30,36,60,58,27,42,40,12,27,40,47,42,46,33,37,51,49,53,23,34,36,14,43,60,58,23,43,23
55,43,39,49,67,63,24,31,40,19,28,38,49,35,55,46,36,59,39,41,18,28,35,23,41,55,55,18,42,21
52,52,33,42,59,59,17,26,35,18,30,37,55,39,48,46,38,59,49,51,19,36,46,23,39,49,50,20,46,19
62,49,31,41,70,56,23,39,39,24,26,40,60,33,42,48,31,51,44,41,17,24,37,22,50,58,56,17,49,12
56,48,32,43,68,57,22,36,37,22,17,42,47,42,48,42,37,51,45,46,20,36,31,20,47,60,57,20,44,19
56,45,19,49,63,54,19,38,33,17,22,46,46,41,48,43,39,57,46,49,24,23,43,21,54,56,58,15,46,22
48,53,28,44,62,65,24,31,42,20,26,46,47,29,46,44,39,59,40,44,18,34,39,17,52,55,57,15,49,19
58,48,25,47,63,50,16,37,35,18,22,48,54,37,40,45,33,61,54,44,18,31,43,19,41,60,52,19,47,27
61,46,32,50,61,54,20,34,40,25,23,46,57,45,48,43,25,53,40,41,16,28,48,19,47,49,56,23,46,16
55,53,33,45,64,57,22,30,31,12,26,37,54,45,43,48,30,50,48,49,18,38,44,18,50,53,58,20,40,21
58,48,25,43,71,57,30,38,43,21,27,32,61,35,41,51,35,50,47,42,19,30,31,17,46,54,59,18,43,20
58,51,36,46,65,60,21,29,47,16,20,32,51,37,50,41,28,58,42,48,19,32,41,25,46,59,58,16,40,20
57,49,30,48,66,49,30,33,43,16,20,33,50,31,48,46,39,57,43,50,17,31,44,18,44,59,60,21,42,18
48,45,32,54,61,55,21,35,46,13,27,45,47,32,51,42,38,54,47,37,22,28,38,25,50,60,57,20,46,16
59,46,27,40,65,52,17,41,41,18,24,41,52,40,53,41,42,56,41,48,23,32,36,17,42,62,61,16,41,18
55,43,36,44,66,56,24,38,31,16,28,38,56,37,50,52,39,53,48,46,21,28,37,26,46,61,46,21,36,14
53,40,30,47,70,62,24,27,43,20,19,43,52,34,48,29,32,57,46,41,21,32,41,21,48,60,62,22,47,21
63,42,31,44,60,55,31,30,44,14,30,44,55,37,48,50,34,58,46,49,17,27,33,17,47,53,61,22,35,15
61,50,28,44,70,58,21,36,38,18,24,43,49,37,51,52,42,55,41,47,11,37,32,19,44,58,56,12,44,14
58,49,32,40,65,51,13,43,42,20,21,48,56,37,45,45,31,54,48,42,18,27,46,18,57,55,58,19,40,14
56,44,36,49,65,58,31,36,40,27,26,42,56,37,45,48,24,51,39,44,22,24,35,20,45,53,61,12,51,15
61,50,35,37,67,59,23,37,37,16,24,31,47,37,56,42,33,60,43,63,23,30,45,18,55,44,52,13,34,20
58,39,26,46,66,47,17,41,49,18,25,36,50,37,46,54,37,58,42,51,16,34,29,20,46,59,53,18,52,22
56,46,30,45,68,53,23,32,36,20,27,39,44,37,46,47,35,52,41,47,21,35,41,24,40,60,60,23,42,22
56,53,32,44,64,55,23,28,47,18,23,40,50,40,52,46,35,52,37,56,26,26,36,22,50,46,53,15,45,22
65,40,28,44,67,47,21,41,33,17,29,45,50,36,53,43,28,58,41,51,22,34,39,17,51,57,58,14,40,23
63,43,26,38,64,52,28,41,37,20,26,44,46,33,42,42,37,53,53,48,29,29,47,15,44,56,58,14,48,16
58,42,28,46,69,61,18,28,43,22,20,44,59,35,54,40,29,57,42,49,21,35,38,18,45,58,56,22,37,18
48,52,28,40,66,62,19,43,37,16,19,36,51,41,42,37,43,64,43,54,15,29,41,23,53,53,57,19,44,17
58,50,30,49,66,57,22,37,31,23,25,36,49,45,37,45,38,52,45,54,26,32,39,24,47,56,52,9,39,19
54,47,27,38,63,52,26,41,44,15,23,42,60,44,49,51,33,61,47,45,18,30,36,17,45,51,62,14,36,21
57,38,29,47,68,51,32,43,42,17,18,41,49,28,49,43,36,59,39,46,30,31,46,20,50,64,53,23,32,11
57,47,30,40,65,62,22,43,39,20,23,35,51,39,50,48,34,50,50,46,17,34,40,14,38,62,54,18,43,21
57,55,27,44,64,54,21,33,32,14,29,47,47,42,50,39,37,53,40,49,14,36,39,23,49,55,56,16,49,21
57,49,30,49,70,55,22,38,34,15,22,35,49,28,51,40,27,52,53,57,19,31,35,22,55,63,55,24,36,19
49,49,30,47,66,52,20,39,38,18,29,46,57,35,51,40,29,57,46,50,16,29,27,22,47,61,56,17,49,20
55,56,38,51,59,52,23,41,36,18,23,40,45,32,46,38,27,66,43,52,22,30,40,19,46,56,56,13,48,21
50,55,31,41,67,57,20,31,39,12,23,43,56,40,41,41,31,56,48,47,23,43,42,21,38,60,51,15,45,25
59,46,27,43,73,62,24,36,44,16,27,34,54,30,45,47,27,58,50,40,20,24,40,17,50,57,58,17,46,21
61,50,28,40,69,49,15,45,41,19,21,37,53,33,43,34,33,59,45,52,24,27,32,29,47,59,60,24,38,25
62,44,38,34,67,54,16,35,37,21,25,40,56,36,51,53,32,54,46,55,16,30,42,17,45,55,52,15,40,24
57,50,30,42,71,60,24,32,36,10,29,38,54,35,51,49,38,61,48,46,13,29,34,21,48,51,53,21,43,18
56,49,31,43,62,55,21,35,38,15,26,46,54,35,44,48,34,52,46,52,19,32,35,19,47,61,56,16,46,19
60,42,27,49,60,46,17,38,33,14,24,48,55,42,42,48,36,57,57,41,21,31,41,20,46,57,54,20,45,21
60,54,33,36,63,52,23,32,38,14,24,39,60,34,39,59,32,57,48,42,22,26,34,23,49,59,54,21,40,25
53,49,26,38,63,59,20,33,48,15,24,45,44,34,53,46,31,59,40,40,16,38,36,19,50,59,56,26,48,24
56,48,31,42,66,52,26,49,34,16,16,44,52,33,45,40,28,48,50,54,25,31,32,15,57,56,62,20,44,20
56,46,24,40,63,58,26,39,40,17,29,42,53,37,46,44,32,64,47,40,19,27,43,20,43,58,53,20,45,21
63,45,34,43,68,53,19,30,39,18,31,32,60,33,48,48,39,55,42,46,22,32,35,21,44,57,62,15,44,14
57,41,31,33,61,50,20,37,42,13,25,37,58,40,41,44,39,57,53,47,15,31,37,24,49,63,61,24,38,24
58,53,18,37,66,56,23,32,44,20,34,44,51,40,41,39,31,56,48,54,16,35,44,18,42,58,57,16,43,18
57,47,30,48,65,58,32,33,33,19,27,43,55,33,50,44,29,54,37,44,24,29,44,18,53,52,52,19,41,22
57,52,28,45,67,60,19,43,35,14,31,38,47,37,46,49,38,62,35,52,18,35,30,18,49,59,50,17,38,23
55,48,34,50,62,49,19,30,38,22,32,40,53,36,42,38,32,56,43,50,14,37,33,16,47,63,62,17,55,19
49,45,36,45,62,52,24,37,44,18,36,42,51,38,49,37,36,51,45,44,17,33,42,27,44,56,50,21,45,16
60,49,29,36,65,52,12,34,38,18,24,44,56,28,37,50,32,51,44,54,28,35,42,19,45,62,56,14,52,26
64,53,24,43,70,55,22,36,43,18,29,39,54,30,39,44,36,53,36,43,20,35,37,17,48,54,62,17,43,28
51,52,30,42,70,53,21,37,42,13,28,41,53,48,45,43,36,55,48,48,22,29,28,21,45,59,56,20,41,15
54,46,33,42,68,46,21,34,36,24,25,44,62,31,44,44,33,67,42,51,19,33,36,20,54,47,61,15,43,17
61,53,31,46,63,49,21,32,42,18,26,41,51,43,50,42,35,50,42,50,20,22,35,22,51,59,61,14,44,18
56,50,31,33,65,58,19,30,41,21,33,31,53,42,50,48,38,59,44,46,22,30,35,24,41,61,57,16,38,20
58,45,22,44,59,49,24,38,35,15,29,40,52,35,39,49,35,59,49,41,13,43,45,16,57,57,60,20,48,16
51,51,22,37,68,45,18,40,37,21,27,40,57,38,51,43,30,63,39,48,25,34,33,16,42,61,64,18,50,23
55,49,27,39,69,56,25,39,28,21,17,34,54,34,53,44,27,61,41,52,26,31,47,22,44,59,57,21,46,14
57,50,28,46,64,60,22,36,39,15,26,46,53,28,46,51,29,54,42,52,24,29,27,12,51,61,60,19,43,22
52,50,34,44,59,50,28,39,40,11,24,41,43,39,49,44,38,56,43,44,25,33,44,26,44,63,49,14,44,22
53,47,34,41,66,51,24,44,35,15,27,40,55,36,53,47,37,55,43,50,19,30,39,17,49,59,54,15,36,21
62,52,22,40,68,60,26,44,38,16,24,40,47,33,46,47,42,58,45,49,20,20,32,20,45,56,64,17,35,24
56,48,25,40,66,55,25,39,33,21,24,35,48,34,47,48,36,59,52,44,18,38,46,14,40,65,55,19,43,19
60,49,35,40,61,56,21,40,40,15,29,41,55,35,50,41,33,64,39,53,20,31,34,16,48,55,58,14,48,11
56,39,33,51,65,56,24,41,32,22,24,35,51,50,43,49,39,61,44,45,22,25,36,18,52,50,49,21,39,20
54,46,27,40,56,58,18,43,36,27,26,35,54,36,50,37,38,55,41,51,22,32,40,15,52,53,60,22,49,19
60,51,33,36,61,62,22,35,44,24,23,34,48,33,42,43,41,53,44,57,23,38,34,17,52,56,56,17,38,15
61,51,24,43,65,64,23,33,38,22,32,29,49,33,43,45,36,57,51,44,18,37,31,19,48,62,63,17,39,15
59,51,25,44,66,56,22,37,38,20,24,42,47,41,40,47,37,61,46,58,14,32,42,24,45,54,52,14,37,17
59,46,21,50,65,54,26,37,41,18,34,40,50,36,43,53,30,59,39,42,20,28,33,14,47,59,59,21,44,24
55,37,31,52,70,53,19,42,40,28,24,40,48,40,43,52,32,54,43,45,16,26,36,23,51,60,52,18,40,22
56,47,30,45,66,58,19,39,32,22,19,41,61,34,48,46,38,55,49,49,15,21,39,17,50,56,58,28,43,11
60,41,24,48,66,56,33,30,40,19,21,39,50,40,45,51,34,62,43,47,23,32,37,21,42,56,50,19,39,24
57,50,37,42,63,52,22,31,34,12,26,35,51,44,44,54,31,67,43,44,30,31,44,23,47,54,56,12,37,19
60,50,31,48,61,61,21,33,38,25,20,40,55,39,51,40,35,51,39,52,13,27,39,24,49,56,59,19,33,23
57,49,25,42,62,61,17,33,36,16,18,42,49,40,49,43,35,56,46,52,19,32,41,23,47,59,62,19,44,18
60,45,32,40,59,48,21,29,38,19,24,38,62,33,47,47,37,61,50,48,21,25,32,19,53,63,64,15,44,18
60,44,29,47,67,51,23,25,38,13,22,34,57,49,48,45,35,53,48,42,23,39,35,23,44,62,56,17,41,22
56,48,30,47,67,52,21,28,35,20,27,36,54,39,50,47,28,53,57,55,13,29,36,20,46,56,51,22,45,24
58,53,33,38,65,56,19,39,33,15,24,40,56,38,47,41,34,56,41,49,16,34,38,22,50,57,58,22,45,15
56,45,30,54,67,58,23,38,40,20,23,38,46,32,41,45,33,57,51,54,18,31,32,17,47,55,59,14,51,17
60,50,32,47,64,55,21,35,32,18,29,42,59,38,45,47,34,58,39,50,18,23,38,22,44,53,58,23,36,22
66,53,25,40,68,51,25,26,44,23,23,38,53,34,46,51,33,54,44,50,21,29,44,17,44,60,55,16,39,20
57,45,32,46,61,59,24,33,41,14,31,35,52,41,49,38,33,56,48,42,21,28,37,17,51,62,53,18,48,20
55,50,32,49,61,59,18,34,44,23,29,34,49,27,50,45,32,53,55,50,21,28,42,17,42,61,56,16,42,18
58,42,31,43,67,54,22,41,40,21,34,36,51,40,43,41,36,55,40,49,21,34,42,19,44,58,51,19,37,23
59,45,29,41,64,63,24,38,29,18,16,41,44,41,46,44,38,57,45,50,23,33,44,25,40,54,52,18,49,22
55,41,29,48,63,53,23,37,42,11,25,38,55,32,45,43,37,53,50,39,25,28,46,23,50,58,58,19,45,21
56,46,34,52,57,56,26,40,42,18,22,44,60,44,41,47,38,55,42,35,21,28,41,16,48,56,61,16,31,19
63,39,31,37,66,47,20,30,39,24,25,38,52,42,56,42,43,52,47,58,21,33,38,17,44,60,54,17,44,13
61,54,32,39,58,54,21,33,39,17,30,40,56,33,45,44,31,57,44,46,15,33,41,23,40,60,61,20,42,23
56,48,22,35,66,46,17,41,37,17,26,42,58,40,45,43,30,61,45,56,18,42,35,23,42,57,60,23,40,21
50,50,32,44,67,66,18,37,36,19,20,38,57,37,45,52,30,51,48,39,19,31,37,17,52,57,56,15,49,23
52,49,35,42,66,57,19,36,42,9,35,46,50,35,53,48,37,57,47,41,17,28,41,20,47,54,61,16,31,21
65,47,28,43,66,60,20,36,31,16,25,38,51,37,53,46,38,57,48,44,18,29,45,15,47,57,53,17,44,18
51,55,37,37,64,52,21,33,36,22,23,44,50,38,40,45,35,57,50,46,15,23,42,26,54,63,61,15,38,19
57,54,19,38,59,55,17,42,43,18,27,38,55,37,48,52,34,55,46,46,23,30,48,19,46,56,55,19,35,21
61,52,31,43,62,60,27,34,32,17,21,38,57,36,48,37,32,50,45,49,26,34,43,11,43,56,58,25,42,22
58,50,34,43,65,55,22,40,45,23,18,39,41,41,44,40,33,52,45,54,21,32,43,20,41,60,58,20,42,13
63,48,28,41,69,63,18,27,41,17,23,47,47,32,59,46,36,57,46,47,19,27,37,18,51,53,51,19,40,22
60,44,29,37,59,55,25,39,44,22,21,39,45,47,52,49,37,67,52,49,15,24,38,14,46,53,58,15,32,25
58,40,24,43,63,55,17,41,49,20,25,47,45,39,44,53,33,61,44,48,22,30,39,18,46,54,50,20,35,29
60,44,26,39,62,59,24,36,37,18,23,41,57,36,43,52,32,58,56,52,25,25,38,15,46,59,52,14,41,22
55,40,30,47,67,54,30,40,47,12,29,35,55,31,47,44,41,54,45,51,23,20,34,17,50,63,61,13,36,21
58,48,24,48,68,50,28,34,45,19,32,40,52,38,36,50,32,52,42,38,19,32,44,17,44,57,64,16,43,22
54,43,28,48,64,55,20,36,36,22,22,42,52,36,44,46,37,56,51,47,16,32,41,24,47,56,53,22,40,22
68,41,25,45,64,57,24,34,44,16,23,41,52,45,44,51,34,61,35,44,19,30,37,13,47,65,53,16,45,19
53,47,29,47,67,59,22,32,41,21,26,48,58,40,44,46,35,52,39,49,17,28,42,15,47,53,49,19,42,25
52,45,20,45,68,54,24,32,36,18,30,41,52,37,59,41,36,58,48,42,23,31,41,21,46,54,52,22,39,25
64,41,28,40,71,57,19,30,43,11,23,29,55,27,45,50,41,54,38,45,26,34,48,21,42,51,64,22,50,23
63,50,23,45,68,59,19,40,32,18,33,35,47,38,46,47,36,55,52,41,19,29,36,19,46,59,55,22,37,23
58,49,32,45,68,59,20,40,35,21,24,39,51,30,49,46,30,58,37,53,14,35,33,12,50,64,59,18,46,17
66,50,32,35,71,66,26,37,34,20,20,32,59,35,48,38,36,58,45,46,20,23,42,18,47,56,50,20,45,17
55,43,29,40,63,57,18,36,46,26,28,36,53,37,44,43,36,55,47,46,22,41,41,19,46,59,54,11,40,21
59,53,28,48,67,54,26,34,41,16,24,33,52,41,48,46,34,52,42,43,17,24,35,20,47,61,56,21,48,22
62,48,29,43,64,54,19,34,41,22,22,41,55,35,47,42,32,50,42,46,19,36,42,18,48,61,54,19,48,19
58,46,32,52,66,56,24,39,44,18,22,45,56,30,47,41,35,52,36,42,13,28,37,21,47,65,53,23,43,21
63,43,29,39,67,61,18,35,42,18,29,37,54,36,54,38,31,65,48,48,16,33,43,14,48,59,53,17,42,12
53,43,34,39,70,58,21,40,35,19,21,41,52,40,49,45,30,55,40,45,20,35,38,20,53,60,55,15,42,24
59,53,28,38,63,61,23,34,40,19,25,40,56,39,49,47,37,58,44,42,22,31,38,12,48,63,50,17,33,23
58,44,25,39,67,57,20,40,41,15,28,37,51,33,47,48,36,54,42,46,22,33,46,19,40,56,65,22,39,22
60,58,37,45,64,54,21,29,42,21,16,37,55,40,47,38,38,54,44,57,19,31,37,18,36,68,56,18,35,17
64,53,28,38,62,59,22,41,40,24,29,31,57,28,45,44,29,58,48,44,22,24,36,20,49,58,54,22,41,22
61,49,25,42,59,48,34,43,37,16,27,42,55,32,51,45,34,49,46,51,15,35,41,21,46,52,59,13,44,20
56,47,24,41,67,55,18,39,43,24,32,45,51,27,47,46,37,59,44,48,21,34,41,15,42,57,55,16,38,23
52,49,34,44,65,52,17,44,38,14,30,42,51,35,33,45,39,58,49,47,18,37,39,22,48,55,54,21,46,14
61,46,25,48,65,47,22,22,40,25,33,43,51,30,50,43,36,57,43,42,19,42,38,18,52,63,53,16,40,22
55,52,30,41,63,52,21,38,35,20,29,44,48,33,49,46,41,68,38,50,20,27,41,14,47,58,57,16,39,20
66,53,35,42,67,60,21,39,36,16,18,45,52,30,44,43,34,48,41,54,20,34,41,17,45,54,57,22,39,19
57,49,26,42,59,51,25,45,44,15,25,35,49,34,42,49,40,55,50,55,19,33,46,18,48,58,55,21,33,14
52,51,32,49,71,57,25,32,40,19,25,43,48,38,48,37,30,51,40,49,20,42,35,19,47,57,58,17,39,21
61,49,30,46,67,55,26,43,29,15,22,36,48,41,44,47,38,54,42,48,26,31,42,20,41,56,57,18,40,20
62,54,25,45,67,50,28,36,35,10,22,38,46,37,47,42,27,58,47,55,19,27,43,22,53,59,53,20,41,24
61,48,27,53,70,63,23,36,39,16,22,41,60,33,41,46,43,49,39,48,22,27,26,24,44,57,64,15,35,20
57,45,29,44,71,56,18,46,32,21,33,41,50,33,43,41,28,63,42,46,23,30,39,17,41,61,50,20,50,22
54,47,27,48,64,57,20,41,42,24,25,39,54,42,52,44,34,55,41,44,17,26,33,18,49,56,60,16,39,24
59,50,30,45,70,57,18,34,40,18,15,44,44,30,45,43,29,55,42,51,18,30,50,18,48,66,56,23,44,20
59,48,26,46,64,59,19,30,33,20,25,42,55,36,46,49,40,54,49,56,25,27,37,17,39,56,57,18,38,22
55,39,29,43,67,58,22,30,41,19,20,45,52,36,50,47,32,61,47,51,19,32,41,20,42,58,55,18,38,25
56,47,28,44,68,53,24,36,40,16,27,28,46,35,47,51,45,53,47,53,19,31,43,19,47,56,53,22,43,15
56,58,33,42,64,57,18,39,34,17,28,37,47,35,43,58,40,50,51,49,24,29,36,15,51,56,52,21,38,14
50,51,32,44,75,57,21,45,35,13,24,42,57,31,48,38,32,55,42,51,14,32,37,18,50,56,57,16,43,26
53,45,30,39,67,55,25,41,34,18,30,40,53,37,51,38,34,59,48,43,20,29,39,24,50,59,50,20,35,26
54,46,32,47,60,56,19,32,39,16,26,44,60,36,46,49,33,53,39,41,20,33,39,12,48,64,60,19,41,28
64,44,22,42,66,56,26,43,40,19,24,31,52,36,47,51,32,54,51,46,21,28,48,15,44,59,58,13,43,17
60,53,34,44,67,56,23,31,36,17,24,37,51,35,39,47,37,54,43,52,23,33,37,17,45,65,44,25,45,18
59,52,25,49,62,57,21,40,36,20,24,42,54,32,56,41,28,54,37,53,21,33,41,15,49,60,54,18,39,20
62,42,29,45,61,57,23,31,37,15,19,42,53,44,53,52,36,57,48,51,22,37,36,16,40,57,53,15,44,15
58,49,26,41,69,52,25,39,32,9,28,36,54,37,50,50,32,56,48,46,21,40,52,11,44,52,55,21,38,21
53,45,26,43,63,46,24,32,39,18,22,41,56,40,49,43,40,59,44,48,16,31,47,22,46,59,63,21,39,17
59,46,30,43,61,55,21,32,38,18,26,40,51,35,45,46,33,59,44,47,19,34,38,17,49,65,63,17,39,22
57,49,37,42,66,55,20,38,35,19,26,42,51,33,49,47,32,59,45,42,21,24,42,27,55,50,60,15,36,18
58,46,27,41,66,56,18,41,38,20,24,32,47,41,47,43,29,61,51,46,19,34,35,18,57,60,61,18,38,20
58,40,35,45,67,52,23,39,37,21,33,35,57,34,49,39,35,56,53,43,16,30,42,17,42,61,58,20,42,13
66,44,23,48,57,58,23,36,38,19,25,33,51,31,55,47,40,55,43,50,16,32,39,25,51,60,58,16,34,19
57,50,29,43,69,56,21,31,33,22,20,31,56,37,46,38,42,51,43,54,21,33,43,19,54,53,53,15,47,25
56,48,26,45,61,48,26,40,40,15,21,39,58,37,54,45,34,58,44,54,16,35,32,17,52,57,56,19,46,13
60,46,27,46,66,65,23,41,40,18,27,39,58,29,50,45,35,51,47,47,16,24,37,21,45,59,58,11,47,14
53,44,21,45,62,49,21,41,37,19,23,43,57,34,44,49,36,52,44,43,22,40,41,20,43,62,62,24,42,19
63,48,32,50,72,54,16,29,41,18,24,46,53,32,47,50,34,52,40,48,14,35,28,20,48,62,54,15,42,25
48,49,25,41,68,61,27,31,44,20,23,42,51,41,38,45,35,51,48,44,21,33,33,16,50,64,57,20,47,19
61,49,24,41,62,62,26,37,40,15,28,39,54,38,37,46,37,62,42,55,15,36,35,18,45,64,49,18,37,20
52,45,35,47,69,52,27,31,43,21,26,35,56,30,49,50,39,56,44,48,13,27,33,17,53,58,59,18,40,19
57,47,36,51,64,57,23,34,41,18,19,34,55,39,43,53,45,46,39,47,14,30,42,17,40,61,61,17,42,20
61,46,29,42,67,62,25,31,46,16,24,35,56,45,44,46,38,54,37,42,22,37,33,15,48,59,56,16,41,19
58,49,22,47,65,56,22,36,33,23,20,26,57,29,52,50,38,51,47,45,22,30,43,16,52,63,54,18,43,25
58,46,27,47,66,48,21,36,29,22,27,36,58,40,49,48,35,51,47,47,17,30,44,22,46,58,53,18,40,26
57,41,31,43,65,64,20,35,39,14,28,37,51,40,51,45,39,56,42,41,22,28,38,19,43,62,53,18,47,23
58,46,28,49,66,56,20,44,31,12,28,37,50,37,55,47,41,51,41,44,23,36,30,21,52,58,55,17,41,18
51,50,33,33,69,66,21,36,40,17,20,41,50,43,39,37,40,58,56,43,18,29,35,17,54,56,54,28,38,20
58,49,34,49,58,52,15,34,37,17,33,33,52,40,52,41,34,60,46,47,22,24,44,12,42,57,59,19,50,22
60,53,33,35,59,53,27,41,42,14,22,33,52,29,46,41,43,53,49,45,15,37,41,17,47,51,60,20,52,22
56,56,29,46,63,56,18,30,50,17,25,40,53,34,44,42,32,62,50,44,16,32,42,15,45,59,48,22,45,21
53,52,30,51,65,60,19,36,36,16,25,39,52,44,40,40,34,56,38,54,22,30,42,18,54,58,51,16,41,20
54,43,27,48,63,52,26,35,39,16,27,41,48,39,56,44,37,54,48,43,23,29,42,20,36,59,58,14,50,21
60,50,32,45,62,56,19,29,43,22,23,34,53,36,55,50,31,48,46,51,20,27,37,21,41,63,61,22,40,15
60,46,29,34,65,57,22,38,39,23,22,38,53,37,48,36,35,48,52,42,24,34,36,23,56,55,65,17,35,23
64,59,30,42,65,56,25,33,34,14,26,35,55,38,46,45,32,54,33,43,20,36,44,14,41,53,59,27,46,23
58,48,20,37,67,55,25,41,40,20,34,45,54,38,52,50,27,53,49,50,22,30,32,20,45,58,51,16,38,17
55,44,22,49,65,60,26,40,37,19,19,40,46,32,46,53,31,60,41,49,25,33,32,18,45,57,64,22,44,18
58,45,29,45,68,48,20,38,39,15,19,30,56,40,50,47,33,57,48,49,18,30,36,13,48,65,57,25,46,20
60,49,25,47,68,54,16,37,42,21,22,36,47,36,45,48,40,57,42,58,20,30,34,20,42,62,60,16,38,20
52,46,32,44,66,60,22,30,49,13,17,38,54,37,48,44,38,57,36,56,20,34,35,18,58,49,58,24,41,16
62,50,33,45,66,56,22,31,34,16,27,41,56,36,54,47,35,56,42,50,24,23,39,13,43,53,63,18,40,17
62,47,26,43,61,59,22,35,36,20,31,33,46,39,50,39,40,54,45,45,20,34,42,20,43,60,52,21,46,21
61,45,29,42,69,61,23,35,42,18,24,43,52,40,48,44,32,60,44,43,22,31,42,17,45,57,53,14,41,15
66,47,27,39,61,55,20,37,41,23,25,37,50,40,36,47,39,52,47,51,17,34,42,18,42,54,64,23,39,19
67,46,38,51,54,53,21,31,34,18,19,34,50,32,48,60,33,55,50,45,15,35,45,15,43,62,53,20,42,23
66,43,29,50,63,57,16,38,39,11,22,38,52,41,55,46,33,55,44,47,20,25,43,21,47,53,58,21,42,17
59,50,30,45,62,53,24,50,39,14,15,37,46,39,51,49,34,59,45,38,16,27,43,23,48,57,54,19,48,18
54,40,32,38,60,52,26,36,43,22,22,39,53,41,49,46,34,60,47,50,18,32,46,22,35,55,55,16,42,27
53,44,30,45,70,61,24,29,39,16,25,42,45,44,44,45,40,54,46,47,18,35,41,16,50,56,56,18,36,23
63,49,27,51,63,60,27,30,36,21,27,34,54,33,47,43,32,55,38,36,21,32,48,19,47,59,55,22,41,22
60,39,30,45,64,51,18,36,41,14,21,50,62,34,45,44,37,48,50,46,20,19,43,25,46,63,56,22,40,23
61,55,32,39,64,60,16,39,33,15,30,38,60,30,51,45,32,53,45,47,20,33,40,16,50,59,49,20,43,17
63,43,27,54,68,58,24,39,35,15,19,41,54,36,46,51,30,54,46,43,16,24,39,21,52,53,54,23,41,23
60,43,30,46,60,66,29,31,42,15,24,37,47,36,49,35,40,50,47,51,21,33,36,23,43,53,59,23,44,19
55,56,31,39,69,51,21,40,40,17,21,36,51,33,52,46,39,63,39,41,20,30,35,25,41,56,62,21,44,18
57,51,25,44,67,61,25,32,44,20,34,40,49,44,43,40,34,54,47,43,20,32,38,10,51,59,61,12,35,20
59,51,30,48,66,57,18,35,35,14,31,41,52,29,43,47,37,56,44,53,20,30,33,23,45,57,60,21,38,19
48,49,28,40,69,54,20,41,36,15,29,43,53,40,49,46,44,49,42,46,19,38,38,19,47,56,61,24,30,19
57,53,21,43,68,60,24,33,34,19,26,34,53,34,47,41,39,46,47,51,21,33,43,16,37,64,61,17,44,26
58,46,38,48,66,60,18,24,39,19,22,41,44,40,42,48,31,60,43,44,20,34,44,20,49,51,55,23,45,20
46,53,31,41,65,64,21,36,44,17,27,37,54,45,49,47,33,50,44,44,23,30,34,17,41,63,52,19,43,22
64,50,33,45,66,53,26,36,37,16,17,36,54,40,47,38,32,62,46,45,23,26,48,23,44,60,51,20,41,13
57,57,31,50,67,53,17,40,38,15,29,40,52,36,40,50,34,53,39,45,23,40,38,15,51,54,50,27,35,16
62,44,32,37,66,56,16,42,36,23,29,43,58,24,43,40,44,51,46,49,16,32,39,19,49,60,55,16,44,21
60,43,28,41,66,64,25,43,34,23,21,42,51,26,43,45,32,56,42,53,20,33,40,18,48,55,55,17,45,23
58,48,33,44,63,50,18,33,43,17,26,50,55,37,49,52,32,60,46,48,18,27,30,15,49,55,53,18,44,21
64,47,30,40,69,62,22,21,46,17,30,48,57,33,45,38,31,49,49,43,18,34,45,18,40,57,56,27,31,25
54,54,30,43,65,59,23,42,35,14,26,39,58,37,48,41,31,48,46,50,25,35,36,16,51,54,57,16,38,21
63,43,28,42,72,52,26,27,47,20,21,41,54,36,49,45,38,51,44,56,23,32,34,16,46,55,51,21,45,14
54,50,31,43,68,56,25,40,35,17,19,39,58,33,52,41,34,49,46,45,17,30,42,18,45,63,55,20,40,27
67,48,22,47,64,57,28,37,36,15,25,38,51,40,48,40,40,54,41,51,22,25,35,19,45,60,54,18,44,21
63,43,36,45,62,56,23,43,30,15,20,40,44,34,44,49,30,59,53,48,21,30,40,22,49,53,61,20,34,25
57,47,29,42,66,55,19,44,31,20,20,38,53,35,43,42,42,53,44,47,20,34,34,20,43,61,62,24,46,21
61,48,29,41,58,61,31,43,40,14,26,42,55,34,41,46,41,59,48,36,16,30,38,17,43,60,57,17,38,22
60,40,19,49,66,61,26,41,42,20,20,49,53,34,43,52,37,56,45,45,22,29,40,23,41,57,49,19,34,20
54,48,25,48,64,61,16,34,37,19,31,41,53,41,43,46,37,58,40,52,21,29,38,20,40,57,60,18,39,22
57,41,30,46,69,55,19,34,46,14,24,47,49,34,46,40,27,61,44,54,22,32,37,19,45,63,55,16,45,21
56,47,28,47,66,62,27,35,37,21,20,38,50,35,48,43,40,61,46,57,15,30,39,13,41,63,50,21,43,13
57,50,29,45,69,55,24,39,41,19,26,37,56,44,46,45,48,53,42,47,13,30,38,21,46,53,52,16,36,15
52,49,30,47,66,53,21,33,36,22,21,35,60,36,46,49,33,64,45,47,25,38,30,14,50,55,59,16,41,19
64,48,28,51,60,53,20,31,42,14,24,37,51,34,48,42,33,57,46,52,25,29,34,16,53,53,62,14,48,23
52,43,25,37,64,49,25,35,45,17,23,43,40,37,62,40,40,54,40,50,21,31,43,21,57,59,60,19,41,19
62,54,32,43,75,55,20,44,40,15,25,37,54,31,44,48,34,50,41,48,13,35,38,17,37,56,58,26,38,22
50,51,27,49,63,58,21,25,36,23,22,48,54,39,50,40,38,54,45,45,18,29,35,19,53,58,56,18,42,26
54,49,32,43,74,63,24,36,34,17,24,31,58,34,47,39,32,65,44,48,13,31,39,29,39,51,58,18,41,25
58,54,31,43,68,57,17,34,42,19,32,39,49,34,42,42,36,56,43,42,22,33,36,18,46,59,61,23,39,17
59,43,32,55,68,59,19,39,38,15,25,38,45,36,51,42,33,52,44,48,23,27,42,20,52,54,49,17,47,20
60,48,29,43,66,58,20,27,41,20,26,36,52,39,42,42,38,63,48,56,15,33,45,18,45,51,53,21,39,18
60,41,29,40,64,55,24,31,43,21,30,38,59,37,45,50,39,48,45,50,19,27,45,18,44,59,57,19,37,18
61,51,22,40,63,64,24,37,38,18,30,38,48,33,47,44,39,53,49,50,24,24,34,17,44,55,60,19,43,23
64,61,25,39,64,61,28,37,37,15,22,39,49,39,51,40,35,59,39,43,22,36,29,15,50,63,56,20,36,18
53,48,29,46,63,49,20,38,41,20,27,37,52,45,53,51,31,51,36,49,23,33,36,22,50,53,57,21,43,15
56,46,33,48,66,57,27,34,28,20,27,40,51,32,46,47,34,46,53,51,17,36,40,25,40,61,55,21,35,20
56,44,35,47,63,55,20,36,38,16,25,38,55,33,46,46,37,60,40,50,27,20,43,15,46,61,56,20,43,21
58,43,28,43,70,57,17,30,48,15,27,38,42,38,52,47,36,56,48,46,20,27,42,21,44,53,54,21,47,24
55,55,32,37,66,56,25,31,33,17,29,38,58,41,45,44,34,44,44,47,21,26,40,19,46,56,59,25,45,24
57,59,28,49,65,46,23,34,43,15,23,38,51,32,52,53,29,63,39,41,17,31,45,15,44,62,58,19,42,19
51,57,29,44,68,60,23,40,35,16,25,32,51,38,38,43,36,57,40,49,24,31,46,26,46,56,60,13,43,15
57,44,27,41,68,60,27,33,42,17,23,42,52,34,47,37,37,52,51,40,25,30,42,15,46,64,59,22,37,21
58,42,35,44,64,54,28,39,44,21,26,36,48,34,48,48,36,53,39,55,22,31,41,20,40,52,52,19,43,20
58,50,24,39,65,57,25,41,38,24,22,34,53,35,49,43,37,62,48,43,18,35,33,18,45,60,56,19,43,18
56,50,34,45,66,52,23,36,44,20,16,35,45,41,45,41,37,62,40,50,15,29,46,18,51,55,61,16,45,18
56,50,30,51,65,54,18,37,40,19,18,41,48,32,54,46,37,51,39,47,21,35,32,21,43,58,53,30,42,24
56,48,28,42,72,59,20,38,34,13,28,41,53,37,48,43,43,64,40,50,16,35,45,18,39,49,49,18,45,21
59,41,28,44,63,54,23,36,40,18,19,42,56,44,45,42,28,60,50,46,16,32,34,18,42,61,60,17,45,29
54,45,28,49,65,55,20,42,29,18,21,34,59,37,50,46,38,60,46,46,20,29,35,22,46,61,56,18,41,22
59,53,29,40,67,50,21,38,40,15,26,40,58,34,44,51,32,55,42,42,24,27,44,17,47,56,57,23,44,17
66,40,31,46,62,56,18,48,40,15,30,37,45,40,47,37,34,62,41,45,20,29,34,19,49,63,61,13,44,20
55,44,35,45,67,59,23,26,38,20,19,33,53,36,48,50,39,53,45,41,16,33,39,23,52,55,59,26,36,24
61,42,34,52,59,56,22,37,39,18,24,40,52,37,42,48,29,49,51,43,25,24,38,21,45,61,55,20,44,24
61,46,23,38,71,58,18,32,33,16,21,40,50,41,54,46,36,60,45,52,21,33,45,14,50,59,58,17,35,19
58,45,31,47,63,60,26,32,29,24,30,43,53,44,44,50,28,55,44,45,16,35,40,16,42,53,61,17,40,21
58,47,35,40,68,61,15,26,40,19,19,33,55,32,45,44,38,58,41,53,17,28,44,21,58,56,60,18,42,21
59,43,28,51,56,57,17,30,44,20,23,33,53,33,56,45,31,55,49,47,18,37,45,27,51,54,52,19,43,16
52,47,31,43,61,53,21,39,37,18,26,37,49,35,48,44,38,61,39,48,21,28,38,13,53,63,60,20,46,23
58,46,32,51,69,55,22,28,36,24,19,43,48,44,45,44,27,59,46,51,18,29,36,19,52,62,53,18,39,19
59,52,38,45,66,60,16,37,37,21,28,34,51,33,57,44,35,62,41,44,17,24,34,16,43,61,61,12,45,19
53,48,31,47,68,57,20,34,38,22,24,48,50,35,51,39,26,56,45,49,20,36,44,11,47,54,58,18,41,22
60,46,28,41,62,56,18,40,32,19,31,43,46,35,50,48,39,45,50,55,14,30,48,15,49,54,53,24,37,24
57,51,28,48,65,56,23,37,36,21,23,42,54,31,47,46,33,64,46,50,21,38,37,17,38,54,46,21,39,23
57,57,30,47,66,50,15,44,30,18,22,37,51,40,55,47,29,55,52,47,19,31,47,15,43,59,54,17,41,17
55,52,34,45,65,53,22,36,35,25,24,42,49,37,44,52,33,58,34,53,22,27,37,16,40,56,64,17,50,15
54,43,37,46,65,47,20,38,39,20,28,34,50,39,48,51,43,59,38,46,20,32,37,17,42,51,61,18,47,22
51,51,29,44,62,60,28,30,36,16,30,36,51,39,38,52,36,57,48,45,15,40,46,19,41,60,57,20,36,19
61,37,28,50,63,52,21,35,39,12,28,39,59,44,41,49,30,55,48,41,25,24,40,19,51,54,62,20,45,20
69,48,32,40,57,47,25,38,36,18,22,34,52,35,51,53,29,56,44,48,18,38,45,26,45,57,50,18,40,21
61,49,26,46,66,63,22,28,47,19,31,41,55,36,43,43,42,57,51,39,18,25,36,18,46,50,54,13,40,27
61,46,23,48,67,56,21,38,35,13,27,39,53,38,49,50,35,59,43,47,22,27,40,17,49,56,61,20,30,22
62,48,33,47,62,52,15,35,36,19,22,38,52,36,43,41,37,48,50,48,23,34,41,21,52,61,59,22,38,17
57,48,31,44,62,56,27,42,34,18,30,40,44,41,43,51,24,57,45,50,20,30,46,19,42,61,57,18,38,17
62,49,27,50,62,54,21,34,34,16,24,39,51,37,57,49,26,59,41,48,20,24,42,18,47,58,64,23,43,13
57,50,32,49,67,58,17,36,32,17,28,37,61,37,45,48,40,61,41,50,16,30,35,20,41,56,58,13,40,20
54,46,28,56,65,58,25,34,33,12,27,40,60,38,54,47,28,63,39,45,22,25,42,13,52,56,54,15,42,19
59,44,32,38,66,58,20,37,36,17,23,31,56,36,46,45,37,53,34,59,18,28,53,17,48,60,60,18,42,21
60,45,31,44,71,52,25,34,38,10,25,46,53,35,40,41,35,61,52,41,18,26,38,19,44,59,55,18,48,28
64,49,38,54,63,57,18,37,36,15,23,33,50,36,45,40,45,53,42,50,22,23,49,19,45,50,54,23,42,17
59,52,28,37,67,59,20,25,38,18,18,40,51,30,48,45,42,67,44,46,27,28,45,17,42,55,58,23,46,17
59,47,26,49,65,50,22,38,39,21,28,54,46,27,40,51,35,53,49,42,26,31,34,26,43,52,57,15,49,18
58,48,27,47,63,56,25,35,40,15,23,42,59,30,44,47,34,63,45,49,21,22,41,20,43,54,65,18,40,18
51,41,28,46,67,57,27,39,44,15,21,39,45,34,49,45,36,63,40,50,18,33,42,21,44,60,57,19,37,24
59,41,29,41,61,56,15,40,38,17,30,41,52,29,53,49,39,58,43,49,20,28,45,18,42,62,52,20,37,28
62,35,34,48,65,51,21,26,34,16,25,39,60,35,47,47,36,54,39,44,22,29,46,19,44,57,56,29,50,22
58,45,36,44,58,55,16,37,39,20,26,38,52,39,50,39,36,57,40,48,19,35,42,20,47,61,58,17,42,18
52,43,30,49,67,51,17,39,37,18,25,44,63,43,40,43,34,51,42,46,26,33,46,19,43,53,56,16,49,17
66,49,24,44,63,60,18,34,45,14,20,41,58,38,40,51,34,57,50,43,20,31,30,21,46,56,61,23,36,19
64,45,30,35,60,61,17,40,38,16,26,35,50,38,51,41,36,56,45,41,25,29,51,19,42,59,61,15,43,23
58,46,32,41,71,55,21,26,38,23,26,39,52,41,45,52,36,55,45,46,14,29,32,22,43,64,54,18,38,30
62,48,26,43,59,56,26,35,48,15,30,45,53,41,46,36,38,53,42,43,17,31,40,14,52,57,53,21,41,21
57,47,31,50,66,49,25,36,35,20,16,31,57,43,42,50,34,59,45,50,23,27,36,14,43,61,56,19,46,24
55,47,28,53,63,51,20,27,40,21,30,41,49,34,48,36,36,57,49,50,19,36,42,24,41,62,53,13,40,27
51,52,28,41,61,61,20,46,32,24,29,33,54,43,46,50,29,54,39,42,22,33,38,20,43,53,59,16,53,20
55,49,34,44,67,49,21,28,38,22,27,50,57,31,48,48,32,60,45,46,16,26,42,19,45,60,49,21,40,23
63,48,29,42,65,51,15,39,38,14,33,38,56,34,53,48,37,53,33,53,17,33,43,17,44,59,52,21,41,23
59,38,27,40,62,58,22,37,36,18,24,43,50,44,44,48,33,63,38,47,21,34,52,16,48,54,59,21,38,18
55,43,32,46,68,56,20,36,41,17,25,40,51,34,40,44,32,58,55,46,16,31,39,19,50,55,54,22,44,23
56,47,32,40,64,49,23,48,46,15,24,44,54,36,48,44,41,56,47,47,17,28,34,22,40,59,57,23,36,15
54,44,23,50,60,59,23,41,39,15,17,45,57,36,48,42,34,58,47,44,21,30,43,20,53,63,53,20,37,16
57,43,35,43,64,62,22,30,39,17,20,34,56,45,58,40,36,56,39,51,18,34,40,17,43,60,58,15,44,16
57,44,33,48,71,59,19,32,46,17,28,32,56,36,45,35,32,54,54,50,21,24,37,16,47,56,57,21,44,21
60,41,38,45,65,61,25,23,39,18,19,41,59,39,45,48,38,51,42,44,24,32,42,27,51,51,58,13,38,15
62,34,30,46,68,54,21,38,47,13,34,39,57,31,45,46,30,58,46,48,22,34,49,17,38,57,49,26,35,18
59,44,27,49,71,56,27,42,46,23,23,39,52,40,47,46,33,57,46,44,18,26,38,19,42,54,47,18,40,19
65,46,28,44,63,54,20,39,40,14,29,35,51,34,50,43,39,59,43,47,27,30,40,16,45,58,53,21,42,17
62,43,30,50,63,48,13,41,37,20,32,34,47,44,45,44,39,61,45,55,17,25,44,18,44,57,57,13,40,24
53,45,35,46,73,54,17,41,33,22,30,38,58,29,36,52,33,50,44,51,20,31,47,17,53,54,58,15,34,23
56,43,28,43,61,60,28,38,42,15,19,38,50,35,48,41,40,62,47,48,21,35,39,23,51,54,49,13,40,25
52,55,29,45,60,56,34,35,38,18,26,34,54,39,55,48,33,58,38,42,20,30,40,14,55,55,58,18,33,20
55,56,21,45,64,55,28,41,40,14,26,39,59,39,55,42,36,54,43,47,15,33,36,18,50,60,52,14,40,15
62,55,28,50,67,53,20,29,41,16,24,28,53,35,41,42,40,60,47,45,19,30,41,20,41,58,61,21,43,22
59,49,31,42,63,56,22,38,32,21,40,42,49,38,51,37,27,55,39,49,14,35,57,16,44,54,57,14,43,18
64,50,25,50,65,57,24,33,40,19,23,45,47,36,35,48,38,57,43,46,21,39,35,18,51,55,53,21,39,15
58,46,34,33,64,58,27,38,39,14,25,43,53,36,49,41,34,56,48,50,20,33,33,18,49,59,58,20,37,19
51,56,27,33,62,54,25,38,37,15,28,39,57,38,51,40,29,48,49,50,24,39,40,12,51,61,59,22,42,15
49,50,30,43,72,55,18,37,39,28,16,47,49,38,53,47,34,58,41,49,23,30,33,15,48,59,57,16,41,17
62,45,32,43,67,51,24,33,42,16,22,42,57,31,47,41,30,60,46,40,21,35,46,18,44,52,63,20,43,19
65,43,36,48,64,47,29,41,39,19,25,39,50,40,51,53,28,52,42,43,16,28,34,20,45,62,55,19,41,18
61,48,26,39,68,54,23,40,34,26,20,36,53,34,49,51,44,52,51,47,19,34,35,20,49,57,49,14,39,20
61,52,28,37,65,58,25,37,34,11,25,37,48,34,47,45,29,60,47,53,18,29,37,25,49,57,65,18,34,27
54,48,28,39,63,53,17,39,38,16,29,41,52,24,50,46,35,53,48,54,22,30,37,22,48,57,62,26,43,18
59,47,31,49,56,55,22,38,43,22,26,37,47,30,54,48,35,60,52,41,19,30,42,21,45,58,56,14,35,20
56,46,28,41,65,51,26,38,39,17,24,45,56,31,53,49,33,54,48,55,28,28,32,22,44,57,52,12,41,21
65,46,31,48,64,52,21,33,33,18,26,42,54,47,44,43,30,54,43,51,20,38,39,20,45,58,53,14,37,23
62,43,30,45,69,48,25,40,42,14,23,37,54,40,58,46,33,59,49,48,18,28,33,18,38,57,60,20,35,20
60,45,27,45,62,59,24,41,41,12,29,33,52,34,44,50,38,53,40,54,21,37,41,16,42,59,52,15,45,21
57,46,30,45,64,54,25,34,35,13,23,43,49,36,48,51,37,58,48,51,17,30,44,21,46,56,52,20,41,18
63,41,30,37,64,43,21,38,38,17,17,44,47,40,47,45,38,66,53,46,18,35,46,20,51,57,55,21,39,15
52,50,33,48,58,58,25,29,45,13,22,32,49,38,39,40,44,59,46,51,21,33,42,18,44,64,55,20,46,18
65,45,37,40,59,48,23,32,42,20,32,33,56,38,46,39,44,61,38,45,20,31,42,18,43,59,56,15,43,22
59,44,30,44,68,60,24,35,41,10,26,40,54,39,52,40,33,59,37,48,16,39,37,19,48,55,58,15,39,23
57,47,31,45,66,49,22,34,44,13,18,43,50,37,51,39,38,53,47,44,23,32,39,21,48,59,61,21,43,17
67,43,31,38,61,47,25,34,35,24,24,37,58,37,50,43,38,53,42,56,19,33,41,20,39,63,52,22,36,24
56,51,27,47,61,63,18,38,41,20,28,39,53,35,36,47,34,50,41,54,18,29,38,22,53,58,54,16,43,22
54,41,33,44,62,57,21,36,36,21,21,33,50,45,54,53,35,60,41,38,23,25,35,23,50,58,57,19,43,24
61,50,21,48,68,62,27,36,32,18,18,39,49,28,45,44,39,55,40,38,23,33,45,16,48,56,61,20,44,28
60,46,30,37,67,56,27,28,39,20,18,38,45,40,46,47,35,62,45,56,23,29,32,22,44,56,54,24,43,23
62,50,33,46,66,45,24,42,40,16,26,35,48,41,50,50,36,49,44,51,22,29,37,17,45,61,55,16,42,14
61,46,34,49,58,60,24,35,46,13,27,34,54,40,54,49,31,63,47,44,16,28,38,13,43,60,49,23,39,14
62,44,21,46,62,54,22,39,38,17,29,38,50,40,49,44,29,60,55,48,19,33,36,17,38,62,52,22,45,21
58,49,38,38,66,51,24,37,44,16,20,37,52,32,43,37,36,56,46,44,29,26,43,18,53,61,51,19,42,26
64,49,24,45,62,55,24,30,38,20,26,43,47,33,50,43,33,56,50,48,16,38,37,15,47,55,65,19,39,21
60,39,25,44,68,53,16,32,37,18,32,46,59,31,55,44,32,51,45,49,25,34,43,16,42,55,63,20,39,19
53,51,31,59,62,51,24,28,42,18,26,46,51,41,46,49,41,55,44,46,22,26,30,14,45,55,61,17,43,15
57,46,30,42,64,59,27,31,36,15,29,50,48,34,52,49,37,60,36,55,24,31,39,14,44,54,56,10,41,22
56,48,25,55,62,48,26,36,45,17,22,35,52,35,51,46,32,57,44,43,23,30,36,27,41,67,59,14,40,20
58,50,33,44,67,56,20,36,39,21,22,43,52,37,48,32,35,59,38,54,24,25,42,18,46,58,55,22,38,20
57,53,36,38,64,55,18,33,41,15,23,35,52,46,45,51,35,55,44,46,17,31,42,15,52,56,56,21,40,20
62,50,28,49,64,62,17,38,45,11,25,41,56,37,40,44,32,55,39,46,21,28,40,20,47,57,52,22,38,26
61,49,33,50,64,48,18,42,43,18,19,48,55,33,40,42,39,65,28,43,17,34,39,16,45,62,56,16,47,22
57,42,32,52,67,57,12,34,35,19,26,37,54,39,44,47,43,50,46,49,21,24,44,20,57,56,57,21,36,14
55,52,31,39,67,55,20,33,40,18,18,45,56,34,47,46,34,52,48,41,20,29,45,17,49,57,58,24,36,26
53,43,31,45,63,49,21,40,40,16,21,37,50,35,39,47,25,57,43,52,24,37,42,21,55,55,63,21,44,23
59,49,36,42,66,51,12,39,41,10,21,39,50,38,54,48,37,57,48,50,19,30,42,20,47,57,54,19,37,20
63,45,31,51,66,54,23,33,38,16,23,40,53,37,46,45,37,58,45,53,16,26,34,20,43,62,59,13,43,19
55,46,32,42,69,55,24,32,31,14,29,42,54,31,47,41,40,52,46,47,25,38,43,22,50,58,48,17,43,19
52,39,20,45,66,62,23,38,41,17,23,41,57,35,59,39,35,55,46,48,18,28,40,19,44,57,64,14,44,23
58,48,32,44,68,64,22,30,35,18,23,38,54,36,44,37,32,56,54,45,21,29,45,17,46,60,55,23,40,18
51,43,26,42,61,54,16,38,41,14,27,44,52,45,50,46,34,60,41,52,21,35,40,19,46,58,53,22,36,25
58,49,35,40,66,49,18,42,34,15,22,38,51,36,43,51,35,57,45,50,20,24,43,23,40,57,50,30,47,24
52,48,36,44,65,52,21,38,43,15,21,39,50,43,41,42,30,61,44,47,23,39,42,21,43,59,51,22,44,16
64,49,24,42,66,56,24,35,35,19,22,38,54,39,44,48,38,58,43,46,22,31,42,21,45,61,49,18,42,17
53,43,30,39,65,58,23,41,37,18,31,42,57,36,53,48,39,54,56,49,18,29,35,18,40,55,54,17,39,15
59,51,32,46,66,54,18,34,40,24,24,41,52,39,46,41,31,56,45,40,19,34,44,16,49,49,61,11,45,25
62,48,26,37,69,52,19,45,36,16,24,34,49,44,42,53,36,54,47,48,21,38,39,22,45,54,48,20,41,23
58,50,29,42,68,56,22,46,34,16,27,40,42,38,48,42,39,62,32,40,17,33,40,12,52,59,62,16,48,22
59,52,29,56,66,53,24,36,30,17,20,45,60,34,41,45,34,54,45,51,17,33,36,20,46,54,58,15,46,16
60,46,31,43,63,56,20,37,43,10,16,41,48,40,48,47,29,55,38,54,17,44,46,23,52,56,55,18,35,21
58,51,31,41,64,49,21,46,33,14,25,43,54,38,48,56,32,60,48,47,18,30,43,17,46,52,52,16,39,20
57,46,24,37,59,48,25,45,35,17,30,40,56,36,45,43,34,59,48,45,22,31,41,26,48,62,58,19,37,19
57,56,33,43,67,55,23,41,42,16,22,41,49,32,40,42,38,56,39,42,24,34,35,24,53,55,50,22,41,20
57,49,25,45,66,57,21,40,44,17,21,44,54,34,53,47,30,46,42,52,17,29,38,21,53,61,57,19,36,17
54,53,33,39,66,63,21,44,39,17,29,37,45,33,39,43,34,60,45,48,22,34,42,17,39,59,55,19,38,25
63,48,29,44,66,47,23,38,39,19,21,37,55,42,38,37,41,58,37,45,17,31,38,15,54,58,65,24,41,22
63,45,29,37,65,60,21,31,39,23,21,34,53,43,47,43,43,49,47,46,21,36,36,15,46,58,60,14,47,20
58,51,36,41,60,56,22,32,44,14,22,42,53,33,49,48,33,62,44,52,22,29,43,16,50,52,54,15,45,14
69,46,27,40,68,54,23,27,42,20,23,36,45,43,51,48,34,59,50,37,21,35,35,19,40,59,61,18,43,19
62,39,29,32,64,49,25,38,42,22,24,32,60,30,48,42,38,55,53,47,27,25,42,20,46,60,59,18,41,23
57,51,28,44,64,55,21,46,41,14,21,38,42,42,42,44,35,54,43,50,17,37,40,14,49,58,57,18,45,25
59,56,30,43,67,54,23,36,35,18,21,34,57,31,49,45,46,57,45,41,20,30,33,21,47,55,62,19,41,17
61,44,26,51,67,57,16,42,41,25,26,36,48,37,46,41,38,51,45,50,20,34,36,20,47,54,58,21,38,16
60,40,30,48,73,50,28,36,38,13,18,38,49,35,44,41,35,65,45,50,21,37,48,20,44,55,58,19,41,13
60,46,32,43,67,59,23,44,45,23,31,37,45,39,47,43,40,56,41,39,22,29,40,19,44,59,51,21,30,17
55,51,29,46,59,62,20,39,32,14,25,42,53,36,52,42,43,57,44,42,17,27,40,22,41,63,59,21,37,22
55,48,24,39,58,57,21,43,38,16,30,40,52,40,47,53,38,54,46,43,20,23,40,24,48,61,55,19,43,17
55,42,38,44,59,58,22,33,34,20,25,45,47,41,55,44,29,53,43,49,22,35,50,21,39,58,57,25,31,18
55,42,31,49,59,59,20,35,35,21,31,43,56,36,46,41,34,51,46,48,23,39,30,19,53,51,63,18,39,19
53,47,35,42,68,58,21,35,39,21,23,41,47,37,38,49,27,53,37,47,17,37,40,20,51,53,66,19,47,24
60,47,31,44,69,57,28,37,35,14,22,37,53,40,45,45,31,61,48,53,20,35,34,16,45,59,58,16,38,14
61,53,25,41,64,51,21,37,33,17,27,43,55,35,49,52,30,57,37,48,25,33,35,24,46,60,54,15,42,22
59,42,36,49,68,59,26,31,38,25,23,41,47,27,58,52,30,59,35,39,15,35,34,18,40,58,60,20,47,21
62,50,25,45,63,63,16,35,45,17,21,37,48,37,48,45,32,50,44,49,20,31,38,16,49,62,59,20,39,26
57,46,38,51,58,55,17,39,40,16,27,38,43,44,48,48,37,49,44,50,16,28,38,19,36,63,66,18,51,12
55,49,24,42,69,56,28,34,40,18,30,37,57,37,50,47,30,55,51,46,23,27,36,14,42,55,59,16,43,22
61,48,28,45,69,58,19,33,43,12,28,44,56,42,42,41,32,56,45,49,25,29,38,13,51,51,58,17,45,14
54,49,31,43,64,56,20,34,43,24,24,38,58,30,40,45,38,58,48,48,20,33,39,20,40,52,58,16,45,24
53,45,34,56,60,59,20,33,42,11,27,45,49,39,41,48,35,53,47,48,22,31,36,17,47,63,52,17,46,16
58,45,29,46,63,62,29,37,39,11,20,37,52,34,49,51,43,59,42,48,19,28,39,19,47,56,55,16,40,19
55,56,29,39,61,58,17,39,33,17,27,41,54,28,51,43,43,60,51,50,23,35,44,15,39,54,58,14,38,20
53,44,21,38,69,53,22,42,31,22,24,41,55,36,51,47,44,62,44,47,20,28,45,16,41,61,57,17,38,23
59,44,31,44,63,57,22,40,41,21,28,38,49,35,52,39,35,57,36,42,26,31,41,21,47,53,57,16,48,19
64,47,28,39,67,52,17,40,36,15,30,38,48,46,40,41,28,63,37,50,20,33,45,24,40,56,66,22,35,25
63,49,28,42,61,52,22,32,35,14,28,47,56,40,53,39,34,54,44,43,18,29,35,20,49,55,59,21,44,26
58,42,35,46,66,64,20,32,43,18,19,42,40,38,49,50,36,54,38,51,20,36,47,15,50,49,54,17,44,19
61,41,33,46,64,55,24,36,35,17,30,39,49,33,53,46,39,52,47,45,20,35,37,22,44,50,61,15,46,17
64,39,29,53,63,54,25,33,45,16,22,42,58,30,47,37,36,54,47,54,19,26,41,17,46,57,59,16,45,18
63,41,28,45,66,56,20,40,47,16,22,34,56,30,47,48,32,47,49,52,17,42,47,21,38,53,53,15,46,21
53,47,33,42,68,59,19,35,38,14,26,31,59,37,48,40,37,57,53,49,25,34,37,20,47,50,51,16,47,20
55,35,30,40,69,52,23,38,44,19,20,30,56,43,45,38,37,63,52,50,20,33,41,21,42,61,60,19,36,20
60,52,28,52,65,56,21,34,36,20,28,44,56,33,48,45,32,44,41,41,14,33,35,24,52,61,55,18,40,24
56,40,35,52,64,63,22,43,34,18,23,38,49,31,52,42,37,58,43,54,25,18,37,20,51,55,57,21,34,20
57,49,26,51,57,58,21,32,39,20,33,43,56,35,50,39,32,55,45,52,20,28,38,14,52,57,59,19,36,19
55,53,34,46,68,52,25,34,45,18,28,37,53,42,44,47,28,54,44,44,16,32,32,18,50,51,55,21,43,23
62,48,34,45,65,56,30,35,33,16,24,38,56,35,50,44,32,58,38,53,18,37,40,13,48,58,54,12,42,18
60,40,30,45,59,63,20,43,38,19,21,41,57,39,42,43,41,56,43,50,21,24,35,19,50,58,53,18,41,23
58,39,29,42,69,53,15,41,45,19,30,45,52,35,44,48,36,59,41,50,19,34,42,18,42,53,62,17,39,16
57,48,30,41,72,60,22,37,35,23,23,35,48,31,45,41,31,49,45,48,23,30,35,26,46,66,62,17,44,22
53,50,24,50,62,56,13,36,39,25,19,43,44,40,48,49,31,49,45,50,17,30,46,22,52,59,59,18,38,25
53,41,32,45,64,50,28,49,40,21,25,43,53,40,51,38,26,53,51,48,13,28,39,9,38,61,58,21,47,27
52,51,25,45,60,58,25,37,43,19,25,38,48,44,45,51,41,58,44,46,18,32,31,15,46,60,57,19,44,15
64,52,34,44,64,48,27,24,44,23,21,44,56,37,48,47,29,55,49,52,17,23,42,18,48,57,59,13,34,19
61,45,27,37,66,57,24,44,31,21,23,43,57,35,41,46,36,58,44,53,23,29,33,21,48,62,47,14,41,25
60,48,34,40,61,60,22,30,41,20,25,44,51,35,52,42,38,53,41,49,25,29,40,19,41,58,52,20,42,20
59,46,21,41,67,54,20,34,41,13,26,42,55,41,46,50,32,57,46,49,19,30,34,23,35,60,64,19,44,24
53,46,32,49,67,48,25,30,38,21,23,37,50,39,45,50,40,63,40,41,21,37,40,21,47,52,61,13,45,18
51,43,30,43,64,58,18,44,39,19,22,40,56,39,43,48,37,56,40,59,23,34,37,14,51,54,51,25,36,18
60,50,30,48,67,60,15,36,39,15,27,39,52,34,47,38,34,56,50,49,19,27,39,18,40,56,56,27,40,24
61,49,29,44,61,55,25,34,39,16,31,38,50,43,46,48,35,55,40,55,22,33,43,14,52,52,44,20,38,20
63,52,28,48,68,53,27,36,38,14,21,39,53,24,46,48,33,65,46,48,21,26,37,14,50,56,55,16,45,22
62,56,30,45,61,54,21,30,42,14,25,40,52,36,44,44,34,61,46,48,25,27,37,23,48,55,55,18,36,23
49,50,36,52,66,62,23,35,37,16,16,37,49,38,48,42,27,58,45,52,22,30,38,19,51,56,57,19,41,21
65,53,29,43,66,55,28,33,40,17,27,41,62,37,45,41,27,56,42,52,15,28,44,16,47,55,53,15,44,16
56,47,35,41,56,50,26,35,36,10,26,42,53,31,46,44,36,57,49,52,23,40,41,25,48,56,51,24,38,18
63,46,31,39,61,55,23,34,36,22,28,46,54,35,40,53,38,56,50,44,13,30,36,14,47,57,61,18,44,18
61,49,25,38,68,59,22,39,43,12,32,39,59,36,49,46,34,60,42,56,20,36,33,14,39,49,63,17,42,10
66,49,24,39,62,57,18,38,34,18,23,39,57,37,42,47,35,57,47,54,21,35,41,21,41,49,63,22,39,17
55,47,31,45,65,59,22,33,44,12,33,42,61,29,55,46,37,52,43,46,23,29,43,10,46,58,45,18,42,21
58,50,30,42,63,53,13,30,40,21,30,41,51,39,43,49,25,54,46,52,23,43,43,15,42,56,52,24,41,23
58,49,28,47,64,52,23,31,41,17,25,36,51,39,51,49,32,55,41,40,25,35,40,23,36,62,68,16,41,17
55,49,32,42,59,55,28,41,42,23,24,50,50,28,54,47,30,55,46,49,16,25,42,16,43,60,59,16,34,22
57,49,30,46,71,59,25,33,37,18,24,35,48,36,55,47,33,61,43,49,19,20,45,14,47,61,57,19,35,19
59,51,30,52,68,54,18,35,43,15,26,41,50,33,48,43,30,52,37,51,8,38,46,24,48,51,60,18,42,21
62,51,29,47,63,58,17,32,29,17,27,40,55,36,47,50,35,62,42,43,21,41,41,19,49,60,49,16,37,17
49,51,30,47,68,58,19,36,35,22,25,32,55,39,52,49,36,59,42,50,21,24,42,16,50,54,50,21,40,20
57,41,34,40,70,50,21,42,38,22,24,38,51,35,40,43,44,53,45,49,21,36,39,17,44,57,58,19,46,18
55,46,33,45,66,52,17,39,39,13,21,39,55,41,42,44,41,68,44,50,18,30,39,17,47,48,59,19,46,19
62,51,31,36,66,53,22,39,42,15,26,39,55,41,44,44,27,53,44,50,22,30,39,20,52,53,58,19,44,15
56,45,28,45,66,53,25,35,33,20,24,39,50,34,53,47,39,53,47,45,21,27,43,17,48,55,53,23,49,19
58,51,36,35,62,58,21,41,36,17,23,33,51,37,48,40,32,56,35,49,28,41,40,11,48,54,64,27,39,21
59,45,30,37,60,55,26,41,43,17,19,37,50,34,40,51,38,62,48,58,25,28,37,21,41,53,57,18,42,20
53,48,23,42,64,55,23,35,47,17,26,38,47,40,50,32,29,59,46,55,21,32,33,23,43,58,62,29,49,13
62,41,22,46,60,61,20,33,38,14,25,41,55,41,47,41,31,62,45,44,15,34,39,15,60,56,58,22,39,25
61,58,27,36,58,57,24,34,36,16,31,32,61,37,52,45,37,60,49,49,18,27,34,24,52,48,47,17,40,25
58,46,25,49,60,50,27,38,40,16,30,34,57,35,51,49,30,58,42,48,29,30,41,20,42,62,62,16,32,15
53,51,26,46,63,53,15,40,34,18,25,43,59,34,48,48,35,53,48,52,20,26,41,12,45,62,53,16,54,19
50,50,33,46,65,55,18,32,37,15,24,42,51,33,48,45,37,60,46,55,17,30,45,18,45,54,59,17,46,19
55,43,31,43,63,53,21,41,35,24,19,36,49,34,47,48,31,58,51,50,22,27,40,28,47,59,54,17,50,16
60,46,26,44,62,55,25,40,34,23,18,38,55,36,53,40,30,58,43,45,17,29,47,17,48,59,56,24,42,22
58,44,34,45,60,53,22,36,35,12,26,38,59,34,54,41,31,59,52,48,19,32,36,19,52,58,60,17,39,19
59,47,28,53,66,56,21,33,43,19,22,39,50,28,40,49,30,56,43,51,24,28,36,19,44,58,59,25,46,20
56,51,21,45,63,61,19,37,40,15,28,50,57,35,44,39,40,55,34,55,23,35,36,18,53,53,56,15,35,23
57,48,30,41,61,58,17,39,37,19,25,45,51,34,45,45,40,58,42,47,21,34,41,22,46,57,55,22,38,17
58,41,27,49,68,50,13,40,34,18,29,37,47,42,53,48,31,58,46,51,19,29,42,20,54,59,51,18,34,26
60,49,24,50,57,57,22,35,42,16,30,38,48,44,44,37,35,51,49,47,21,30,40,22,42,60,58,21,42,21
60,48,35,45,68,49,23,31,32,11,32,34,53,40,49,45,37,55,43,45,23,33,36,14,42,62,52,23,48,24
58,44,30,38,62,55,20,40,37,18,32,48,48,36,43,48,38,60,46,49,20,24,37,14,51,59,51,18,44,24
63,50,28,39,62,51,25,41,39,23,25,36,49,34,47,43,41,52,42,52,19,28,44,19,52,57,53,19,44,15
57,44,20,40,64,51,17,40,44,15,24,40,55,33,51,48,38,63,54,51,21,21,38,22,46,55,56,27,35,22
57,51,23,37,62,55,23,38,38,17,26,38,53,35,38,55,39,63,49,51,21,34,40,16,44,61,57,14,41,16
70,50,28,51,68,50,19,33,41,21,29,41,47,40,43,40,38,52,42,48,15,27,31,17,47,58,61,19,45,21
56,50,32,42,62,58,26,34,44,14,25,38,50,38,50,42,34,62,47,52,15,26,42,17,44,56,63,17,40,16
52,52,28,39,59,57,12,39,36,14,24,46,53,36,43,45,36,67,50,52,20,38,44,21,41,57,59,15,46,11
52,49,37,48,72,55,19,35,39,13,21,39,47,44,36,47,37,55,30,44,26,25,51,17,51,59,55,23,40,26
57,45,27,45,64,51,19,36,43,24,24,46,57,31,49,41,42,63,36,50,17,24,40,23,48,53,57,17,40,23
58,44,28,53,65,53,20,39,29,27,17,44,57,40,51,50,33,51,42,52,18,28,40,24,44,52,61,17,41,14
57,49,27,41,61,49,22,43,41,18,25,44,50,37,56,55,34,54,40,46,21,27,33,17,47,63,57,16,41,21
59,52,36,47,60,54,25,31,30,19,28,42,47,36,47,49,30,56,54,56,18,26,29,19,42,51,59,25,42,23
59,49,28,44,62,59,17,28,34,19,21,45,55,41,47,50,35,65,47,44,18,30,45,19,43,62,54,13,43,16
52,51,23,44,65,48,26,43,36,17,30,43,46,37,50,45,33,64,49,44,13,34,44,16,48,54,58,19,41,19
60,43,29,36,61,56,24,44,40,17,24,33,53,33,43,46,30,62,46,50,20,38,40,23,40,55,56,23,49,18
60,43,32,48,64,51,24,39,39,22,23,42,54,37,43,39,33,55,46,48,17,36,33,20,52,61,60,20,41,10
62,47,27,51,66,54,18,39,32,18,25,39,49,36,54,38,37,54,43,43,16,34,39,25,46,56,51,28,49,16
55,49,34,48,69,56,25,38,41,25,23,39,56,32,49,42,32,61,45,43,14,33,35,16,40,55,57,19,46,15
51,52,35,51,71,62,19,41,37,13,27,39,50,30,50,42,31,54,43,50,20,29,40,21,50,52,59,17,34,22
50,52,27,42,69,53,22,39,36,15,23,33,52,31,55,38,37,61,52,44,22,33,41,17,46,54,59,27,43,19
60,46,30,48,62,62,20,35,44,16,22,40,48,37,43,45,33,61,46,49,15,31,33,17,53,50,56,16,54,20
58,56,23,42,72,57,27,37,33,15,25,43,60,28,42,47,34,57,39,53,20,31,43,17,45,58,58,20,35,17
53,55,20,45,70,62,21,30,40,17,28,31,56,27,46,47,24,62,57,50,27,27,42,14,47,56,52,22,44,20
57,49,33,44,67,55,19,42,34,19,25,40,52,36,46,43,34,49,40,49,14,27,40,22,50,57,63,24,39,23
61,44,33,42,62,48,26,38,42,16,30,32,51,31,50,41,32,67,42,47,18,41,38,18,42,60,63,20,45,12
56,41,31,50,66,49,23,39,36,21,18,38,54,37,50,43,34,59,39,52,19,27,40,21,57,59,58,21,31,23
59,43,24,44,71,53,26,36,37,23,18,41,50,28,44,50,39,58,41,45,15,36,45,15,49,59,61,18,42,22
56,43,30,40,66,58,20,30,37,19,22,45,54,31,50,47,36,55,47,48,26,28,37,15,51,69,52,16,47,17
56,48,32,47,64,57,22,32,31,20,29,45,53,32,42,41,33,57,50,43,17,34,44,10,53,58,54,25,46,17
52,51,30,44,64,59,20,35,38,19,15,41,58,32,50,44,40,60,41,46,22,28,35,16,52,59,54,22,46,19
65,47,29,45,64,58,31,33,48,15,23,38,55,44,52,43,26,56,41,43,18,31,39,11,45,61,53,22,38,18
54,43,31,47,66,55,25,32,33,15,23,37,47,44,47,56,35,61,45,47,18,27,42,22,53,56,47,19,47,18
51,53,29,35,65,56,31,30,43,17,26,41,57,36,41,51,32,63,48,43,19,26,41,12,54,59,56,19,37,21
56,50,23,43,61,63,23,43,32,17,30,31,50,29,51,40,42,62,45,51,22,35,34,22,49,53,58,17,42,18
61,50,26,38,62,55,24,37,41,14,19,41,58,39,43,47,32,56,43,50,17,32,45,22,54,63,51,18,38,16
60,56,24,46,62,63,20,36,40,13,23,37,57,40,36,53,46,51,42,48,21,32,27,23,41,57,62,14,45,17
60,49,27,46,61,59,23,33,37,22,24,45,57,38,52,46,34,55,39,37,25,22,42,19,50,54,57,17,43,19
55,44,31,47,66,63,27,39,38,16,17,40,49,30,39,53,39,62,50,44,22,29,39,18,37,61,56,20,44,17
58,44,31,46,68,52,16,38,39,18,27,38,52,36,49,48,28,60,40,54,21,32,43,18,38,63,52,24,40,19
56,57,26,39,66,53,17,37,39,20,31,38,47,43,56,38,33,56,47,45,18,27,39,20,44,51,53,22,46,28
65,53,28,42,61,53,19,37,31,19,37,39,60,35,44,41,36,52,52,48,15,34,46,19,42,55,53,21,37,18
58,49,30,45,64,51,23,35,31,13,27,47,54,28,51,47,34,60,49,50,15,34,48,17,43,62,55,13,40,19
66,45,27,40,70,60,17,39,35,15,30,46,53,37,51,44,32,65,45,42,23,35,42,18,42,57,52,12,33,19
58,51,28,45,70,49,25,36,32,18,23,43,48,41,53,49,29,63,48,46,17,27,43,26,34,53,56,19,46,16
58,40,32,45,57,57,24,46,37,21,22,33,49,27,45,41,40,58,40,54,23,31,47,12,51,60,54,18,49,21
59,50,33,43,59,66,20,37,33,18,25,46,46,35,52,40,33,57,49,54,20,30,34,22,51,54,48,19,38,21
60,49,24,38,64,57,20,30,46,16,24,42,59,36,45,48,28,58,34,50,24,40,41,26,45,53,58,17,42,18
62,46,22,45,67,55,19,38,40,12,21,41,58,31,42,48,36,51,40,56,20,36,39,20,54,59,58,21,33,22
58,48,34,52,65,55,17,34,45,21,24,41,43,36,51,41,38,52,40,44,27,36,35,18,49,61,48,17,44,18
54,42,31,48,68,53,24,44,40,15,26,41,47,37,54,42,42,61,49,47,19,28,34,19,42,53,56,21,43,12
57,52,29,39,70,50,18,32,42,17,21,33,55,36,56,45,38,58,51,51,20,24,35,18,50,59,49,25,44,18
55,46,38,43,72,60,25,38,35,18,17,38,47,37,46,40,44,62,39,45,19,21,48,20,53,57,58,19,32,20
55,50,27,59,64,52,20,33,42,22,24,38,53,40,47,39,40,62,39,43,19,28,29,17,47,67,54,17,46,19
51,48,26,38,61,58,20,37,38,15,25,34,52,43,43,52,31,42,43,48,21,36,40,21,57,58,58,20,51,25
59,42,36,40,64,55,25,28,43,12,27,42,56,40,46,48,31,58,40,50,25,35,31,24,47,52,62,15,43,16
59,50,26,41,64,62,23,32,42,19,23,40,51,42,41,48,30,54,46,53,18,30,35,15,54,50,54,20,48,22
55,49,28,58,65,55,16,40,39,22,26,43,39,39,43,40,32,57,41,49,17,34,36,19,48,56,59,22,45,20
57,51,33,44,63,56,24,36,35,18,19,39,51,31,46,48,47,55,44,51,23,29,38,21,47,62,48,22,38,16
68,40,30,45,65,54,23,40,34,17,29,44,47,42,47,44,39,55,49,52,18,28,42,17,41,58,59,14,35,16
56,46,37,28,67,57,19,35,39,16,17,42,59,36,47,46,44,50,44,47,17,31,47,20,48,67,56,22,35,17
52,44,23,39,62,56,26,30,35,18,22,35,49,36,53,41,29,54,57,54,29,34,37,26,45,61,60,13,49,23
57,53,27,44,66,46,19,48,44,14,29,33,54,40,43,45,46,49,39,55,17,35,39,16,49,48,55,24,38,20
62,57,32,41,66,58,21,32,34,16,19,37,59,38,48,43,38,57,42,47,17,32,40,17,43,54,59,14,47,22
63,45,27,49,68,54,26,40,26,16,23,30,59,37,51,48,25,57,41,49,29,32,41,20,43,56,51,21,41,24
62,51,22,48,66,64,24,34,31,20,23,37,57,33,49,49,31,55,47,47,20,25,36,14,51,60,61,23,28,24
57,46,33,43,66,58,19,30,41,19,22,45,54,39,44,55,33,63,48,44,21,28,33,21,48,53,56,16,37,20
65,54,29,41,65,61,23,35,37,17,19,44,60,36,43,51,27,54,38,49,17,29,33,18,53,57,56,19,40,22
51,41,29,50,61,50,19,46,35,17,24,40,49,38,49,44,35,55,48,44,27,36,46,24,45,59,51,13,46,20
54,43,32,44,59,52,23,37,50,18,22,45,51,29,46,45,37,57,47,39,17,36,47,20,46,57,50,22,48,19
57,49,21,36,61,54,24,35,41,18,28,35,45,29,56,49,29,54,43,48,23,36,42,17,48,64,58,21,51,20
56,49,34,39,66,50,25,36,36,24,21,45,49,33,46,47,31,57,47,50,19,32,41,13,51,59,62,16,43,15
65,51,30,49,69,56,18,30,34,20,17,43,49,38,41,49,34,53,46,42,21,32,42,20,44,55,61,17,40,26
60,42,27,43,69,58,24,29,37,15,20,31,52,41,52,47,36,59,46,43,19,37,33,22,49,54,56,15,52,24
55,43,29,53,62,53,24,45,40,15,29,41,47,31,46,40,35,56,45,52,21,30,39,20,42,65,56,16,37,25
64,48,27,42,67,50,22,37,51,26,25,39,54,33,48,47,32,54,49,54,15,31,39,18,40,54,56,19,36,15
64,41,30,40,65,63,35,32,37,15,24,33,52,36,49,44,28,50,47,54,20,34,38,17,43,61,54,23,42,21
64,42,35,43,60,54,19,35,44,13,21,41,56,28,42,48,33,62,51,53,17,30,40,23,46,61,62,20,26,23
53,48,27,49,69,60,24,35,35,17,23,43,55,40,48,35,32,50,52,49,19,35,37,16,48,59,53,22,41,18
56,47,27,43,73,51,19,36,46,18,20,43,54,39,50,32,25,49,47,48,21,26,45,20,50,55,62,31,38,21
53,40,28,45,61,50,22,36,45,21,22,40,56,35,45,58,40,65,45,55,22,28,35,23,38,52,54,18,39,21
48,46,29,52,65,58,27,33,37,15,18,42,51,36,44,52,35,59,44,51,21,34,44,26,48,51,52,19,40,15
59,48,30,44,65,55,22,32,38,11,26,37,51,40,48,46,43,60,50,47,22,33,42,19,47,63,54,12,28,20
62,47,30,48,67,57,24,37,36,23,30,31,48,39,40,44,35,51,44,49,19,26,38,18,45,56,54,17,50,27
61,52,31,39,68,59,17,40,44,14,24,40,49,44,45,44,33,52,46,48,15,29,38,16,54,60,55,18,29,28
55,52,34,48,64,56,21,30,38,21,17,37,55,34,47,38,40,58,40,52,22,30,41,17,44,63,54,25,42,17
55,49,32,45,65,58,31,34,39,15,20,42,54,31,50,48,34,56,47,46,21,32,41,14,44,57,56,19,39,18
58,47,32,39,67,57,23,40,40,18,25,30,56,32,49,44,37,53,48,49,18,19,41,12,50,66,58,20,42,22
61,56,23,43,66,63,19,37,31,15,27,44,48,36,46,37,31,49,57,53,22,41,33,14,53,61,49,19,38,20
59,47,26,41,60,55,20,36,50,20,25,32,53,26,48,48,34,47,53,49,20,34,41,21,46,60,57,18,50,16
62,45,27,41,71,57,20,34,38,18,28,36,49,38,48,45,43,56,45,48,26,34,38,14,37,53,56,18,46,21
60,43,32,47,67,56,30,34,41,18,21,36,59,37,49,45,33,49,45,52,19,28,41,18,45,51,52,15,50,19
52,54,25,39,66,56,19,33,39,13,21,40,55,37,45,45,45,58,42,49,19,40,39,16,43,61,60,21,38,22
61,53,30,44,67,57,24,38,52,19,18,33,53,37,41,45,28,54,46,52,17,34,33,13,41,62,56,17,44,23
57,46,32,44,67,50,20,33,42,17,25,42,53,36,51,41,32,47,39,50,28,33,40,10,50,54,60,22,51,20
49,44,25,42,63,54,26,42,41,20,29,39,55,39,42,44,35,61,47,47,18,30,46,19,45,54,54,22,38,22
57,50,28,43,67,49,23,36,39,17,28,40,49,40,50,38,33,55,43,50,21,37,42,17,45,58,62,13,43,19
61,47,33,48,64,54,19,38,36,16,23,36,45,36,39,47,29,50,48,53,24,31,46,17,50,63,61,19,35,24
61,44,31,41,67,62,24,39,39,20,29,30,48,37,51,49,38,59,35,45,19,35,35,18,46,55,61,20,37,17
61,39,28,51,69,47,33,42,28,20,24,40,48,33,45,43,33,53,45,46,22,34,39,19,51,57,62,18,40,22
55,45,35,50,68,54,27,31,37,17,27,32,54,34,45,46,37,58,44,50,16,29,40,22,38,56,63,20,43,19
63,46,22,45,70,49,29,35,35,21,27,42,41,48,52,41,31,58,45,44,18,25,40,24,46,57,57,23,38,20
62,44,38,39,69,51,19,33,37,23,27,40,54,33,34,50,42,57,47,47,26,32,35,19,40,59,60,19,37,19
55,47,34,44,61,48,22,35,36,18,23,36,46,41,46,49,33,58,49,50,22,33,34,25,45,57,62,20,45,18
57,51,27,43,61,57,27,43,39,16,19,40,49,39,50,48,34,63,45,51,20,20,34,18,44,63,61,17,38,18
55,54,22,47,61,48,23,39,46,16,28,46,52,40,45,46,39,57,39,44,23,28,51,19,48,56,49,19,31,21
62,46,30,41,63,53,24,38,39,19,27,44,49,40,51,46,26,63,42,42,25,23,42,23,42,53,59,18,44,18
65,48,29,41,63,53,28,34,39,24,24,41,49,34,42,47,31,59,42,52,19,29,37,16,45,63,61,17,40,20
54,48,31,46,68,52,24,37,37,10,23,34,55,32,52,47,33,55,49,49,23,27,38,18,43,65,60,17,48,17
53,50,20,37,69,61,22,25,38,15,28,44,54,36,56,47,38,57,40,50,15,27,41,20,46,56,57,24,42,24
57,44,22,50,63,57,27,38,40,20,20,33,56,36,44,46,37,53,41,49,22,37,36,19,49,57,52,15,47,25
60,50,32,46,61,57,30,38,42,20,23,41,50,34,48,42,36,59,45,40,21,29,30,17,50,60,60,14,42,15
58,51,33,49,63,48,20,43,41,14,25,43,56,30,47,49,33,55,44,40,18,34,37,14,40,63,56,25,46,17
58,60,31,39,65,45,26,34,42,16,18,43,54,30,43,38,34,64,35,52,25,35,42,23,43,59,59,21,42,16
59,51,29,41,71,57,20,36,40,20,22,44,49,36,40,58,29,59,43,48,16,34,38,16,48,58,60,20,29,21
61,57,33,41,65,68,20,40,34,13,26,41,57,40,38,45,29,60,43,49,23,28,38,13,44,60,50,19,36,21
60,43,29,52,67,56,28,35,29,17,35,46,51,35,45,38,35,58,44,50,21,27,40,22,47,53,61,16,36,16
54,43,33,32,64,60,26,42,36,21,26,39,55,28,48,50,30,59,46,46,11,32,34,22,47,64,54,23,44,23
54,44,36,46,66,50,23,41,38,17,21,37,54,25,44,44,37,56,43,48,22,33,38,22,47,65,54,21,45,21
56,52,39,43,68,53,21,45,41,21,15,40,52,38,51,41,35,54,41,43,16,31,38,18,49,61,55,17,44,14
56,40,32,44,70,62,20,40,36,21,26,41,52,34,46,46,32,47,42,41,22,36,40,21,46,62,57,14,41,25
60,50,25,40,71,50,21,33,38,13,20,38,54,31,45,54,33,60,47,49,26,39,35,20,40,58,55,25,47,15
56,48,37,38,64,53,24,39,39,18,26,36,59,33,48,45,29,52,41,51,28,26,42,24,43,57,64,20,35,17
62,43,28,48,61,55,28,43,43,12,28,41,58,35,46,46,33,55,43,44,16,34,37,18,42,58,58,10,51,16
64,42,24,45,62,57,25,34,35,15,19,46,46,36,45,39,41,57,48,45,29,18,38,16,51,66,56,21,49,23
61,48,32,47,63,53,20,37,38,15,26,37,51,36,44,53,36,53,45,49,20,32,37,20,52,53,49,19,41,25
61,47,33,47,70,54,21,29,33,18,24,40,51,33,48,41,34,58,42,47,18,32,44,19,50,63,55,21,40,19
58,45,31,48,66,61,18,26,44,15,20,45,42,31,49,52,39,62,49,47,22,30,39,23,46,57,59,15,35,18
56,48,28,45,70,59,22,35,38,19,23,33,55,36,51,49,29,54,48,49,15,31,39,21,49,58,55,22,40,15
60,46,27,42,63,46,15,36,39,17,29,42,55,40,47,42,38,57,41,49,20,30,41,18,49,58,58,20,47,20
58,55,32,47,66,53,22,33,36,19,26,38,42,33,47,49,37,55,38,51,17,33,41,22,46,63,55,19,39,20
59,46,32,41,66,51,22,41,39,13,26,41,58,33,47,49,27,58,47,46,18,27,35,16,46,66,59,23,43,17
62,53,28,38,61,62,25,41,37,20,26,40,50,32,46,47,38,49,38,50,18,38,36,17,42,60,58,16,43,21
53,42,22,44,66,55,19,32,35,21,17,47,43,35,50,54,32,56,51,60,19,34,39,22,48,52,54,19,45,26
58,50,28,42,65,52,16,44,42,17,26,34,57,32,46,50,32,54,42,50,17,30,40,17,44,64,55,22,44,22
55,50,34,47,63,57,19,38,43,17,22,36,61,38,45,47,38,53,47,50,18,22,42,16,47,53,57,24,36,17
54,46,32,47,60,58,17,35,40,27,22,44,52,36,46,42,32,62,46,38,20,34,37,21,47,55,63,18,38,23
60,48,33,40,67,60,18,37,41,18,28,42,48,39,45,47,30,53,49,46,13,30,47,26,44,56,59,18,34,16
65,47,30,45,66,57,24,35,40,19,22,40,49,41,47,45,38,55,42,44,20,30,38,14,42,58,49,20,47,23
55,47,30,38,66,60,20,34,38,17,16,35,53,42,50,44,30,69,49,55,12,35,34,16,42,64,59,22,43,17
53,56,34,45,68,54,26,33,48,24,26,34,51,30,53,52,32,53,46,48,13,34,35,15,43,53,55,13,45,20
56,43,24,46,66,53,22,36,38,16,27,35,46,36,52,43,37,58,48,43,21,36,35,20,48,59,64,20,45,19
52,52,27,40,67,55,23,37,47,19,20,48,56,43,44,49,33,55,42,48,19,31,43,16,38,58,52,20,40,18
53,50,30,45,65,56,20,31,41,19,20,39,56,37,39,38,41,63,49,38,19,28,34,18,60,54,59,23,42,25
59,47,37,44,68,53,21,35,41,12,26,45,58,38,51,39,34,50,43,46,22,29,39,17,47,53,60,18,42,18
51,46,31,42,64,55,20,39,39,13,24,40,59,35,48,51,32,55,52,55,16,24,43,17,52,53,57,16,41,22
61,44,28,47,67,57,31,30,32,22,26,29,55,49,56,42,31,55,46,51,11,24,34,20,47,57,56,17,45,22
48,45,28,49,64,56,18,38,45,15,24,39,51,32,47,36,38,56,36,47,25,32,37,21,51,63,61,20,52,18
56,51,35,46,67,57,26,35,45,17,21,40,51,30,52,43,38,59,39,47,17,37,28,19,37,57,59,20,42,21
60,45,31,45,70,59,22,32,36,18,24,40,47,34,53,39,31,50,47,53,23,38,38,14,46,60,55,19,46,17
66,52,32,38,65,54,18,38,35,19,18,37,59,34,47,51,39,55,49,51,18,24,34,16,51,54,62,18,41,17
57,46,29,41,60,59,22,35,36,17,24,34,55,36,55,44,36,63,48,47,28,25,43,17,46,62,51,17,37,22
56,53,33,48,64,45,24,36,51,15,23,38,50,33,41,51,39,61,47,48,18,29,31,20,48,60,52,17,41,20
65,48,22,37,68,51,20,33,44,19,28,42,57,28,41,48,29,60,51,46,18,32,43,17,49,49,60,19,40,28
57,49,26,48,62,54,23,36,40,18,23,38,55,29,48,40,34,56,37,45,27,38,36,20,45,60,63,18,44,23
58,54,21,45,64,53,21,36,36,20,20,40,56,34,55,41,32,63,48,49,19,38,36,12,45,54,62,19,45,16
57,46,27,47,63,49,24,29,42,22,22,42,51,37,46,49,37,53,40,51,20,41,39,25,49,55,53,15,44,17
59,53,26,38,63,59,18,31,41,18,23,37,55,36,45,41,42,58,42,48,20,32,39,18,44,57,59,22,45,23
56,44,35,50,61,57,27,40,36,13,28,46,52,25,52,41,32,56,48,50,12,29,43,17,53,58,54,17,39,21
52,47,39,45,63,56,20,37,28,14,20,37,56,42,49,36,39,53,44,48,27,34,41,18,48,59,54,20,45,21
54,46,31,41,64,51,26,37,41,12,31,42,53,39,55,44,39,51,49,56,15,30,34,20,49,62,51,17,34,18
63,50,31,40,67,56,23,44,37,22,14,35,60,35,46,48,33,54,38,46,19,31,40,19,47,59,53,23,47,12
59,50,29,35,68,63,19,38,39,19,28,43,52,31,46,37,44,63,44,45,17,35,35,17,43,58,55,17,43,20
51,50,26,42,64,55,23,40,38,14,29,41,55,39,45,44,39,60,48,48,13,32,35,21,46,63,55,18,41,17
64,50,30,44,67,56,26,34,36,20,22,42,59,30,40,46,35,59,51,39,21,34,37,11,43,55,61,21,44,15
59,49,23,42,63,55,22,30,48,20,26,38,52,38,42,48,38,53,40,49,21,33,41,19,43,60,57,17,49,17
57,42,25,53,60,58,27,35,37,19,17,33,52,30,39,47,39,56,47,51,17,37,42,17,48,60,50,21,47,29
54,49,30,45,68,54,20,43,36,19,20,41,42,47,45,46,35,51,40,51,18,41,39,22,43,54,59,20,42,18
62,45,33,43,64,51,23,36,35,19,24,34,51,42,48,51,36,56,45,52,15,32,37,21,44,62,56,17,40,18
60,51,30,41,61,56,21,40,39,17,27,39,52,33,47,40,27,50,43,54,23,36,32,17,47,58,56,25,46,24
59,51,27,46,66,58,25,29,36,18,26,37,48,32,59,51,37,53,47,46,21,28,36,18,44,64,52,16,42,20
58,48,29,48,64,56,24,42,40,19,24,41,56,37,49,42,34,57,44,46,14,26,34,20,57,53,56,18,42,14
60,43,30,44,63,51,20,28,41,20,30,42,57,34,49,45,33,60,46,49,9,34,40,25,42,61,57,17,44,18
54,51,30,46,67,58,19,35,41,20,25,43,49,37,46,48,36,59,45,37,11,30,41,16,45,55,65,21,44,18
60,58,31,49,63,60,24,36,41,16,25,40,43,33,48,42,33,58,40,46,21,36,38,18,46,59,55,23,36,14
58,47,25,38,69,57,20,25,34,20,20,37,61,41,50,44,35,58,46,48,20,31,41,17,48,56,59,23,44,20
60,52,28,51,62,63,21,42,32,20,19,40,55,43,42,47,31,53,42,59,17,25,37,21,49,49,52,19,45,16
55,45,31,41,70,64,24,32,36,24,27,32,49,37,47,42,30,65,35,46,23,34,36,22,50,50,58,15,45,27
54,46,29,41,62,53,23,31,40,18,24,42,53,30,52,53,42,60,47,51,26,27,37,21,46,59,48,16,42,19
49,51,32,41,61,56,22,37,33,16,24,31,52,44,40,46,35,50,47,48,22,34,43,19,61,56,58,24,37,23
57,51,26,44,64,56,27,43,38,12,27,39,43,41,55,50,37,51,47,43,19,25,31,17,43,66,57,12,48,23
55,45,30,42,64,58,23,43,36,17,28,40,55,36,46,43,37,56,35,48,16,36,38,21,47,60,56,21,38,22
55,41,26,48,67,59,20,38,40,17,25,37,54,33,34,43,37,60,46,59,22,33,40,21,42,53,56,27,43,16
61,46,31,42,66,60,17,34,36,18,31,42,55,29,49,41,35,58,43,48,18,31,38,13,47,56,60,19,46,22
59,41,34,37,60,56,19,39,41,15,15,44,46,36,42,48,35,58,50,51,24,34,42,19,49,59,64,17,36,22
56,42,25,53,63,63,18,39,37,20,25,41,51,43,42,44,35,60,46,50,23,29,39,19,46,62,49,16,35,21
63,47,33,37,61,58,24,36,38,11,27,35,50,39,46,53,33,57,39,52,18,31,41,20,44,59,54,21,46,19
62,53,30,43,63,52,19,35,40,18,25,41,55,35,48,41,33,56,43,49,15,34,37,17,48,59,60,19,45,17
62,41,35,51,70,50,27,31,37,26,26,42,54,40,47,50,26,58,43,47,19,24,41,16,44,52,57,12,42,22
52,43,30,38,63,55,18,30,37,15,22,39,49,38,51,46,31,71,43,54,26,31,40,17,47,62,59,18,46,21
56,47,37,40,62,55,19,28,38,19,20,37,53,41,52,39,34,58,45,53,21,26,44,21,48,56,50,19,55,19
61,55,29,49,63,55,18,33,40,21,31,39,49,32,44,47,30,56,43,43,21,28,46,18,51,60,54,14,46,16
59,41,26,44,64,64,23,41,39,17,27,39,58,38,46,47,37,53,51,41,19,31,44,23,39,56,55,14,39,17
59,53,34,41,68,54,22,33,43,13,26,33,57,37,50,35,42,59,44,48,16,32,39,12,44,56,60,18,38,26
56,50,38,44,60,61,25,29,37,18,31,37,52,36,42,45,37,61,45,50,12,31,33,21,47,58,65,14,38,19
55,51,25,41,66,59,21,36,43,13,24,44,56,35,45,46,36,57,40,41,22,35,43,17,48,58,57,14,43,21
59,52,26,41,70,59,20,39,39,20,26,43,48,35,42,47,32,58,45,43,21,32,44,14,44,63,57,20,39,14
57,48,30,39,66,53,20,30,36,19,31,33,50,41,47,52,41,56,40,43,22,36,37,18,57,60,52,21,39,18
61,40,27,45,66,48,27,36,40,19,27,40,54,24,48,48,40,59,36,42,24,34,42,16,44,61,63,19,43,19
61,47,35,43,66,51,23,42,38,16,30,46,53,33,49,49,28,54,37,46,13,34,40,16,47,61,52,20,40,22
60,47,29,39,60,62,26,42,48,15,28,38,47,30,48,41,30,52,45,51,19,31,50,15,45,61,53,18,43,19
58,53,28,49,53,52,24,50,38,20,22,41,46,43,46,50,28,53,34,35,25,28,40,18,38,62,61,23,50,24
51,41,31,51,67,57,20,41,40,21,24,43,52,36,57,48,29,53,36,48,16,34,39,15,48,60,55,18,44,17
60,48,36,37,72,49,16,38,40,16,27,46,51,37,44,41,30,55,42,56,19,30,32,16,41,60,60,22,47,24
57,54,25,36,69,59,20,37,44,21,27,38,55,43,46,46,32,59,38,54,21,27,39,14,45,49,58,18,43,18
56,45,33,50,67,55,21,37,31,24,26,45,44,38,45,48,31,59,50,52,15,27,45,19,49,57,54,16,36,17
56,54,36,41,69,51,22,32,34,17,28,37,45,35,44,47,30,59,48,42,27,30,36,17,48,64,62,15,47,19
58,51,30,43,61,57,31,34,38,16,22,40,55,41,49,40,36,50,40,52,18,31,40,24,47,59,53,19,40,17
60,43,28,44,57,55,22,33,37,29,30,40,57,34,43,48,39,54,42,52,17,30,46,16,48,55,57,18,41,17
64,48,25,46,59,58,20,29,34,17,26,36,48,32,55,51,36,63,41,51,23,36,41,14,48,58,58,18,37,20
49,46,31,43,63,58,26,40,39,23,24,26,42,39,53,43,36,56,51,48,25,33,41,20,48,61,53,16,45,14
54,51,34,41,70,53,24,41,43,16,19,38,49,35,48,43,38,62,41,44,25,33,34,18,35,63,60,22,38,20
57,40,33,36,62,53,24,46,43,15,18,39,54,32,55,46,39,55,40,46,23,36,41,19,39,59,57,21,41,23
64,50,35,37,64,60,19,43,39,20,25,33,53,36,51,45,36,53,39,43,19,31,38,20,39,59,63,18,41,19
61,49,32,40,70,56,21,24,35,22,26,38,50,37,51,48,36,51,46,49,24,26,39,24,41,60,57,18,44,17
58,48,28,45,65,49,22,31,36,16,28,43,54,31,53,51,33,55,47,51,23,22,36,18,51,58,57,20,41,22
59,48,34,47,61,53,13,39,40,11,25,44,50,33,48,39,42,56,45,56,24,25,43,25,40,59,54,20,36,23
58,55,28,50,64,59,25,32,42,20,28,34,48,27,48,48,29,57,48,44,17,29,44,21,48,60,51,15,41,22
61,43,29,43,64,61,20,33,43,15,26,29,52,39,50,44,35,57,45,47,20,28,44,19,50,58,49,19,46,23
60,53,31,29,59,60,22,35,43,15,22,43,55,42,41,47,29,61,48,53,22,25,35,12,43,62,58,17,44,26
70,51,28,43,63,55,24,42,36,25,24,33,53,41,38,47,31,53,50,54,14,32,36,17,47,56,47,20,44,18
62,50,32,36,61,52,24,36,39,19,23,41,52,34,48,49,36,58,48,55,14,29,42,15,45,59,53,15,43,22
59,45,30,49,66,58,26,35,41,19,18,42,56,37,48,43,38,61,37,42,25,31,36,15,46,55,52,15,48,19
57,45,26,39,63,60,29,36,46,19,22,37,52,38,44,42,34,63,51,48,18,36,35,17,47,55,53,15,44,21
55,44,35,45,64,57,20,36,37,17,26,38,50,39,52,46,30,55,37,50,16,37,38,12,55,66,51,16,43,25
64,45,27,50,71,58,19,38,43,16,23,37,56,41,48,45,32,55,43,44,19,27,37,20,44,58,55,13,43,21
62,47,27,39,60,56,24,47,43,20,25,38,56,30,46,47,33,55,31,41,22,37,43,17,51,54,54,23,44,20
54,44,34,51,62,57,22,34,37,21,20,40,52,36,45,48,31,59,49,51,20,33,36,16,43,56,54,24,40,23
57,50,33,49,63,51,27,28,46,14,27,35,55,37,45,40,35,57,49,46,23,24,49,19,39,53,56,24,38,23
58,48,35,34,59,53,19,38,38,16,28,38,51,41,50,46,33,57,51,55,21,25,41,15,46,55,60,21,44,16
65,48,32,37,68,59,16,48,41,19,20,42,42,31,48,48,32,53,38,42,19,36,49,19,43,57,59,21,40,20
56,46,30,34,65,56,24,46,37,14,32,37,58,37,48,43,35,56,51,50,12,33,37,21,47,60,53,19,36,19
61,42,26,53,64,54,14,35,41,20,26,37,54,38,52,44,35,57,45,47,19,23,43,16,54,60,56,22,32,22
59,51,27,48,65,58,17,30,31,15,25,44,62,36,44,43,37,57,55,46,21,36,43,23,40,55,52,13,38,21
61,42,24,46,64,52,20,38,42,18,33,40,52,38,52,50,41,50,52,47,17,28,33,17,51,60,48,18,41,17
55,43,29,43,64,55,27,31,41,15,23,42,59,39,51,42,36,57,43,53,22,28,45,23,44,52,53,20,40,17
58,47,29,49,68,55,23,39,39,24,32,36,51,35,45,43,34,56,43,43,13,36,37,19,49,50,60,21,35,23
53,45,27,42,65,57,18,39,49,14,23,44,50,37,48,49,35,59,39,46,11,38,46,20,49,53,55,22,45,14
53,51,29,44,62,57,30,37,28,15,33,40,51,39,46,47,35,48,52,42,24,24,35,22,41,62,56,25,40,24
56,49,27,43,67,54,24,43,31,14,24,34,58,38,41,43,29,53,47,48,31,33,39,14,48,56,60,25,46,17
62,55,32,43,67,57,24,35,37,15,20,37,55,32,45,44,30,53,42,50,16,34,47,19,43,54,62,22,41,19
55,45,25,50,60,55,24,39,39,22,31,44,51,37,52,50,35,59,38,48,16,30,40,17,45,51,53,23,41,17
54,44,36,49,66,54,22,34,38,22,30,35,52,39,51,48,35,57,37,43,17,33,37,18,49,59,61,16,36,20
56,48,27,47,61,59,21,27,36,21,27,35,53,39,45,44,34,58,49,49,10,31,39,15,55,58,57,17,49,25
57,47,26,43,67,57,19,37,47,12,29,45,51,33,52,39,38,59,44,47,17,24,38,15,54,57,58,16,41,23
64,48,32,39,64,60,16,32,42,17,25,43,50,35,48,51,40,59,41,45,22,21,41,16,46,57,50,21,47,20
56,45,32,42,66,60,25,39,38,23,22,33,50,33,42,39,35,54,45,49,19,31,45,26,51,61,56,15,38,22
61,46,34,43,72,55,20,38,36,19,21,44,48,39,46,44,36,43,52,46,21,20,39,22,48,63,52,17,47,20
60,47,32,50,68,50,23,40,36,18,26,32,51,39,50,47,30,53,40,42,18,34,44,13,47,60,53,20,46,23
62,54,33,35,60,54,15,39,40,19,23,40,51,43,48,41,38,55,43,53,16,32,41,16,45,59,56,20,40,21
59,54,31,36,65,55,23,33,39,17,25,44,50,36,47,46,31,58,42,44,23,30,42,11,42,62,60,20,46,21
57,40,31,42,67,53,22,34,45,15,26,51,60,37,43,37,36,57,43,39,23,31,40,13,50,61,52,14,44,29
58,51,27,46,71,58,23,42,36,16,26,43,52,42,46,45,27,57,43,42,15,36,43,13,45,59,54,14,36,26
55,51,32,44,57,63,26,38,41,16,23,29,55,35,43,42,35,49,43,49,17,36,45,19,39,61,60,23,45,21
58,55,26,47,67,61,26,43,36,16,24,36,48,31,49,45,37,63,34,44,17,28,41,14,48,57,58,20,42,21
56,49,33,49,62,57,17,36,30,17,22,35,52,36,47,45,37,61,41,47,14,32,46,19,51,55,58,24,46,18
66,45,31,42,66,50,21,36,40,11,25,33,62,38,50,49,25,58,46,45,26,26,39,15,49,61,55,20,39,23
58,45,22,38,69,55,23,35,39,24,22,36,49,42,55,44,37,58,43,47,23,28,45,19,48,57,53,17,42,19
54,42,28,48,65,54,17,38,45,16,32,38,59,39,51,49,34,55,43,47,15,21,37,22,53,58,54,18,40,20
59,46,32,50,63,47,22,40,42,19,27,45,51,40,43,59,35,49,47,43,19,28,36,16,39,56,51,23,43,22
56,42,31,42,67,57,14,41,44,23,31,37,59,40,44,39,33,53,45,44,21,27,45,17,45,57,55,17,48,18
59,54,30,46,62,53,18,35,42,7,19,33,52,46,51,45,29,56,48,55,20,33,33,18,44,61,57,20,49,17
58,43,35,53,65,56,24,29,37,17,23,32,60,32,47,52,34,53,46,44,21,28,45,19,46,53,54,15,53,18
52,56,25,36,69,55,22,28,44,23,25,47,52,38,46,42,42,60,41,46,23,27,43,16,50,56,52,18,45,13
51,54,34,45,66,47,26,36,31,14,26,39,67,34,47,42,35,56,39,49,15,33,37,21,50,54,59,26,33,26
55,47,32,41,66,49,18,38,43,23,32,42,49,29,49,50,32,58,47,46,19,31,32,16,52,60,55,21,37,23
58,54,33,36,58,58,15,38,46,20,19,47,53,42,44,43,35,57,46,48,14,29,43,20,42,56,59,21,40,18
64,54,26,35,68,61,16,37,38,17,27,31,52,36,44,46,42,52,45,46,25,30,47,20,45,57,57,21,38,15
58,43,32,40,64,54,16,35,45,25,26,34,57,30,44,41,31,55,43,49,25,32,37,26,50,64,65,20,35,16
64,54,29,44,64,61,20,43,30,15,28,39,50,35,48,46,36,58,46,53,18,29,41,14,42,56,60,14,37,18
60,56,26,40,65,63,20,38,38,17,20,27,49,35,53,44,40,59,39,44,16,35,45,17,45,49,56,22,50,24
60,42,26,43,65,53,22,38,33,20,26,41,52,38,49,44,33,58,47,49,19,32,42,18,48,63,61,15,37,18
54,49,32,46,68,52,21,40,40,14,22,46,53,35,46,43,39,51,39,56,18,29,47,20,48,54,49,22,37,22
50,49,30,52,63,54,22,35,39,17,29,42,51,29,47,46,32,53,44,53,21,33,43,21,41,65,54,12,46,19
58,50,24,48,66,56,23,35,32,21,23,40,58,34,48,43,34,44,45,53,20,35,35,21,46,65,56,18,43,18
60,48,27,46,66,65,15,38,38,18,30,42,43,29,51,44,31,63,39,53,24,31,37,16,40,63,52,20,39,24
57,52,32,46,61,56,23,33,32,15,20,34,56,38,43,48,36,54,42,51,14,33,45,18,49,63,59,19,41,22
55,46,32,46,63,62,21,43,40,19,22,32,48,41,56,41,28,60,44,45,24,24,42,21,49,54,58,18,40,18
60,53,26,39,64,60,25,34,32,13,30,38,49,41,38,47,34,61,43,48,15,35,36,21,46,59,57,22,43,23
58,45,27,40,66,58,16,34,40,17,27,39,57,43,48,39,27,55,43,55,20,38,41,17,47,54,53,21,42,25
58,36,29,45,66,55,25,32,45,18,25,36,52,32,48,36,31,61,45,47,27,36,40,15,56,55,58,19,45,19
51,44,35,42,66,55,12,31,45,16,29,31,53,36,59,49,34,53,47,52,22,31,34,22,44,65,56,25,37,16
53,47,30,51,67,53,30,33,31,23,29,40,50,36,48,42,33,60,44,43,22,32,36,14,51,55,58,19,47,15
61,49,28,44,63,55,18,37,30,19,28,38,52,38,48,40,36,49,46,57,21,29,44,15,53,53,57,18,42,24
60,48,23,48,65,61,20,36,42,15,25,36,51,30,47,46,31,54,38,47,23,33,37,14,50,65,56,19,55,17
63,40,27,40,63,56,23,35,44,20,32,46,54,25,50,44,31,55,47,53,19,29,37,12,48,59,52,22,42,24
49,49,31,36,68,49,24,42,29,13,25,33,54,35,48,47,37,68,42,47,20,37,43,25,47,61,60,15,42,16
59,48,28,46,67,55,20,31,40,19,28,34,54,37,47,43,38,56,38,46,21,32,46,20,50,54,59,15,41,20
59,53,32,41,60,58,18,40,45,12,26,38,47,35,47,43,44,52,44,51,19,27,43,15,48,58,59,17,40,21
56,45,33,44,73,56,20,41,32,23,25,39,51,49,46,38,34,53,34,50,19,22,36,21,52,56,58,20,46,20
71,51,27,42,64,54,24,30,41,12,31,32,46,31,49,47,31,46,48,56,14,37,37,24,47,57,58,19,45,21
59,45,31,48,64,56,20,35,42,16,25,38,45,32,50,47,36,58,44,43,22,38,36,17,52,55,53,24,41,20
55,49,37,42,62,65,17,46,29,16,29,41,43,29,43,47,37,54,46,48,17,31,45,20,37,58,55,30,46,18
49,51,24,50,72,58,24,42,40,14,21,35,47,32,48,46,35,59,40,56,16,31,30,23,46,63,61,14,45,20
52,45,37,47,62,52,13,36,37,19,27,46,60,31,47,40,27,61,55,54,16,31,32,19,48,56,55,20,47,20
52,47,37,41,63,62,23,47,41,19,19,39,45,27,44,46,33,49,45,50,17,29,45,25,49,57,59,16,43,23
59,44,33,46,66,59,23,26,46,17,25,38,50,34,49,38,39,55,43,46,20,33,45,16,56,52,57,19,36,22
61,47,40,45,64,57,19,30,39,16,26,39,49,31,46,49,41,59,48,43,20,31,45,17,44,58,52,21,35,20
61,41,25,46,63,58,23,34,42,24,23,46,53,45,48,40,35,50,47,43,15,24,42,19,47,53,60,21,47,17
60,48,32,39,68,60,28,39,44,17,23,40,50,32,45,35,36,48,48,47,16,25,38,20,44,59,62,19,49,21
58,49,36,48,64,55,22,38,40,27,28,33,55,34,37,42,36,57,42,46,16,28,40,20,48,56,55,20,44,18
61,46,30,44,64,52,24,33,33,19,28,40,43,37,44,44,39,59,44,58,16,29,49,12,52,46,61,16,46,23
61,48,30,44,66,58,20,39,38,19,24,42,53,28,54,38,30,61,44,53,17,30,37,20,39,57,54,22,44,22
59,44,29,49,70,54,25,36,39,19,25,43,50,38,51,45,30,54,47,38,21,38,39,13,47,57,59,16,41,16
60,46,30,51,59,55,19,45,44,13,21,41,50,38,44,42,35,57,49,40,21,31,37,16,48,64,56,19,40,21
53,45,31,44,68,54,16,29,43,19,21,44,51,39,52,47,42,54,48,46,20,31,45,18,48,57,53,17,37,20
59,45,33,44,70,47,24,32,46,15,26,42,56,48,39,46,44,60,45,52,15,21,42,18,38,52,59,17,39,18
55,53,28,50,59,58,28,40,36,15,23,43,47,33,50,40,37,52,42,47,22,28,42,17,48,63,60,10,47,19
59,49,25,45,65,54,25,36,35,24,20,43,62,34,46,47,26,57,47,40,25,30,36,20,45,61,49,19,50,18
60,42,29,40,63,56,20,41,44,14,33,40,52,33,44,39,44,57,46,40,18,29,44,20,43,58,62,19,43,19
67,41,30,46,60,53,27,37,35,19,31,38,55,31,48,32,35,58,42,46,19,34,40,17,53,62,56,19,43,18
66,46,33,51,64,59,23,40,37,20,24,41,46,31,42,49,27,52,48,49,18,36,34,19,39,54,63,22,45,14
59,41,21,32,71,54,19,32,42,22,24,44,56,35,50,55,38,54,42,49,23,32,39,25,44,53,50,19,48,19
50,52,23,44,68,53,24,33,39,17,28,43,49,42,50,48,34,59,47,48,25,32,40,17,42,55,55,18,39,18
62,52,26,43,67,54,27,38,39,17,27,38,53,34,44,38,34,55,43,49,21,33,43,24,43,54,56,19,44,15
61,49,33,41,67,63,28,38,35,13,31,37,49,32,39,45,29,59,40,52,24,42,31,18,49,56,55,13,37,26
55,49,24,45,65,57,27,42,44,21,24,45,44,33,53,43,34,54,48,49,15,29,43,19,48,57,59,13,38,15
52,46,33,44,66,54,19,32,40,19,23,42,50,30,49,44,31,56,38,55,24,28,39,19,62,57,62,14,44,20
52,46,29,47,65,59,25,38,37,14,16,39,58,36,49,55,38,52,38,45,18,37,40,16,41,62,59,24,36,21
66,41,32,47,63,50,21,32,38,17,26,40,55,39,52,47,36,51,46,50,15,33,41,16,41,52,62,17,47,19
61,47,31,41,65,58,23,38,44,23,16,37,46,41,47,46,30,59,41,48,19,30,36,22,47,60,55,16,44,21
57,50,25,44,68,56,23,40,44,21,24,33,59,23,49,42,33,51,39,48,24,30,40,21,49,61,56,22,43,17
59,41,29,42,68,56,22,38,37,21,24,46,55,38,47,47,31,55,45,45,17,29,39,16,46,60,57,19,39,24
60,58,31,41,61,52,23,31,40,21,21,39,47,41,48,45,26,55,48,51,26,32,39,13,46,63,51,18,44,21
53,46,36,45,59,57,20,48,40,18,23,37,54,36,43,40,34,56,38,44,24,31,49,27,49,55,48,19,45,18
54,48,31,44,65,54,18,37,40,19,26,44,49,34,49,40,38,57,47,39,21,30,39,23,38,57,55,27,47,22
61,45,25,43,69,56,26,32,37,20,18,42,51,34,44,46,30,67,50,50,24,31,41,15,46,59,59,16,37,18
58,51,39,45,63,54,18,35,37,16,21,45,45,32,47,49,34,62,42,58,22,26,35,23,40,56,55,17,47,20
53,48,30,42,69,55,23,39,42,19,25,37,51,36,51,47,36,61,46,46,19,20,37,17,54,60,54,17,40,18
61,53,29,49,67,50,18,33,37,16,27,37,52,33,49,44,27,64,40,48,15,38,47,20,49,63,53,17,42,14
57,54,33,49,59,52,23,33,45,20,25,41,56,37,47,44,30,55,53,42,19,25,44,20,49,51,52,16,41,20
55,50,32,41,62,51,19,36,39,20,29,35,56,43,41,52,27,64,44,47,13,37,40,20,44,57,58,18,44,18
55,42,37,45,66,57,18,49,35,17,18,44,56,32,40,50,25,55,48,48,28,36,32,26,45,49,56,20,43,20
60,43,30,35,67,53,17,38,34,20,21,44,61,37,57,43,38,59,41,41,25,31,36,14,54,55,55,16,45,22
59,51,39,42,69,59,23,40,39,15,34,41,52,39,37,44,38,50,39,47,17,25,37,6,48,61,64,18,35,24
57,50,32,41,60,56,20,42,45,16,30,32,52,33,47,43,42,56,43,49,17,25,34,22,45,54,62,21,43,23
58,52,20,46,59,47,21,36,43,22,26,42,56,31,49,42,28,61,46,46,19,33,44,15,49,58,58,20,45,20
55,49,30,35,67,52,24,32,45,17,23,34,50,36,55,41,31,65,46,48,22,32,37,22,41,61,58,15,49,20
52,44,33,42,67,58,24,44,32,15,22,36,53,36,51,45,39,56,45,51,22,24,43,15,43,62,57,22,41,18
58,38,33,44,59,64,18,42,32,15,29,43,48,38,45,44,34,62,44,51,19,40,43,17,47,56,54,19,39,17
60,38,32,40,72,57,25,28,36,26,29,33,57,35,50,51,38,58,39,48,15,36,30,15,44,57,57,18,41,27
60,45,36,34,70,56,27,35,41,17,21,39,54,32,58,41,30,49,43,46,19,32,38,20,49,57,67,22,35,19
63,46,25,48,62,55,22,35,42,17,20,44,55,27,54,45,28,61,43,48,22,26,41,17,53,56,58,16,46,17
60,44,30,45,66,50,28,36,34,10,25,42,60,29,44,51,42,57,42,51,19,38,38,14,40,56,56,17,43,25
60,46,29,45,66,60,23,42,44,12,27,37,40,40,47,41,33,57,48,50,16,28,37,22,39,60,53,18,48,24
61,52,35,50,69,54,25,30,39,24,24,44,53,31,47,47,33,61,40,48,14,31,40,17,43,52,54,16,38,20
58,44,31,43,66,55,23,39,39,18,20,40,53,43,50,42,42,56,54,39,21,24,41,19,42,56,57,16,41,20
58,53,35,49,64,50,25,40,38,14,25,38,53,39,47,45,32,59,48,46,19,22,42,18,40,58,60,20,41,14
56,51,31,47,63,55,17,35,42,20,26,42,49,36,48,47,36,60,48,43,20,31,28,20,45,61,54,17,44,20
61,53,35,42,64,58,17,38,47,11,19,37,58,38,49,44,27,48,40,44,22,28,33,27,49,62,51,26,41,23
60,53,30,41,69,53,21,37,32,21,19,41,53,32,39,40,42,54,44,48,20,38,41,23,49,58,56,19,42,17
52,51,32,44,65,54,19,38,30,23,35,37,53,40,48,48,28,62,46,41,25,31,35,23,43,58,55,19,40,17
67,42,28,39,71,57,21,40,43,17,25,32,51,34,49,40,34,55,40,50,24,31,38,22,44,56,65,20,39,18
65,46,30,47,60,56,27,36,40,16,22,41,53,41,50,51,29,58,38,50,15,31,39,18,43,55,56,18,39,22
63,48,29,43,68,56,21,41,43,17,29,35,56,34,40,47,38,49,44,48,23,30,33,13,47,67,55,17,36,22
56,52,31,47,67,58,18,36,40,23,24,36,58,29,50,38,30,55,43,42,27,31,35,19,52,56,57,15,45,22
60,45,28,46,68,53,18,37,38,19,24,41,61,37,41,44,32,57,42,51,21,32,38,15,45,60,58,18,49,14
60,44,36,45,65,49,19,36,36,18,24,28,54,37,49,49,34,60,52,42,21,29,42,12,48,63,52,21,49,18
68,45,30,45,70,59,22,33,32,15,26,36,49,34,50,44,30,55,47,55,14,38,42,17,40,59,46,24,43,24
58,47,31,37,66,57,19,41,32,19,25,44,53,28,52,50,36,54,51,43,24,34,42,18,40,52,60,15,46,18
59,41,26,49,62,51,17,30,44,15,30,41,53,33,57,41,31,58,45,52,24,30,31,22,45,62,58,20,43,22
58,52,36,41,61,57,18,32,42,22,20,36,57,37,58,40,27,51,38,60,20,28,44,22,43,59,49,20,41,23
56,49,35,41,72,54,29,42,30,15,23,36,53,40,37,45,39,62,46,47,24,26,37,19,51,56,51,12,46,19
58,49,25,42,66,52,16,31,40,12,28,40,49,42,46,42,37,61,48,45,24,38,39,20,44,61,51,20,45,21
56,46,25,47,72,62,21,46,41,19,24,38,46,29,51,45,33,48,42,51,14,37,39,17,51,56,50,19,46,21
62,44,35,50,67,47,20,41,40,19,21,38,50,40,50,44,34,57,46,50,20,38,40,13,42,61,54,17,36,16
56,50,33,42,63,47,22,37,33,16,26,26,50,38,47,46,39,54,45,49,17,34,33,27,48,71,55,20,40,28
57,51,32,39,63,59,20,43,37,13,29,40,54,35,51,46,34,51,48,45,28,33,34,15,45,62,55,22,35,16
62,50,31,41,65,54,20,32,38,21,25,36,62,35,48,53,35,61,45,46,21,25,39,10,43,61,56,16,43,18
56,46,30,41,60,56,17,36,38,17,24,42,53,38,45,49,41,62,39,40,18,38,45,18,42,60,57,20,40,24
59,52,36,43,62,52,28,32,46,16,20,45,52,45,42,43,22,52,46,45,22,33,40,17,47,61,61,16,36,21
58,46,34,44,64,56,30,35,34,11,28,39,51,39,41,40,35,52,43,56,15,35,48,20,37,59,56,19,41,26
60,49,29,50,66,56,26,38,36,20,25,36,56,29,45,43,33,56,51,51,24,26,45,16,37,57,61,21,31,19
53,54,34,44,65,59,20,40,34,10,23,37,56,40,46,31,48,55,35,46,22,34,44,19,50,53,62,21,43,14
58,48,33,49,63,56,22,27,39,21,23,34,56,45,52,44,34,54,44,48,26,32,38,15,43,54,55,18,39,22
54,51,27,44,67,49,17,37,39,20,30,36,48,35,45,42,27,59,46,48,24,36,45,18,44,59,62,18,45,20
54,53,25,48,62,53,22,38,34,20,28,40,53,34,51,43,32,59,43,54,17,39,41,13,37,60,58,22,40,19
57,44,28,47,64,55,27,32,39,19,28,32,58,33,41,46,39,60,45,43,22,28,37,18,48,61,62,18,39,22
62,38,30,45,63,58,20,32,45,18,22,48,45,43,46,43,34,57,48,52,26,37,39,20,38,59,55,16,40,13
55,50,31,45,67,55,27,43,32,17,24,37,55,33,52,41,37,56,41,48,22,29,33,21,42,54,53,19,47,26
59,47,30,49,63,66,26,39,34,24,19,31,53,34,46,44,25,54,47,52,18,33,41,18,49,56,60,15,42,18
63,40,31,43,63,59,18,33,41,23,25,35,46,38,48,46,36,53,43,43,28,29,34,20,55,58,53,18,48,22
57,53,32,40,70,49,22,40,33,15,25,38,49,38,43,46,33,56,44,52,23,31,45,17,52,50,54,24,38,23
61,41,37,50,64,53,16,36,36,14,21,41,54,29,44,42,31,59,40,52,26,31,47,21,49,52,54,19,47,25
54,53,29,45,63,50,16,40,38,21,24,35,49,31,50,47,37,52,42,47,20,42,41,19,42,63,67,16,35,24
64,50,32,45,65,53,21,38,36,22,23,45,54,42,42,43,28,61,44,44,21,34,32,20,43,59,49,20,41,21
63,48,32,44,69,50,29,36,38,15,21,38,48,44,45,50,32,65,46,43,20,33,31,16,44,60,49,17,43,23
60,45,32,48,65,60,23,41,39,20,25,40,51,27,47,40,33,55,39,46,23,28,44,19,44,57,58,22,48,13
57,47,26,43,63,62,18,47,29,17,31,43,54,30,49,45,36,54,36,46,18,35,36,18,45,53,59,24,52,19
58,38,32,52,67,52,23,29,53,18,19,36,53,34,47,37,38,68,48,49,18,37,40,18,49,64,48,18,32,17
65,47,36,44,63,58,18,31,36,19,14,31,52,32,55,42,34,61,40,53,28,31,38,18,48,64,56,19,42,17
59,48,32,38,63,55,25,36,36,15,25,39,59,36,41,53,37,56,50,51,21,26,31,23,46,62,52,13,49,15
55,45,30,42,69,54,30,40,42,18,25,41,53,32,49,45,31,55,46,52,15,29,35,16,46,60,61,18,43,15
52,48,24,40,64,54,25,41,38,13,21,43,49,33,46,41,30,50,50,49,26,40,42,15,53,60,65,20,40,20
68,50,29,42,56,55,23,37,40,22,26,42,55,34,47,40,34,54,42,48,23,27,34,24,42,55,58,17,47,21
54,53,32,37,63,62,24,37,44,16,23,43,52,40,42,45,35,52,48,42,18,27,32,14,45,60,66,16,45,25
59,45,30,40,66,54,16,40,41,19,30,34,52,40,52,47,36,47,44,49,18,31,32,14,58,61,55,26,43,13
62,43,28,44,64,53,27,31,39,17,18,40,60,40,49,48,24,56,39,45,27,31,39,16,45,57,59,22,44,25
50,43,30,44,64,54,19,34,45,21,34,35,59,26,46,47,37,53,53,54,20,26,28,27,47,58,54,18,44,22
53,48,26,40,60,52,22,33,44,20,31,39,49,34,42,48,30,58,47,53,24,36,32,19,42,58,65,24,43,20
60,47,32,37,67,47,28,22,49,26,25,34,44,46,50,49,34,51,51,40,23,30,49,13,47,60,52,16,40,23
60,61,33,45,62,57,19,33,35,19,27,41,46,40,41,36,32,56,51,51,23,28,37,16,42,57,56,19,44,25
60,52,25,45,58,53,30,40,44,15,28,36,57,33,47,44,30,62,45,52,18,29,36,20,49,56,52,18,42,16
54,45,28,45,64,54,21,43,35,21,21,42,57,40,46,47,37,57,43,47,23,33,41,19,41,49,61,16,41,21
63,50,24,47,62,51,19,35,41,21,19,35,47,36,45,41,36,55,40,51,21,39,51,17,45,60,55,20,44,22
53,47,32,42,65,65,25,32,41,12,19,33,50,42,46,50,38,62,37,50,20,23,39,20,50,58,55,18,46,22
60,45,24,46,65,56,21,31,38,16,24,45,53,40,44,44,39,55,47,47,26,31,31,21,43,63,58,20,46,13
62,50,25,43,65,60,15,27,38,13,30,35,55,35,50,43,39,64,45,43,21,30,38,17,46,60,57,25,43,18
59,44,26,42,63,54,22,31,47,19,28,42,46,34,52,37,37,57,39,44,22,28,44,19,44,59,57,26,46,24
61,50,36,48,65,58,25,31,34,20,26,30,56,33,49,39,34,56,41,39,24,30,44,18,46,54,60,24,44,17
59,51,34,46,61,57,22,27,34,22,23,42,50,30,54,42,36,56,37,49,19,39,36,16,44,57,59,19,53,18
57,49,36,37,60,51,12,46,34,16,26,41,56,30,53,39,34,66,47,46,21,23,42,23,45,52,60,18,50,22
55,41,37,40,61,50,24,39,38,20,33,43,54,36,52,47,32,56,48,53,14,26,30,17,45,67,56,19,39,20
61,46,25,45,66,53,17,42,44,12,27,42,45,34,46,51,32,60,47,59,15,31,41,14,43,50,56,22,44,22
53,49,25,48,64,55,21,38,44,21,30,39,53,38,44,43,28,52,42,48,24,31,36,18,46,60,59,18,43,22
55,43,35,51,67,61,21,33,38,10,23,35,44,36,49,44,40,66,54,53,27,31,36,19,41,54,52,16,42,16
59,52,28,49,67,53,19,34,37,22,31,38,49,36,44,48,28,49,42,48,20,38,31,19,49,58,57,18,43,26
53,50,28,47,64,57,23,36,45,17,21,38,56,33,51,53,38,49,44,48,18,36,48,18,36,50,56,21,42,16
57,50,24,42,69,45,26,28,40,16,20,36,54,32,56,48,37,56,46,51,24,29,49,20,41,52,54,22,44,24
65,42,26,44,63,53,24,35,32,19,26,37,55,34,51,56,35,50,41,50,21,31,43,19,55,51,53,19,46,16
59,44,25,48,67,50,24,33,35,20,34,43,48,31,42,49,28,52,47,48,26,27,35,21,39,61,64,15,51,26
64,45,31,37,70,55,27,38,34,17,25,32,55,45,41,47,34,48,55,49,15,29,36,18,44,62,53,19,45,22
59,44,27,37,67,53,23,37,32,23,24,38,56,37,50,44,34,57,51,45,18,29,42,20,47,58,60,22,41,17
57,44,39,48,63,55,31,31,48,17,26,44,52,35,47,44,35,57,45,46,18,27,36,14,41,54,57,12,48,21
56,50,28,48,67,58,25,40,46,22,23,38,43,43,43,54,39,52,34,47,14,25,46,11,49,56,55,20,44,16
57,52,34,32,66,56,26,37,39,18,32,32,49,48,44,47,35,57,46,52,18,32,36,19,46,62,48,19,40,13
60,43,32,37,63,52,22,41,43,15,21,37,48,38,49,54,38,54,39,41,16,39,49,18,48,54,62,19,39,21
59,51,36,35,63,54,23,39,35,16,24,36,50,38,46,48,37,58,44,50,18,29,41,23,46,60,57,15,38,23
62,54,37,39,62,52,26,39,30,17,32,42,47,33,43,45,46,60,44,42,20,28,39,14,44,63,57,20,38,17
54,48,28,49,70,56,18,35,33,16,35,41,49,28,45,48,27,65,47,46,25,35,39,17,52,57,56,17,38,18
50,51,28,42,68,52,28,44,42,16,33,34,51,46,45,37,32,54,50,44,26,27,40,23,43,54,57,12,44,19
53,39,32,39,67,49,23,37,40,17,26,36,54,41,50,45,40,53,50,46,26,25,34,17,42,65,59,29,36,22
55,45,31,38,66,59,20,40,42,14,25,34,57,42,46,49,38,59,40,51,18,31,39,18,46,56,60,18,39,16
58,46,27,47,66,55,22,40,38,17,26,39,51,37,43,47,31,55,46,48,17,28,40,16,48,60,61,19,44,20
56,50,34,39,60,52,21,32,44,16,29,38,49,41,55,37,34,55,48,51,25,29,35,18,46,52,58,19,48,21
63,39,28,36,63,56,18,36,42,14,32,52,49,31,43,39,35,51,43,53,22,32,47,15,54,60,61,16,41,21
55,51,29,45,65,52,23,38,43,19,26,44,46,31,53,45,34,56,50,56,28,30,36,22,40,59,52,17,32,15
58,49,30,39,62,56,24,38,34,20,30,39,53,43,49,41,35,53,41,42,20,31,43,24,38,61,54,20,49,16
57,41,29,39,69,55,21,33,38,17,30,30,49,38,46,44,32,56,45,45,24,41,34,19,51,62,68,20,39,20
56,45,34,49,72,57,20,34,36,18,28,39,63,38,44,44,38,49,35,42,23,31,37,20,47,59,57,22,39,16
61,46,32,43,67,46,33,40,35,18,21,41,54,28,46,46,35,55,56,53,24,22,38,14,44,53,60,20,41,20
50,44,30,49,68,54,19,45,39,14,23,42,54,37,53,41,39,58,40,43,23,28,36,20,41,59,62,21,44,16
60,43,29,46,63,64,25,36,39,16,22,44,60,34,48,45,37,60,45,48,18,27,43,17,45,51,51,19,38,19
61,43,29,48,70,54,18,30,40,14,22,38,51,33,55,48,34,54,52,43,17,31,43,21,51,62,60,19,35,16
57,48,27,55,57,51,26,35,42,19,20,37,58,41,51,53,27,55,45,42,19,32,44,21,36,53,62,15,46,18
61,51,29,47,66,64,17,33,44,13,23,42,57,29,44,46,36,59,43,47,18,26,36,22,52,59,53,16,37,22
58,45,31,46,61,55,22,37,45,16,27,39,53,35,49,51,26,58,37,53,23,30,48,21,41,54,59,17,42,13
47,44,31,48,62,59,23,31,38,18,25,37,52,44,46,46,29,65,49,51,23,27,34,17,40,64,57,21,44,20
59,51,24,46,68,57,23,37,41,17,23,41,57,39,38,48,30,55,41,46,18,30,45,16,47,56,56,16,50,17
56,35,36,43,62,59,26,36,41,16,16,40,54,39,39,43,39,53,45,51,14,34,41,23,53,60,57,18,41,22
60,46,34,46,67,60,28,42,39,20,27,40,54,33,46,42,26,55,48,52,23,33,38,17,40,53,56,18,35,14
53,53,26,37,62,56,23,36,39,16,20,41,49,30,50,51,34,54,46,49,27,31,40,14,49,58,56,24,49,19
52,48,32,42,67,49,26,39,42,19,31,41,50,35,51,45,42,57,45,44,16,22,41,26,48,58,56,16,37,15
61,49,28,48,66,52,22,36,45,18,24,40,51,29,38,43,30,57,48,43,15,33,38,19,56,60,58,19,47,19
61,45,30,44,55,60,24,38,45,13,26,47,61,38,49,45,34,56,48,49,12,27,39,17,47,53,54,18,42,15
57,47,40,40,51,51,17,33,40,17,27,42,55,33,45,39,31,53,50,45,18,31,40,17,50,65,65,23,44,26
58,42,30,38,71,53,20,37,38,13,23,47,53,39,46,42,37,59,45,52,17,32,36,16,49,59,60,19,39,22
56,46,36,41,59,59,25,39,42,24,26,38,41,36,50,39,32,56,49,56,18,33,35,25,47,59,54,19,30,22
57,44,40,47,70,52,20,35,42,14,16,44,53,36,56,44,39,52,40,54,18,28,37,22,53,52,56,17,37,17
64,48,33,47,64,55,21,31,37,12,22,39,56,36,47,48,31,54,44,55,19,31,43,17,42,58,59,17,43,19
57,47,26,35,68,56,28,40,36,12,24,42,61,35,44,41,27,57,47,42,23,35,39,20,50,59,63,18,44,16
57,51,31,50,62,60,22,32,42,14,24,33,53,38,51,47,35,55,45,49,18,23,32,12,49,65,60,23,33,26
59,45,26,50,76,51,21,31,40,18,25,38,50,42,52,40,37,55,39,47,17,27,36,18,47,65,60,18,42,20
58,43,31,38,66,57,18,26,44,22,24,41,56,41,51,44,40,54,45,47,24,29,35,18,49,58,56,16,39,22
58,46,23,41,62,47,19,41,45,20,31,36,52,32,50,44,35,51,45,48,25,28,40,17,65,55,59,20,37,20
54,50,38,50,68,56,22,31,32,12,25,39,49,28,49,33,37,63,45,50,16,31,43,23,53,58,49,18,45,25
57,40,26,51,74,59,21,37,40,12,24,39,54,38,46,38,38,64,44,47,24,25,39,21,48,57,45,17,39,28
59,50,37,38,63,57,17,31,35,10,26,32,52,45,51,39,43,55,42,58,17,30,45,18,52,59,59,16,34,22
60,49,29,44,66,52,26,35,43,18,20,34,53,42,48,50,37,55,44,47,22,32,40,21,37,59,55,17,38,19
60,42,30,53,63,55,21,35,35,16,23,46,45,39,52,40,38,46,40,56,18,37,38,19,41,57,59,22,47,19
63,50,29,49,62,56,23,37,42,20,33,42,56,31,51,45,25,56,44,47,18,29,44,10,54,56,49,16,37,18
52,46,29,46,59,63,19,30,45,16,25,40,51,35,45,40,44,62,44,54,20,27,44,18,41,61,57,21,38,20
54,37,28,45,64,58,22,34,38,13,24,47,52,40,48,50,36,60,49,45,18,29,41,17,48,61,54,19,44,17
60,57,30,48,65,52,22,36,35,12,24,35,48,30,44,43,40,62,47,50,27,36,36,15,41,59,57,18,46,17
55,52,27,47,69,56,24,41,39,13,21,43,54,29,53,43,32,56,47,45,20,26,37,16,44,59,58,21,45,20
58,47,30,43,66,52,22,36,35,20,18,42,53,39,45,48,39,59,43,53,17,30,42,16,45,54,49,22,48,21
60,44,26,40,67,60,18,39,36,16,21,32,51,38,51,53,37,54,47,50,15,37,39,17,46,63,54,18,46,17
66,54,28,40,65,55,17,39,41,19,26,40,46,30,46,49,22,55,44,48,26,30,41,18,49,56,60,16,46,20
57,38,32,37,67,56,22,34,44,18,25,41,55,43,42,49,32,63,40,56,20,25,36,19,42,59,59,19,40,22
57,46,32,51,62,52,20,36,34,22,26,34,51,37,45,48,30,59,51,51,22,29,42,20,48,62,52,18,38,17
54,56,30,49,68,55,16,41,40,14,25,36,55,40,50,42,36,56,50,42,12,35,41,13,39,59,54,23,44,17
65,46,35,33,61,60,28,37,35,12,22,43,54,36,40,50,40,56,46,43,23,35,42,14,52,56,52,20,40,16
59,46,30,45,66,52,20,31,34,18,27,39,57,38,50,47,34,48,43,45,21,39,39,19,45,56,54,21,45,24
63,44,34,37,73,57,26,32,37,17,20,36,55,37,53,41,35,52,40,51,16,32,39,25,42,54,58,27,34,25
55,49,30,38,68,55,22,35,44,24,26,42,56,27,56,48,36,55,39,48,20,26,40,19,43,52,57,25,39,18
57,49,24,46,60,52,14,39,43,21,26,43,50,32,53,39,33,65,51,38,23,34,40,19,57,60,54,16,36,18
62,48,32,37,67,48,26,41,33,15,24,43,43,41,56,44,32,54,41,44,19,30,38,21,42,58,60,18,50,25
56,47,32,36,64,52,23,33,47,16,22,35,50,37,52,50,37,63,44,46,22,25,41,21,46,59,54,18,42,22
55,55,31,38,66,50,18,49,32,27,23,35,49,33,54,49,36,59,39,51,26,30,42,14,41,56,53,20,45,16
56,55,30,41,63,55,23,40,30,17,26,39,42,36,47,46,40,62,44,43,23,30,45,19,50,55,48,23,42,22
53,46,31,46,68,61,22,39,41,16,23,42,58,36,47,41,37,54,41,48,21,21,42,16,49,62,50,20,39,22
60,51,31,45,63,55,22,30,37,15,28,36,56,33,43,41,32,66,36,44,15,29,44,22,48,60,61,24,42,23
63,49,24,44,64,54,27,32,42,16,21,42,51,40,52,39,32,62,52,52,19,34,33,19,40,55,54,22,37,21
64,45,25,46,59,60,23,33,29,15,28,42,56,38,44,37,36,61,45,51,27,37,35,16,47,54,56,15,41,27
57,43,31,44,61,49,26,35,39,16,28,34,52,31,50,47,38,59,41,53,25,34,42,22,44,58,60,16,42,15
64,55,33,47,67,46,21,40,39,20,24,43,50,39,44,42,33,59,40,44,19,27,33,16,46,65,57,22,39,18
60,56,25,47,62,57,29,34,41,15,29,34,53,31,51,47,38,53,53,51,18,27,33,22,36,54,54,27,37,18
62,44,31,43,61,60,21,33,40,17,30,43,53,33,51,51,31,51,37,50,15,30,36,21,48,59,58,19,42,22
59,46,25,38,66,55,24,33,41,17,24,45,65,35,47,41,35,58,49,41,15,24,41,21,48,60,64,17,37,21
57,41,29,38,66,61,21,34,37,23,18,42,59,42,53,41,34,54,49,47,24,27,36,26,52,56,55,15,41,14
67,52,24,45,68,61,30,32,30,19,32,37,59,35,38,41,31,58,45,47,19,34,41,16,38,56,53,20,46,18
64,45,22,40,56,54,19,32,34,16,26,39,55,36,57,42,36,52,47,54,24,32,44,25,47,56,59,13,47,19
62,43,31,47,57,58,21,35,36,19,22,42,45,32,50,41,36,56,44,43,24,34,57,22,41,56,58,14,48,18
54,43,29,40,67,53,23,38,41,11,20,42,64,32,48,42,36,58,44,55,20,35,47,17,49,59,56,16,37,16
59,47,28,54,64,55,28,42,35,18,31,39,57,36,50,42,35,51,43,49,17,24,40,12,47,61,53,17,43,15
56,51,36,44,64,63,27,37,34,16,24,39,44,26,59,45,34,54,43,47,14,33,37,16,51,54,62,25,37,20
59,49,29,38,66,57,17,40,40,17,24,37,55,33,49,43,32,54,48,51,26,28,34,24,45,55,62,19,41,20
54,43,28,47,69,53,18,34,43,23,28,39,55,33,44,48,54,58,38,41,15,27,41,21,45,52,60,14,46,21
52,47,24,30,68,57,23,41,46,23,22,45,57,40,49,42,37,54,41,44,15,32,43,21,52,63,50,18,39,17
59,50,35,42,68,47,22,34,43,22,32,41,44,43,48,56,31,54,46,43,15,30,37,20,54,54,50,16,39,17
59,47,35,40,65,56,21,30,32,20,20,38,54,38,48,46,37,56,42,48,21,32,42,21,49,62,50,18,43,22
64,49,35,36,60,65,23,36,38,18,31,37,56,28,42,46,32,60,45,51,18,34,40,16,42,56,54,20,46,14
52,45,30,39,64,55,23,40,41,23,27,42,56,33,48,43,31,49,50,57,20,32,39,18,44,64,55,14,42,16
55,49,27,46,62,56,23,40,36,14,22,36,51,44,46,43,33,54,46,49,21,34,43,18,41,62,55,19,43,24
57,49,30,53,63,59,24,36,44,15,28,34,52,38,45,46,27,55,48,47,19,29,37,18,44,56,58,22,41,18
52,54,28,41,69,50,20,34,41,21,27,46,56,33,48,40,39,57,39,45,16,26,40,18,41,65,62,20,40,24
56,42,25,44,59,63,17,33,40,19,18,36,55,40,52,50,40,56,42,46,22,28,48,19,45,54,58,23,39,23
55,46,33,43,63,56,12,40,40,17,24,33,51,42,52,43,33,62,48,48,25,27,40,21,44,53,58,28,36,19
63,46,31,44,65,63,18,35,38,17,29,33,57,40,50,37,29,54,50,57,18,32,36,16,47,58,56,19,42,12
61,37,25,49,67,55,20,40,41,18,27,41,52,39,55,50,34,50,39,41,22,22,43,19,48,58,54,23,43,19
54,58,27,46,64,50,23,33,35,16,27,32,57,38,51,45,36,52,37,47,21,32,46,20,40,60,53,23,47,22
57,41,26,47,69,52,23,42,37,14,32,35,53,33,49,46,36,56,49,56,21,37,36,16,41,54,53,17,46,18
61,47,16,43,71,57,27,41,36,17,24,42,48,27,41,39,33,59,40,50,19,34,39,23,48,54,60,24,47,25
56,50,32,36,65,49,24,34,38,21,27,39,54,36,53,46,35,61,38,49,14,31,36,19,45,56,56,24,41,27
58,57,30,56,66,57,24,43,38,16,30,38,50,29,41,43,29,57,46,47,20,30,43,17,50,48,53,22,36,18
55,40,24,44,62,62,18,39,42,16,28,37,47,41,55,41,31,54,47,53,23,33,39,15,53,56,58,15,43,21
62,48,26,44,65,56,22,35,47,10,24,41,59,29,48,42,33,58,52,43,20,33,43,20,45,58,58,15,38,18
55,49,28,44,60,56,18,32,39,19,20,40,46,39,46,44,40,52,43,49,20,33,45,21,47,62,58,20,41,26
52,44,32,46,59,55,19,41,42,17,25,38,47,33,44,49,39,60,45,53,19,28,33,27,52,56,61,16,37,23
65,42,29,47,69,48,19,37,36,25,32,41,53,38,44,42,30,52,46,42,19,31,36,22,47,64,58,17,44,17
60,44,37,50,66,52,15,28,36,17,25,34,54,38,53,47,29,53,48,47,25,35,35,22,53,64,53,18,34,20
56,50,28,46,58,46,22,36,37,11,25,44,53,38,59,46,39,51,48,45,18,34,44,18,47,59,51,20,39,24
63,45,30,42,69,58,20,41,44,16,25,36,51,41,43,37,36,44,43,45,22,29,39,20,50,60,53,22,41,27
58,39,37,43,64,55,20,32,43,13,26,37,52,42,49,52,34,52,40,46,24,36,33,14,49,59,53,26,43,21
60,42,26,44,68,48,26,39,32,16,26,40,49,33,46,46,29,61,47,45,23,39,40,18,43,64,59,24,41,18
56,51,23,37,68,54,26,43,32,16,27,42,58,37,38,50,29,60,52,39,27,28,33,19,44,63,59,19,44,18
55,51,37,42,67,48,25,35,39,17,21,42,49,42,50,39,38,55,42,58,18,23,44,19,44,59,53,21,40,19
58,44,20,50,64,61,23,39,35,18,23,40,49,38,45,41,29,65,50,50,24,37,40,13,36,56,56,18,46,24
59,47,30,43,61,60,17,35,36,16,25,34,50,48,43,51,31,58,53,54,23,35,34,15,46,58,52,21,40,17
61,39,28,46,64,57,26,41,43,18,23,37,52,27,57,44,27,58,48,54,21,31,37,20,40,57,50,22,42,22
54,47,29,57,64,43,25,25,41,20,31,32,50,33,52,37,36,61,43,51,27,26,38,20,39,62,58,26,41,24
60,48,32,36,64,54,14,37,30,17,30,39,54,37,52,47,31,58,52,49,21,37,32,16,46,54,65,21,41,18
55,47,30,45,68,53,16,49,38,14,23,40,47,44,47,41,36,51,39,49,20,27,46,15,39,64,57,25,46,21
64,46,32,48,61,62,23,42,33,18,27,34,50,31,50,45,40,55,46,47,17,29,32,15,49,64,56,11,46,19
58,45,32,49,59,51,21,34,40,15,24,42,54,34,47,46,28,54,44,47,17,37,34,28,44,64,60,20,41,23
57,48,33,39,64,51,30,33,38,18,29,36,60,39,48,42,34,56,44,47,19,36,40,12,44,60,56,17,42,20
58,57,29,43,62,56,21,36,34,21,20,42,52,43,47,39,35,61,50,51,19,29,42,20,48,54,47,14,42,20
58,44,33,52,63,55,20,34,41,17,20,47,55,31,48,47,42,60,41,42,18,29,44,20,47,53,55,16,44,16
64,49,22,43,58,66,21,41,37,17,27,42,54,38,49,42,38,61,38,48,20,29,38,21,55,56,49,19,31,19
54,50,30,40,67,57,24,31,43,19,25,43,53,31,41,55,30,53,43,49,15,43,39,20,43,54,54,22,43,21
60,49,27,49,65,60,18,41,45,20,19,40,53,33,49,47,30,54,41,50,15,33,43,20,50,60,54,14,37,16
54,50,31,41,61,56,23,25,42,15,27,42,54,36,51,39,36,57,43,55,21,31,35,24,46,62,48,15,54,18
57,50,30,42,67,58,28,38,33,16,33,43,53,34,46,47,36,53,40,42,20,33,39,20,42,60,58,17,36,21
61,54,33,40,64,51,13,32,38,14,27,36,59,43,45,51,33,59,48,48,17,30,38,20,41,55,61,23,34,24
56,41,31,43,64,55,25,39,49,19,27,37,54,33,48,43,31,57,42,46,24,31,38,17,50,62,56,19,40,15
56,39,20,47,62,50,30,37,37,16,24,44,51,38,44,44,35,56,48,53,21,36,44,23,47,59,56,19,45,11
65,50,33,51,58,46,20,34,46,20,23,41,50,36,41,44,34,56,43,52,22,27,38,18,48,53,58,26,45,14
54,45,35,41,64,55,19,36,42,13,30,38,55,44,45,39,33,51,42,46,27,27,41,20,47,63,59,25,38,18
64,43,28,50,65,56,28,35,39,23,24,36,56,38,45,41,32,60,44,54,18,25,32,21,51,58,56,11,37,22
57,47,24,40,66,51,24,41,37,18,26,42,55,40,49,48,31,53,43,47,19,28,41,22,52,58,53,21,39,20
61,47,29,40,66,55,22,36,39,20,21,42,54,34,41,45,36,50,39,54,22,34,44,20,43,64,56,24,37,17
58,49,29,40,67,56,19,41,36,15,20,36,59,34,47,47,41,54,50,52,20,35,37,22,50,55,50,19,40,14
58,42,25,45,67,54,22,40,37,18,29,32,52,37,43,49,32,54,48,43,16,32,41,24,44,60,62,21,40,25
58,43,31,45,62,57,20,34,41,16,21,43,52,40,49,43,34,58,50,52,21,27,41,19,43,61,54,23,41,13
61,53,24,51,62,61,20,35,38,16,23,34,51,28,39,41,39,58,45,44,16,37,43,19,46,60,53,25,53,17
57,51,24,54,63,49,19,38,42,22,23,46,52,41,50,34,35,50,43,48,21,32,32,21,50,59,56,24,35,21
53,50,33,42,63,55,25,38,37,17,25,44,46,30,47,46,39,54,41,59,20,33,32,17,44,61,60,16,41,24
54,51,31,43,61,50,23,42,41,18,26,35,49,40,55,41,32,53,49,51,14,30,41,23,41,59,54,23,46,16
57,51,24,45,64,62,22,38,36,22,21,38,47,35,44,49,29,50,48,41,27,41,30,24,45,55,58,23,46,20
57,47,30,39,63,53,26,35,36,17,23,41,50,36,53,52,32,61,42,43,20,33,41,18,45,62,51,21,45,20
54,45,26,49,61,62,24,39,38,17,23,34,57,39,42,44,32,52,37,52,24,35,42,23,47,60,59,20,40,15
55,43,33,44,60,56,23,40,35,22,22,29,54,31,53,53,40,60,43,54,27,28,34,16,35,61,56,18,44,23
64,49,26,47,68,55,24,35,36,16,25,34,51,35,49,44,32,55,46,48,18,30,45,22,50,58,56,15,39,20
55,53,36,43,63,52,19,35,36,22,27,40,54,37,49,43,33,53,40,54,18,33,33,22,48,52,58,16,42,26
59,45,28,52,68,60,20,44,30,12,22,37,54,30,47,46,32,58,47,48,19,33,43,22,51,55,54,16,42,18
57,47,35,47,69,60,20,36,33,12,18,40,56,36,54,47,33,51,46,51,14,28,37,25,49,57,57,21,39,17
63,50,29,47,66,58,22,37,35,14,27,41,53,32,48,45,29,52,47,49,18,39,31,19,54,60,55,16,35,21
58,43,26,47,64,54,22,37,35,19,23,35,53,37,49,40,41,54,41,49,24,29,41,19,49,54,59,24,47,19
49,38,35,47,66,61,24,44,32,19,28,34,52,34,50,44,29,49,42,53,22,39,31,15,55,60,52,22,49,17
60,47,28,44,64,53,24,38,41,21,22,46,55,33,45,43,34,54,43,48,19,25,38,17,55,60,60,15,38,22
62,55,27,38,66,53,27,25,40,18,26,44,54,45,50,40,29,57,42,54,16,30,43,18,36,54,55,18,48,22
58,46,36,43,64,54,21,32,38,18,34,38,54,37,47,37,31,58,36,47,19,25,42,17,54,59,63,18,46,20
60,52,28,50,61,55,20,40,42,12,27,45,56,39,50,40,37,57,40,49,20,34,32,17,44,55,50,16,47,17
60,52,29,46,68,63,22,39,33,20,23,34,55,44,52,44,40,52,39,44,22,24,35,17,44,63,60,15,35,18
54,46,33,40,61,58,28,30,40,16,34,42,55,25,45,44,40,63,47,44,23,31,36,19,46,56,57,13,45,21
62,48,32,37,71,51,30,38,44,20,26,39,46,35,52,32,34,61,38,46,24,39,42,14,46,49,47,22,51,16
64,54,32,41,62,58,20,32,40,17,24,39,50,36,49,37,32,55,48,43,17,38,52,20,45,57,52,18,41,19
60,44,27,50,70,53,23,38,36,13,25,41,54,35,48,49,43,53,43,44,21,26,40,20,53,61,47,18,42,15
54,46,40,46,64,54,17,31,43,19,31,35,51,38,48,46,31,60,48,51,19,37,39,12,48,56,51,14,42,21
59,49,24,46,65,52,20,35,37,20,25,44,56,41,48,46,29,48,43,44,21,38,42,18,42,50,60,20,51,19
63,46,36,43,64,54,25,42,38,12,24,42,44,41,50,43,36,63,41,50,23,30,37,13,48,55,60,21,29,19
54,45,30,43,64,59,24,37,39,15,31,41,58,31,42,55,37,60,42,49,14,28,34,16,43,57,56,22,36,30
56,50,32,42,66,61,19,34,45,17,25,33,44,40,55,46,39,57,45,50,14,27,42,17,34,58,60,24,38,22
56,39,31,43,62,60,16,36,47,14,37,36,44,37,46,38,44,57,43,46,20,23,36,16,42,68,65,23,45,22
64,46,32,35,70,54,19,38,35,15,27,39,48,39,47,45,40,63,42,50,19,30,35,17,41,56,61,20,41,24
53,44,35,44,67,56,22,42,42,16,19,32,48,32,50,50,36,58,48,48,22,25,32,27,47,60,60,26,33,18
56,44,34,42,66,55,25,39,48,15,25,38,49,40,37,51,36,60,42,47,19,42,33,17,46,57,55,18,40,16
56,52,29,35,65,58,17,39,39,11,24,35,54,41,43,44,42,50,50,51,20,30,38,17,43,64,55,20,48,22
60,41,27,45,62,54,22,36,43,21,23,33,49,37,44,47,38,53,52,48,23,23,38,14,51,61,62,13,47,25
52,41,25,45,65,61,16,34,37,23,24,39,56,39,49,45,45,53,37,53,19,36,38,14,54,54,50,21,46,21
51,52,29,47,71,51,26,34,43,15,30,33,59,34,38,45,40,58,44,48,25,24,42,17,44,53,57,20,42,20
56,48,30,50,70,61,32,33,38,10,22,36,51,40,47,42,37,61,39,53,19,33,35,17,47,57,53,17,34,24
60,41,23,49,67,52,29,41,49,23,28,37,59,36,47,47,27,55,47,46,16,26,38,15,46,59,54,21,36,18
57,50,28,51,69,58,22,34,42,21,19,36,45,34,46,41,37,55,48,42,15,34,42,22,42,61,60,19,40,22
57,48,34,48,67,56,22,43,35,26,23,40,59,27,48,48,33,49,51,53,19,25,37,18,38,54,61,24,31,18
61,48,34,51,68,53,27,30,34,20,21,35,47,36,52,48,30,52,47,40,22,27,40,22,37,66,58,23,45,18
59,42,34,41,68,57,29,40,43,19,23,46,47,36,57,44,34,56,44,42,16,26,37,20,54,50,58,15,37,18
57,46,27,47,60,60,28,38,41,20,18,35,52,34,59,48,35,60,44,47,19,28,38,20,40,56,52,21,44,18
63,36,35,41,64,53,25,45,38,28,24,35,56,33,51,43,41,65,47,44,16,25,37,21,47,51,56,16,36,20
60,52,37,47,67,56,12,31,34,14,30,35,58,35,45,43,30,59,50,52,25,29,40,14,52,58,53,18,36,20
58,47,25,50,63,54,20,35,36,23,24,50,48,36,39,45,34,61,41,48,21,40,38,14,39,55,54,20,51,23
57,50,33,39,70,55,24,38,39,13,28,38,49,40,51,46,37,59,47,44,18,30,43,16,42,59,56,18,38,15
52,45,35,43,65,60,27,35,35,11,25,44,62,36,53,38,32,59,53,48,25,35,39,21,45,50,47,22,32,18
57,45,33,46,68,57,23,29,40,20,26,34,61,32,49,47,27,59,44,44,20,26,43,13,44,59,58,23,41,24
58,47,30,40,68,57,27,33,38,21,22,42,53,34,50,50,24,55,47,51,26,36,35,19,46,59,59,24,30,11
57,47,21,39,64,59,21,32,47,14,29,42,56,44,45,49,43,55,44,46,18,23,46,16,46,57,49,20,40,23
60,53,23,47,61,55,21,38,43,19,18,43,52,45,50,42,40,58,45,49,19,26,38,18,43,57,56,19,36,18
56,42,29,40,67,60,29,31,47,20,26,38,65,31,45,43,33,50,39,46,17,25,34,28,54,53,48,22,45,29
51,53,24,44,60,58,23,37,38,17,21,49,53,35,51,48,31,54,46,43,21,28,42,19,42,61,58,17,43,25
67,43,31,45,63,49,22,32,45,20,27,37,53,38,45,42,43,60,44,53,23,29,36,15,51,66,50,15,37,11
60,46,26,41,56,56,23,46,50,14,21,41,60,29,46,48,32,60,47,43,18,29,36,20,44,56,49,19,53,23
56,45,29,36,74,62,25,34,33,11,25,42,52,30,50,47,35,52,51,47,23,38,33,16,48,69,52,18,41,18
57,46,28,45,66,52,19,41,32,21,31,34,55,33,48,41,37,62,53,48,19,42,40,15,47,54,50,22,41,13
55,52,37,45,59,55,22,36,46,15,23,49,58,39,49,37,41,57,45,49,15,30,31,19,44,61,53,22,38,10
63,44,30,37,66,56,23,35,44,16,26,42,59,37,43,40,39,59,48,51,19,25,34,19,45,54,62,20,37,19
60,50,30,40,70,55,20,33,33,20,27,39,59,34,43,38,29,59,44,46,26,36,40,19,43,61,54,20,46,18
62,46,23,41,68,56,25,35,38,19,28,35,49,40,54,44,32,51,50,46,18,30,38,19,44,60,61,18,39,23
62,48,28,52,66,60,21,35,36,19,25,32,50,30,42,43,38,57,43,46,15,40,44,16,47,59,58,22,42,16
57,48,30,38,69,53,20,34,41,13,22,48,50,36,53,44,38,49,45,41,23,33,47,17,45,65,48,16,54,15
61,46,27,43,64,48,15,40,36,23,23,40,47,27,51,47,38,51,52,54,21,30,37,24,48,53,57,23,47,19
54,43,26,43,66,55,30,39,41,16,29,42,50,29,45,38,30,47,47,58,24,33,40,23,43,55,57,21,44,24
60,47,23,40,67,56,20,31,38,22,30,37,46,32,47,48,41,61,50,53,20,30,42,21,47,56,56,18,31,22
51,42,24,44,66,56,23,43,48,17,25,42,46,38,46,48,37,57,49,46,21,32,38,21,45,56,51,21,39,20
55,52,28,46,67,54,18,32,25,23,26,38,54,46,46,37,41,56,46,46,19,26,47,14,42,61,64,17,46,20
50,52,33,52,65,66,18,41,43,20,21,31,53,34,44,46,39,53,45,50,20,28,44,15,46,51,54,20,43,15
60,48,32,48,66,55,18,35,37,18,25,38,49,38,48,45,38,59,39,44,21,32,43,19,50,58,52,18,44,15
62,54,29,35,64,54,20,42,41,16,24,41,49,41,44,46,40,60,41,47,26,29,39,19,48,55,56,14,37,19
63,51,31,45,65,58,23,33,41,18,29,40,51,38,41,47,35,47,43,51,17,34,34,20,47,49,56,11,48,26
59,45,29,44,62,62,20,42,38,17,23,41,47,42,41,44,40,58,39,43,20,34,38,19,46,59,61,19,40,20
62,47,28,34,62,50,19,39,45,22,29,39,53,34,50,49,32,55,40,51,19,33,41,18,45,55,57,22,40,22
58,47,33,50,64,60,24,37,41,11,24,33,58,35,44,50,38,60,45,46,16,28,40,12,44,55,57,17,46,19
61,41,41,45,66,55,22,35,47,17,22,41,49,44,40,41,32,57,46,49,16,30,38,17,54,58,54,16,44,14
63,48,23,42,65,53,24,32,37,20,24,39,51,37,44,45,31,64,51,59,19,30,35,22,46,54,54,19,41,20
63,51,35,40,63,55,17,38,34,17,30,36,51,34,42,47,30,58,48,45,21,32,44,27,45,53,69,19,34,14
59,45,33,45,68,51,23,34,32,21,32,48,49,39,48,43,32,55,46,47,15,38,33,22,49,56,57,16,39,17
58,44,31,50,58,62,21,25,44,14,26,39,52,41,48,46,32,56,46,49,16,27,40,16,56,56,57,22,39,21
60,49,31,49,61,57,20,39,43,21,22,42,51,42,49,46,31,59,42,51,18,28,38,26,34,53,57,13,44,16
56,46,34,46,67,59,19,32,33,17,21,43,51,36,53,51,34,52,44,47,21,25,37,21,47,57,63,19,42,19
52,47,31,41,68,60,17,35,40,28,27,40,50,37,42,52,36,64,41,45,15,27,42,17,39,50,59,19,50,21
54,50,33,40,60,54,18,35,49,14,22,45,52,32,44,44,41,56,40,52,19,22,41,25,44,62,67,18,41,18
57,53,29,37,63,49,23,42,38,14,27,37,60,41,50,48,34,54,47,48,17,31,31,20,45,57,56,21,36,27
51,57,32,37,68,58,23,33,39,13,26,40,52,26,50,54,33,64,46,50,21,30,42,23,38,57,53,15,40,21
64,53,27,38,67,47,22,42,36,18,26,46,44,39,50,39,36,51,47,53,18,34,41,16,46,59,54,22,39,18
62,45,23,42,67,53,22,37,32,20,27,38,49,29,47,53,40,58,46,57,22,24,41,18,42,49,57,24,48,20
52,54,23,38,61,53,22,32,43,21,26,45,49,33,40,44,32,51,50,52,26,29,41,20,50,59,57,18,49,22
57,52,35,38,68,61,17,31,40,18,22,32,47,35,53,47,40,58,44,43,23,30,41,22,42,63,60,14,40,19
64,47,31,49,62,51,23,43,41,16,25,32,53,28,49,42,39,59,45,55,18,30,42,17,53,60,53,17,37,11
56,45,37,40,68,54,31,29,43,15,25,41,56,31,52,48,38,56,40,46,19,33,41,15,40,52,60,17,46,18
57,46,33,48,60,57,25,32,41,17,23,40,51,33,49,49,29,59,47,43,17,35,45,16,47,60,57,15,39,22
58,47,31,46,64,59,20,39,38,15,20,40,52,41,40,44,37,57,45,50,16,32,38,22,49,54,61,11,46,20
58,50,30,48,66,59,21,43,44,13,19,45,58,37,48,40,29,50,45,48,18,28,28,17,47,59,59,24,44,17
53,43,25,55,63,67,18,27,48,20,23,38,52,40,48,49,25,62,48,50,15,30,36,19,44,60,55,17,42,20
52,60,32,47,59,58,21,32,37,14,27,37,51,33,41,51,39,54,49,50,23,31,44,17,48,53,56,15,41,20
55,47,26,38,67,61,18,35,39,23,19,36,47,40,46,49,51,51,46,43,25,26,51,18,45,50,56,19,42,23
57,43,27,47,63,43,25,33,42,22,23,36,51,38,46,41,31,66,51,49,21,34,38,20,47,61,61,18,38,20
57,45,32,39,68,55,26,32,35,15,26,37,51,37,44,47,38,53,45,41,26,37,39,15,51,57,56,20,45,23
54,48,34,43,58,48,25,36,35,19,23,46,50,45,56,33,40,53,45,48,23,32,44,13,47,61,57,16,42,18
64,45,31,38,70,49,19,37,36,18,26,42,49,40,47,48,34,58,34,45,24,27,50,22,42,62,56,21,40,18
56,56,36,35,54,47,27,33,36,13,23,40,55,40,48,48,38,51,51,50,23,25,43,18,47,60,53,23,42,21
57,50,32,46,60,55,17,41,40,16,20,41,53,28,50,52,40,57,40,47,29,31,39,16,44,57,56,19,43,16
55,47,33,43,62,53,20,31,41,19,27,40,47,36,46,58,35,54,48,52,17,30,39,11,46,59,55,25,40,23
62,42,32,38,64,59,27,34,42,18,25,41,52,36,51,46,35,61,43,51,16,34,30,19,48,54,53,15,43,21
60,47,34,41,64,57,27,25,41,22,26,41,54,40,50,43,31,58,45,45,15,31,42,20,37,61,59,17,42,17
60,52,22,50,59,53,23,43,40,15,24,47,46,38,50,43,34,54,47,41,20,31,38,23,48,61,60,16,34,20
58,46,30,44,62,60,19,29,34,20,28,40,48,38,61,44,34,51,42,50,24,32,31,15,52,56,56,18,46,24
62,53,20,38,66,57,22,34,41,23,20,46,45,49,53,42,38,50,45,46,20,27,33,21,49,55,57,18,41,21
60,44,31,41,59,60,25,46,42,21,33,42,50,22,45,43,32,57,42,52,15,36,39,18,43,59,49,24,42,20
57,47,32,52,68,57,24,38,42,19,24,37,49,33,49,45,30,55,41,47,15,42,36,20,51,53,59,17,43,10
59,47,28,50,74,57,18,36,33,19,24,41,52,36,51,46,34,48,44,49,22,30,38,17,55,55,53,16,38,22
62,49,24,44,67,46,20,37,40,19,26,33,51,39,55,35,43,60,41,50,20,28,39,20,45,63,57,15,41,23
56,54,29,45,63,60,20,37,38,15,23,39,59,40,43,46,34,49,50,46,19,28,36,18,46,63,56,19,45,16
60,45,36,47,63,58,18,35,35,19,20,46,64,43,53,45,26,55,41,41,19,30,30,15,44,64,56,16,45,23
63,54,18,41,67,52,24,35,33,18,26,44,52,40,49,41,38,53,47,51,20,33,30,23,43,57,63,20,41,16
56,50,33,45,61,49,22,38,41,19,22,42,50,40,47,47,36,50,52,45,19,34,34,18,43,53,56,19,49,22
57,51,36,41,70,57,19,34,37,21,28,37,56,25,45,52,35,59,39,47,19,29,43,18,45,53,60,23,38,18
56,52,27,44,64,55,23,28,42,19,27,39,50,31,56,44,33,57,51,48,18,33,44,13,49,58,55,18,43,15
58,52,23,46,63,58,26,38,42,18,16,37,50,39,44,46,31,60,47,47,16,30,35,21,54,60,61,16,38,20
57,47,28,40,70,52,32,44,41,14,26,28,54,31,44,44,41,53,49,50,19,35,33,20,43,62,52,25,43,15
62,50,27,40,61,59,27,32,36,18,26,40,51,30,51,44,37,55,47,50,21,36,37,14,44,59,51,21,39,27
59,57,32,49,62,51,19,35,34,17,21,45,60,37,44,45,37,60,42,47,19,26,45,21,53,53,54,15,35,18
60,45,25,52,62,58,21,37,35,14,25,44,50,30,41,48,37,54,42,53,19,26,42,20,46,57,58,22,43,26
57,51,34,40,72,53,20,34,34,21,27,44,56,38,51,38,36,57,44,50,18,27,37,18,42,52,55,20,44,22
59,51,28,46,64,55,22,40,41,19,19,44,48,32,50,47,35,59,45,45,20,40,35,13,45,55,55,18,41,21
57,54,33,53,67,45,21,30,37,16,28,41,55,44,42,42,40,51,46,52,15,33,36,20,43,58,53,15,43,22
61,49,30,40,65,65,18,38,44,19,27,31,48,40,49,41,38,55,41,52,17,34,39,20,49,58,48,14,42,20
57,51,26,43,66,54,25,33,41,21,21,41,51,39,50,37,32,52,47,52,22,29,34,19,55,54,55,22,45,18
61,57,32,44,62,50,25,39,33,17,18,40,51,41,42,47,41,63,36,52,21,29,37,13,43,55,55,19,48,21
56,48,33,44,62,55,21,39,48,21,19,39,48,37,50,41,30,58,46,51,18,28,39,19,42,59,57,26,42,16
57,49,32,47,69,53,18,34,36,19,24,30,55,36,49,55,39,58,41,44,28,30,39,19,42,52,50,22,47,18
59,53,25,43,69,56,19,36,37,20,24,37,54,36,53,41,29,55,44,52,23,24,45,16,43,65,54,12,48,20
64,46,26,50,63,62,15,37,38,17,21,46,51,29,43,44,36,58,50,46,21,27,32,20,46,55,58,29,39,23
63,47,22,47,61,48,19,35,43,24,25,34,49,33,48,50,35,56,46,51,22,30,42,22,50,58,55,17,43,17
56,50,29,46,67,56,23,41,37,18,23,35,48,39,52,42,38,57,38,49,16,31,44,16,36,56,61,12,54,22
57,40,32,49,66,57,19,34,43,17,25,39,50,36,49,48,35,58,37,51,20,30,40,23,49,52,57,16,42,21
62,44,30,42,66,59,25,29,44,20,27,34,58,28,50,50,36,57,40,47,19,29,39,18,42,59,61,22,34,21
50,43,30,44,69,47,19,41,38,21,23,48,55,37,54,55,36,51,47,46,20,29,32,20,49,58,55,16,42,17
52,54,25,47,66,55,26,44,37,19,26,37,51,35,42,40,41,58,50,40,17,29,31,28,49,60,50,18,43,22
60,54,32,46,70,54,21,36,40,23,26,36,43,28,46,45,26,58,40,47,16,34,47,18,46,71,55,17,42,15
54,52,31,40,61,61,24,37,35,18,29,40,54,32,49,39,32,59,46,44,21,26,34,18,48,65,51,21,46,25
54,46,30,40,72,50,19,36,41,17,21,37,55,37,48,45,35,59,49,53,24,36,37,18,42,51,60,22,37,21
55,55,30,42,65,66,26,37,34,14,23,40,62,33,48,42,34,51,48,41,18,34,39,21,48,52,53,26,38,17
60,47,21,43,65,50,23,37,37,18,34,39,54,38,48,51,29,56,50,51,18,31,35,14,47,59,56,21,41,19
60,51,26,40,67,52,25,35,40,17,29,40,52,44,44,38,31,61,42,51,20,29,40,17,46,61,55,20,42,17
60,45,41,48,62,59,26,29,35,14,35,38,55,36,47,51,27,56,45,44,17,31,34,15,48,59,59,21,38,17
52,50,34,46,65,57,26,36,43,17,24,39,53,36,49,43,37,58,42,46,13,32,34,20,42,58,54,21,47,18
50,45,26,46,66,58,23,30,45,18,19,39,56,40,49,38,34,62,43,46,23,30,42,20,43,55,60,17,44,25
54,37,35,50,70,55,24,37,36,13,20,34,55,36,48,52,36,52,45,50,20,30,33,14,49,56,59,19,50,23
57,49,25,42,59,50,24,39,41,16,31,43,51,38,43,42,26,59,49,46,19,31,44,27,50,60,58,15,32,26
68,49,29,44,71,51,24,33,35,18,31,37,46,33,55,40,37,59,44,52,23,25,40,15,38,52,61,18,41,23
56,42,35,42,64,52,22,39,37,21,29,44,53,36,51,39,33,58,39,44,20,36,43,15,53,52,55,14,49,19
60,45,31,45,66,57,21,33,32,25,20,35,58,31,55,45,26,58,48,49,12,24,43,20,46,59,58,23,41,26
62,43,31,47,59,51,21,44,38,12,28,33,48,29,44,57,45,64,37,45,14,33,41,21,44,65,55,18,44,19
63,48,36,50,69,58,21,31,41,19,27,37,55,37,49,46,35,50,37,46,20,26,41,17,47,59,54,23,32,18
63,41,27,43,65,49,17,34,31,17,22,38,57,42,48,47,39,61,50,51,22,34,46,17,53,55,53,14,39,17
66,43,23,44,65,61,20,37,41,18,29,39,46,39,48,47,30,63,35,46,23,33,39,14,51,50,53,21,43,25
57,49,31,49,68,54,20,34,40,20,28,40,45,42,49,44,36,49,44,50,20,24,34,18,46,57,57,15,50,22
60,45,25,49,58,58,21,44,42,21,22,38,55,33,46,42,39,62,49,48,20,29,34,19,41,61,53,23,35,20
57,54,30,44,62,60,21,31,35,14,20,41,55,29,49,39,44,57,42,47,14,38,35,24,49,59,59,17,41,25
62,44,40,44,64,65,20,30,37,16,18,43,52,35,51,43,38,58,51,55,17,30,33,17,45,55,57,17,39,16
62,44,28,52,62,54,21,25,34,21,25,40,51,33,54,45,34,57,52,50,21,28,43,23,50,58,54,18,35,18
54,43,24,46,68,60,25,35,44,16,30,38,55,35,43,41,38,50,38,54,18,30,45,18,43,59,58,18,41,25
55,50,29,43,66,48,23,37,39,18,20,38,58,37,43,43,34,59,40,43,19,33,51,20,47,64,57,22,40,16
58,46,28,38,66,64,21,38,35,14,27,43,51,37,48,51,38,52,41,44,29,32,36,20,44,58,50,14,43,26
55,48,28,38,61,56,20,36,35,16,28,38,55,34,54,47,33,58,40,57,24,30,33,19,56,61,55,18,38,21
62,41,29,36,69,61,24,39,37,18,22,45,46,44,43,44,33,54,45,44,25,29,46,21,43,52,63,21,39,17
55,48,20,49,69,51,30,33,39,21,26,40,54,35,46,40,36,52,42,46,17,35,43,19,44,59,52,24,49,18
61,50,25,46,63,53,22,41,43,20,24,31,57,34,39,49,28,56,48,42,26,32,34,20,43,63,58,17,48,19
53,44,33,49,64,54,21,41,43,18,22,30,51,40,45,46,39,60,40,45,13,32,47,20,42,61,56,22,39,22
60,49,26,44,65,63,26,37,41,21,28,34,54,37,49,40,36,64,49,36,21,22,44,20,44,54,56,19,36,17
54,48,23,43,70,58,28,38,41,17,20,38,55,41,46,46,38,56,43,48,21,31,39,11,39,57,57,22,43,21
62,51,33,43,65,64,25,31,39,21,27,31,41,33,52,46,35,59,44,48,22,31,37,17,37,59,59,17,43,20
67,47,27,49,57,55,22,42,43,17,25,39,46,36,41,47,29,59,42,38,23,31,37,19,50,56,52,14,52,30
55,44,26,53,70,59,23,46,35,21,32,42,50,40,48,52,38,54,45,41,17,27,37,18,44,54,50,23,39,9
56,55,32,41,64,57,27,31,38,20,27,30,50,37,45,47,30,57,43,50,14,30,40,21,50,54,62,20,50,14
56,42,33,47,70,61,16,32,40,17,21,38,61,36,53,48,34,60,41,51,18,27,37,21,49,57,50,23,35,18
64,59,30,41,65,59,22,45,37,18,20,42,51,37,49,37,32,50,43,52,16,31,33,18,39,62,56,14,48,22
60,47,29,47,63,55,18,40,33,24,27,39,47,34,49,49,33,53,49,46,21,31,50,17,40,58,52,15,43,23
51,41,35,41,67,57,22,34,39,18,21,41,43,41,49,50,45,50,39,59,16,30,43,16,41,67,60,20,43,13
55,55,28,51,70,53,17,39,33,18,26,34,51,30,48,52,34,55,45,44,20,32,40,23,47,67,57,17,35,16
61,45,28,41,65,51,26,40,41,16,16,45,57,33,47,42,35,58,43,50,22,37,39,22,45,61,60,12,38,16
60,44,31,48,58,51,22,32,37,20,27,35,50,30,46,49,29,60,42,50,26,38,40,23,50,56,64,14,35,25
49,41,29,39,60,56,25,40,38,26,24,39,54,34,55,50,29,64,54,47,23,30,33,15,44,57,53,20,39,25
56,48,33,44,64,60,24,37,43,15,27,42,55,34,48,48,32,58,47,46,17,28,40,18,52,62,52,13,37,12
54,49,24,46,64,59,19,46,37,16,24,48,50,40,52,40,33,54,43,53,21,32,43,14,47,59,50,15,39,21
52,46,29,44,69,56,16,31,47,23,30,36,54,31,52,47,34,60,41,49,23,33,43,20,39,57,55,15,45,15
60,58,26,41,65,56,18,36,33,20,24,48,55,28,41,48,40,55,49,49,19,32,42,15,45,53,57,14,46,19
62,50,30,38,67,58,20,39,37,27,23,35,50,33,51,40,29,62,40,49,19,25,37,19,48,57,64,20,40,23
60,48,24,50,66,61,21,36,38,18,30,33,57,33,37,49,33,58,43,54,21,24,38,15,46,54,57,21,43,24
50,48,37,42,72,55,23,39,34,14,20,37,57,39,49,49,32,56,42,42,21,26,41,18,52,66,50,22,37,22
58,50,35,41,65,59,19,31,37,24,23,41,42,40,47,49,38,60,38,50,16,29,40,21,51,53,55,20,37,23
56,44,38,45,68,56,21,34,42,20,19,35,57,37,45,46,39,53,34,52,22,30,44,20,54,56,53,20,36,16
57,48,34,45,66,57,24,37,42,20,35,33,52,41,36,45,30,59,43,48,18,32,35,15,53,63,52,13,42,17
61,52,23,47,63,53,19,39,33,16,28,38,49,35,50,49,38,58,41,49,21,39,41,24,39,59,54,18,40,16
54,45,29,45,64,56,30,37,32,20,24,42,54,34,56,50,35,62,43,53,26,34,35,17,41,61,48,15,31,19
59,49,25,37,63,67,19,38,35,16,33,41,46,36,38,39,40,54,41,44,23,32,43,19,49,58,60,22,49,17
64,52,32,42,63,46,14,39,32,21,30,40,56,29,49,46,44,51,42,54,24,30,47,20,46,54,54,18,33,20
58,53,24,38,66,62,18,32,30,15,24,41,58,32,39,54,28,59,50,47,12,31,50,22,44,59,54,23,41,28
65,45,35,39,63,60,17,30,47,21,25,38,54,29,43,55,35,62,43,49,16,31,27,19,51,58,54,22,39,20
63,51,28,43,70,47,26,38,46,23,30,41,51,35,53,46,29,49,37,42,22,28,36,19,51,54,55,19,41,19
59,56,38,36,67,54,18,46,37,23,23,29,51,38,37,45,31,58,46,48,27,27,39,13,43,60,56,19,51,17
61,50,34,46,64,55,26,32,42,17,26,41,55,37,50,41,34,53,35,52,13,31,44,24,53,55,55,19,32,15
59,44,27,47,64,54,24,40,34,15,25,33,58,35,57,42,37,56,48,51,17,34,37,16,48,56,55,18,41,20
53,45,25,48,65,58,22,41,42,19,22,41,54,31,43,51,37,55,31,50,18,33,36,23,46,59,57,18,47,22
65,47,35,44,65,59,19,35,34,16,22,43,51,38,46,40,30,50,41,52,20,31,45,18,44,64,61,20,40,17
59,45,25,42,60,54,22,35,39,14,23,37,52,37,50,45,32,58,47,47,24,33,40,21,47,62,54,22,45,21
61,50,29,37,60,51,15,33,32,19,28,41,56,41,56,45,38,52,36,42,20,40,45,16,56,66,54,18,34,21
52,50,28,40,68,61,20,34,36,20,29,38,59,38,55,46,29,57,43,53,19,27,36,22,42,54,59,17,42,18
58,51,29,41,70,60,17,43,36,17,26,28,48,40,51,44,37,57,41,55,17,29,42,23,46,57,52,16,43,18
60,48,27,36,64,55,13,33,35,21,33,34,56,41,44,52,32,63,51,46,20,35,38,15,54,56,51,14,44,21
61,44,33,48,64,54,20,31,39,20,22,37,52,36,53,49,40,58,41,41,17,29,44,18,50,58,55,14,41,23
56,51,28,43,65,58,18,44,37,17,20,34,51,38,45,44,30,56,42,57,18,26,40,17,47,60,64,22,41,23
59,45,33,40,65,51,21,33,38,18,25,44,53,38,57,43,30,56,46,50,19,34,44,12,46,56,57,20,40,19
56,45,28,48,63,63,14,38,42,25,20,32,60,37,53,46,24,58,42,42,19,30,41,20,47,62,56,19,43,19
61,51,25,41,67,61,18,30,49,18,23,38,63,42,42,38,34,51,43,48,15,29,43,18,45,58,57,26,44,14
61,46,33,37,60,54,29,27,53,21,18,38,50,35,51,45,33,61,43,41,14,29,35,21,52,68,54,22,42,19
56,54,30,43,65,62,15,34,44,17,33,37,57,37,44,44,34,54,44,42,21,32,42,21,43,51,57,20,41,18
54,44,32,47,60,44,21,40,42,19,32,34,55,44,46,45,36,54,38,50,23,31,38,21,43,55,58,18,45,23
63,50,24,44,71,61,23,38,34,19,25,42,50,40,47,39,36,62,42,47,18,29,35,15,41,65,53,19,40,20
57,53,31,47,60,65,28,36,31,21,20,40,47,37,49,55,39,60,42,45,26,24,37,14,46,55,52,16,39,20
54,52,17,47,62,55,20,31,43,23,22,37,58,38,47,47,37,48,45,49,17,28,45,23,49,58,53,23,45,19
56,44,31,51,65,59,20,37,33,17,19,36,53,38,50,40,33,60,42,47,23,31,40,20,42,58,63,23,39,22
56,47,21,43,68,60,21,33,34,19,25,46,57,32,50,44,33,56,41,56,20,30,38,19,48,51,58,23,39,24
58,45,39,50,68,53,23,30,41,22,29,50,43,22,49,40,34,59,48,42,17,32,40,25,45,58,55,25,37,13
60,54,28,37,59,55,23,38,39,18,29,37,55,38,53,42,34,56,45,48,21,26,42,19,42,55,56,21,46,16
65,44,32,36,67,54,20,31,39,13,17,45,55,29,51,51,41,55,52,47,17,32,34,18,51,53,57,21,43,22
61,51,25,41,63,57,19,38,42,16,27,35,56,33,57,40,34,57,43,49,22,31,39,16,45,58,58,19,38,22
61,49,29,42,67,54,14,35,37,24,21,42,61,37,49,44,34,51,43,54,22,27,39,21,40,61,56,29,33,16
50,48,34,44,67,51,23,39,42,14,25,46,54,43,46,60,34,55,41,43,25,27,43,19,47,49,60,17,30,16
56,48,32,40,69,51,22,35,39,21,25,42,56,42,41,48,31,56,44,44,19,22,38,18,47,52,60,21,50,23
61,51,21,44,58,56,25,34,37,14,22,48,53,40,50,49,37,64,39,49,28,37,39,11,49,52,49,20,32,23
60,53,34,34,64,57,23,35,39,16,25,44,52,41,42,38,22,55,45,43,24,33,40,20,55,59,56,21,40,22
63,47,21,43,68,59,19,42,34,20,26,45,48,43,56,50,29,57,38,49,14,36,39,17,40,54,58,20,38,19
59,53,31,46,62,51,19,36,42,15,22,35,52,35,51,51,35,62,42,50,18,27,36,22,49,57,58,14,44,18
60,47,34,42,65,60,25,32,39,18,23,40,52,39,44,46,39,55,38,48,19,37,32,20,49,59,53,17,41,19
56,45,31,35,67,65,23,38,37,23,25,39,44,37,44,46,42,55,46,45,20,29,43,16,52,55,57,13,46,18
60,50,27,47,66,53,23,31,33,22,24,44,54,39,52,46,30,56,43,51,18,32,39,19,41,55,56,25,36,20
56,53,34,42,64,55,24,37,39,19,24,45,59,39,41,49,33,55,48,45,13,30,31,26,42,57,54,18,41,19
60,55,36,45,61,67,20,33,34,16,21,35,49,38,47,46,38,55,49,55,26,22,45,15,43,55,60,17,33,16
57,53,28,51,60,55,29,36,45,15,26,41,47,36,43,38,26,59,40,50,24,24,42,22,46,56,57,15,50,21
61,52,27,46,60,50,15,37,35,18,18,39,55,39,52,46,42,51,44,46,25,24,45,22,55,55,59,17,40,17
64,49,34,50,68,62,22,32,30,15,23,36,50,45,50,37,32,49,43,50,23,38,37,16,46,61,62,20,36,12
54,48,34,48,65,55,23,40,35,23,26,38,54,30,43,49,27,62,46,39,20,29,37,21,46,55,58,18,46,23
55,46,30,57,68,64,24,31,41,18,18,43,48,39,50,39,33,49,44,49,21,32,38,27,41,53,56,23,39,16
62,48,18,47,66,58,21,39,33,18,24,33,52,32,51,47,36,58,36,53,21,38,33,18,49,60,60,22,39,20
59,49,25,43,61,61,23,37,35,17,20,30,54,39,47,45,39,53,52,43,16,31,38,17,46,67,58,20,48,19
60,49,32,41,63,60,25,35,36,11,25,36,53,31,45,52,43,61,38,35,21,32,43,20,48,55,58,20,41,23
59,45,26,49,61,55,25,35,38,21,18,35,58,28,42,51,33,59,47,53,20,30,34,17,54,58,60,14,52,15
56,47,34,42,66,57,23,39,46,15,20,36,53,42,42,45,36,50,32,45,26,33,41,19,48,54,63,24,43,15
55,57,27,35,64,63,30,35,29,12,18,36,62,35,41,43,39,56,41,48,25,36,41,18,46,53,63,22,37,25
58,40,27,44,63,52,15,38,51,23,19,44,58,33,49,51,29,56,44,44,21,33,38,21,49,60,50,17,47,18
64,50,34,46,65,49,22,28,51,20,23,37,48,30,46,48,34,50,43,45,23,27,38,21,40,60,52,24,49,25
61,52,34,42,71,57,24,37,45,14,26,41,53,39,40,44,32,61,48,43,15,35,37,18,42,57,51,17,38,18
58,51,25,46,64,63,24,30,34,21,26,39,48,39,49,49,35,58,47,54,21,30,40,16,45,52,57,19,34,18
62,51,26,49,64,50,21,36,39,12,29,36,49,35,49,49,33,61,42,52,23,30,41,17,39,58,51,21,50,17
64,47,31,43,68,53,16,39,32,18,29,32,40,38,45,45,34,56,52,48,19,34,38,16,47,57,55,26,46,24
49,46,26,45,68,55,28,35,42,13,21,43,45,37,52,44,33,53,44,48,23,35,40,21,45,55,62,21,40,23
54,44,30,48,66,55,20,40,37,15,29,47,58,32,49,45,33,52,43,42,22,34,42,11,53,55,57,20,43,16
66,55,33,39,61,60,24,34,36,20,22,46,53,33,48,39,31,54,39,50,26,25,37,17,49,58,59,21,42,15
57,50,29,46,70,60,23,41,36,15,25,38,55,34,44,42,30,54,49,51,21,26,43,19,46,51,48,19,52,18
55,46,34,45,66,54,24,34,29,16,27,42,58,40,53,49,34,61,39,42,23,32,39,16,46,54,57,24,36,17
57,45,31,39,67,58,27,32,43,13,26,42,54,28,49,45,34,52,46,45,20,33,40,13,48,62,58,19,42,24
62,55,33,42,69,55,28,35,41,14,30,46,40,30,49,39,30,53,42,42,21,24,42,19,48,57,59,18,51,18
57,58,32,38,62,54,16,33,37,15,26,48,53,31,44,47,31,64,42,44,22,33,42,19,47,58,60,17,48,14
55,45,35,39,71,57,19,41,36,16,26,44,56,33,50,48,29,56,46,49,20,32,42,17,45,56,56,15,44,14
58,49,36,41,67,51,21,38,40,11,15,38,47,46,55,49,41,59,45,46,19,28,37,18,46,55,59,21,38,18
64,45,30,39,67,53,24,39,44,17,18,42,52,34,43,43,34,61,44,51,20,32,42,23,48,58,54,17,37,17
61,55,31,44,65,58,25,36,34,11,20,40,53,30,49,45,33,61,41,51,24,36,40,19,49,59,53,11,37,21
69,56,27,47,67,52,16,35,34,17,22,32,49,32,44,41,41,56,47,42,15,32,43,21,51,60,54,23,43,24
56,52,27,38,64,53,25,35,46,15,35,32,50,33,47,45,38,59,40,44,20,39,35,18,44,61,55,16,46,24
58,48,29,45,65,58,25,34,40,14,22,44,49,35,40,43,43,59,43,39,23,29,35,18,56,64,59,15,32,28
57,43,23,48,65,59,22,30,43,15,24,52,48,37,47,49,40,51,42,42,21,35,34,11,43,61,62,25,44,19
59,46,30,50,70,58,21,45,30,16,25,41,56,39,44,45,34,61,43,50,26,20,26,14,51,54,55,21,45,17
63,45,32,46,60,61,23,40,44,17,26,34,59,28,47,40,28,52,43,45,18,43,47,19,46,59,52,17,38,20
58,53,29,43,67,60,15,33,36,19,26,40,48,32,60,44,36,60,53,49,21,28,44,13,36,59,52,17,36,25
54,47,29,46,68,57,19,39,41,18,25,45,55,45,50,36,35,51,41,50,23,34,38,14,44,50,60,19,38,21
62,47,28,47,69,52,20,35,41,10,24,35,56,29,55,43,37,57,39,47,20,32,42,17,44,56,59,22,49,18
53,51,28,43,67,56,21,30,44,16,26,36,53,35,47,47,37,64,49,44,27,28,42,12,38,65,48,20,43,22
59,41,30,44,68,56,18,38,38,19,23,46,53,32,50,40,30,56,31,53,21,27,47,17,48,61,63,19,39,25
59,49,33,48,62,57,22,34,35,19,25,39,52,40,49,50,34,53,42,50,15,36,40,21,47,51,54,17,39,20
57,49,28,47,63,57,23,40,37,20,27,40,53,39,47,41,38,51,49,50,17,29,33,24,44,50,59,17,46,17
53,46,27,47,59,60,28,34,40,23,20,32,55,36,45,41,44,54,42,44,22,30,41,15,41,61,59,23,49,21
61,38,28,58,68,56,23,33,37,17,24,33,56,35,46,44,35,60,45,39,20,28,42,18,53,55,58,19,43,20
58,46,29,45,68,63,18,41,41,17,18,39,41,38,47,46,33,55,46,50,28,29,35,15,51,62,50,21,47,15
56,44,32,49,66,53,21,29,34,9,24,34,55,32,53,47,38,52,46,54,23,28,44,22,49,58,55,24,38,23
62,47,31,43,64,54,18,33,43,17,26,38,57,39,46,43,34,62,41,48,14,27,42,19,52,64,52,20,41,15
59,46,32,43,64,53,18,32,42,16,21,41,47,38,45,60,35,58,40,48,21,31,42,10,42,59,60,23,47,19
52,47,30,47,65,56,21,36,41,18,23,38,51,34,55,51,31,54,49,48,14,25,44,20,45,58,56,21,51,11
59,54,31,44,67,60,27,41,37,21,24,40,55,30,42,50,41,61,39,50,22,25,34,21,48,54,48,16,36,15
63,53,34,43,63,55,20,28,37,18,23,46,51,28,41,42,38,65,42,53,19,31,37,16,47,55,59,22,41,22
54,48,29,46,69,55,24,38,43,10,27,38,56,42,45,41,39,56,38,47,17,30,43,18,51,51,58,19,41,19
51,46,22,48,64,63,25,32,38,13,22,46,48,35,50,49,33,61,45,46,30,25,40,19,41,61,55,18,44,22
63,49,28,45,65,60,19,34,34,15,28,32,55,38,46,40,28,56,45,51,15,37,40,24,40,58,57,23,45,22
61,47,31,48,67,58,19,37,32,15,22,44,60,44,46,40,37,62,47,45,28,28,37,23,39,58,47,15,32,23
66,50,29,51,58,55,25,37,36,11,21,42,56,44,53,42,39,56,49,39,15,30,40,18,39,59,51,21,39,21
58,39,31,43,60,49,21,27,39,14,26,36,56,35,50,43,41,56,46,55,22,27,38,17,51,63,63,14,51,21
57,50,31,50,68,53,20,38,42,16,24,36,54,33,46,45,38,59,45,46,12,36,44,20,47,55,51,19,36,21
71,50,31,36,63,60,24,33,32,14,30,41,51,31,45,52,37,55,46,46,19,33,37,16,49,57,56,15,40,22
56,41,35,48,63,62,19,36,29,14,17,37,57,37,48,48,37,54,52,50,15,30,43,22,42,58,59,27,40,16
59,54,35,44,69,46,25,40,38,13,18,44,52,34,48,45,40,58,39,52,11,30,43,20,45,61,55,15,43,16
60,44,26,41,71,48,30,46,41,21,29,45,55,36,37,52,41,53,37,49,22,30,32,18,48,52,51,19,40,18
55,48,29,42,67,60,30,37,44,18,24,34,53,34,46,46,40,52,48,54,25,23,43,21,43,58,54,14,35,15
64,39,30,33,63,57,26,37,44,19,34,42,59,38,49,39,33,52,50,46,18,30,33,13,49,56,57,17,41,24
55,52,30,32,62,59,22,32,38,20,25,31,49,32,47,49,35,61,47,45,20,35,45,21,41,61,57,19,47,23
64,46,31,43,70,54,31,37,32,19,23,35,53,41,41,48,34,58,45,46,23,28,34,17,44,53,60,24,40,18
60,39,31,41,62,61,22,30,40,19,32,32,49,37,47,56,22,56,50,44,20,30,50,14,46,54,59,22,45,22
56,58,31,44,68,57,25,30,37,17,28,39,61,40,39,35,39,55,50,46,15,31,39,22,47,57,58,16,37,15
56,47,31,53,66,54,23,29,40,19,20,38,49,35,47,49,29,62,47,49,23,35,43,11,50,57,52,15,46,17
55,45,28,46,68,50,29,37,42,17,26,39,48,31,54,41,35,56,46,44,20,29,34,24,46,64,57,20,47,14
55,46,29,43,72,61,27,29,35,20,27,37,48,38,42,41,35,59,50,47,19,36,43,17,50,58,52,17,40,19
54,41,36,42,67,63,16,28,39,19,30,34,57,38,41,42,27,56,38,48,16,32,42,23,55,63,56,20,44,25
58,41,28,45,61,56,20,36,44,19,22,43,59,41,39,42,30,48,55,42,22,38,47,19,48,61,61,15,36,16
56,47,25,51,58,43,20,43,38,10,21,44,55,44,49,41,41,56,52,43,21,30,35,27,42,63,59,17,39,22
54,50,31,38,66,66,19,41,31,21,21,41,49,35,50,41,34,58,46,50,23,30,42,24,47,56,56,21,38,13
56,43,32,45,62,59,22,33,43,16,24,38,55,38,58,40,40,53,41,50,20,29,39,14,44,58,55,17,47,21
61,42,32,39,63,54,12,33,33,15,22,40,54,36,48,36,42,56,42,52,31,40,43,14,51,62,56,14,45,24
60,40,27,37,66,53,24,35,44,22,36,37,56,36,47,44,34,53,42,48,25,31,34,23,53,55,59,17,37,17
58,48,33,46,61,56,29,38,34,17,23,40,52,31,47,49,31,52,50,47,17,30,40,15,53,56,53,20,43,23
68,52,26,47,68,67,28,31,34,24,33,41,51,32,45,38,37,53,41,45,20,31,29,21,53,52,48,18,39,20
63,43,36,46,57,57,20,37,44,18,16,37,54,42,62,44,42,54,40,51,13,34,40,9,46,56,59,17,39,16
61,45,24,43,65,51,26,29,46,18,22,51,53,32,50,47,34,68,43,50,23,27,31,17,33,56,58,22,47,20
65,50,29,50,63,55,22,33,44,19,26,42,49,31,43,47,29,52,44,52,18,30,37,27,43,58,54,19,43,18
62,50,32,46,62,58,14,38,38,16,26,36,55,26,48,49,35,57,39,54,18,32,45,17,41,60,51,27,41,19
56,53,29,28,64,50,26,38,34,18,31,42,51,33,59,44,38,60,43,51,23,33,34,14,48,58,54,17,40,23
56,51,30,40,68,58,17,40,41,12,31,31,50,28,44,46,42,62,47,52,25,30,41,15,48,57,56,18,36,20
61,49,36,47,63,45,21,31,38,20,28,36,58,45,37,42,33,54,48,47,27,27,39,20,49,53,60,23,34,21
56,48,32,40,64,53,18,36,42,16,28,43,52,37,45,47,39,56,39,53,22,31,35,20,53,57,52,15,46,17
50,51,26,50,67,51,24,35,31,14,28,46,56,37,49,38,41,64,46,52,19,27,32,12,44,62,63,18,36,23
52,52,31,43,67,60,19,38,39,18,29,39,50,34,50,48,37,52,38,60,24,32,34,14,49,55,53,13,40,22
60,48,28,45,65,54,23,34,42,18,19,41,54,43,52,45,29,63,49,42,20,27,42,16,40,57,56,20,42,18
52,46,22,43,70,65,24,32,39,18,25,50,61,26,46,45,33,50,47,48,17,35,35,15,54,63,58,14,43,16
59,42,24,44,64,51,24,33,37,19,26,41,57,32,50,42,31,54,55,48,23,31,43,22,51,54,53,24,43,15
64,48,28,45,66,56,26,34,40,18,18,35,49,42,38,40,36,57,45,46,26,26,36,23,44,54,57,26,47,22
65,47,27,46,62,55,25,33,48,12,22,33,60,38,38,51,33,57,44,52,19,37,38,21,47,49,51,22,44,16
64,42,31,39,61,55,24,36,37,16,24,30,53,36,50,38,41,60,46,49,25,35,33,21,46,56,58,18,47,21
65,42,24,48,64,59,22,35,40,22,26,41,56,34,46,52,31,54,42,55,23,28,38,11,44,56,61,16,44,13
56,48,36,41,64,45,18,43,43,11,22,36,49,42,46,39,37,56,43,53,24,32,39,16,52,55,54,18,52,22
53,47,30,46,68,57,14,39,46,20,27,31,53,33,53,54,29,63,43,46,18,25,43,17,51,58,54,16,40,18
53,44,34,46,61,56,24,45,44,14,25,38,50,42,45,43,35,57,37,44,22,36,41,16,45,59,59,16,48,13
57,48,30,48,70,49,20,36,35,17,24,40,54,42,43,48,37,57,49,51,18,26,41,15,45,57,51,20,41,23
59,45,25,48,62,52,25,38,38,15,23,39,50,34,58,42,32,50,45,41,20,34,47,22,45,65,61,22,36,19
56,42,28,43,61,62,19,46,38,17,26,38,60,30,46,43,37,54,48,44,25,23,52,17,46,62,50,14,40,25
54,49,29,52,66,56,29,46,36,14,26,42,54,36,55,41,35,59,38,45,20,19,38,20,45,65,51,17,38,17
57,45,33,39,62,52,26,39,41,18,21,47,54,44,46,40,35,57,45,44,23,32,43,21,51,54,54,17,31,21
48,57,27,42,69,48,24,31,41,19,23,44,48,32,52,48,39,63,43,52,22,34,25,17,48,61,54,13,44,24
62,46,34,46,62,58,27,32,38,18,22,33,56,38,48,43,34,55,45,45,18,30,42,19,44,59,62,19,38,19
59,40,28,46,65,51,20,35,39,16,29,46,53,40,48,46,32,56,47,39,19,29,41,25,50,56,52,24,41,20
60,41,29,44,59,53,26,35,46,17,30,43,53,35,42,45,36,61,42,50,17,28,46,21,47,55,53,18,35,25
63,50,33,45,64,57,20,39,33,21,18,34,49,34,49,44,43,57,39,54,21,28,35,18,41,55,62,19,49,18
55,43,24,49,62,53,27,36,42,22,28,40,50,32,47,37,37,61,46,47,30,32,37,17,51,53,56,23,33,22
53,43,32,44,62,55,23,32,43,18,21,36,54,38,50,47,35,57,47,49,22,37,35,20,44,64,54,13,47,17
56,51,29,42,61,54,21,37,38,18,28,29,56,39,53,42,37,58,42,49,19,33,43,15,51,57,47,19,55,13
61,48,28,37,65,49,21,37,35,13,32,40,53,41,46,45,34,60,46,49,24,35,45,18,45,57,54,17,43,14
52,42,28,45,65,59,21,30,33,19,24,39,48,43,52,35,47,60,49,43,17,40,41,19,39,60,60,22,40,20
53,51,35,44,68,52,18,35,40,19,25,40,58,34,38,51,29,52,42,54,18,29,39,12,44,57,63,22,46,24
57,47,27,38,69,57,17,44,42,11,25,38,46,32,47,45,33,57,42,54,18,39,36,18,46,60,54,23,50,20
60,50,26,42,65,59,20,36,43,16,24,44,57,38,44,44,38,52,37,47,17,32,39,18,41,58,60,18,43,24
64,49,30,46,64,54,23,29,39,17,26,47,52,32,51,43,36,53,43,46,21,32,49,19,46,62,56,19,34,10
59,43,26,45,64,52,27,36,33,19,28,33,58,32,58,43,38,59,38,43,27,35,37,12,53,65,59,18,35,17
62,46,33,42,57,50,22,45,43,16,24,34,56,32,44,47,38,51,44,48,16,30,36,23,50,59,57,19,47,21
54,44,36,38,68,62,30,32,39,18,33,38,58,41,46,38,37,54,40,39,24,31,30,16,47,61,61,19,40,18
61,49,33,38,63,53,27,34,33,15,25,35,59,37,48,41,41,55,44,53,14,30,40,19,50,56,58,16,42,23
59,41,26,58,65,52,20,28,43,16,21,46,59,36,49,43,37,50,41,47,17,32,47,18,44,64,56,21,44,12
57,52,26,42,65,47,23,41,31,20,28,47,45,34,48,41,43,62,47,49,19,31,41,17,48,63,55,10,42,18
59,60,27,43,61,57,18,37,38,11,19,40,63,27,48,49,37,60,42,49,17,33,31,13,49,56,54,20,54,20
51,47,24,44,62,49,23,38,38,14,26,47,59,34,50,43,33,61,44,48,21,34,41,12,50,59,56,22,45,17
49,48,37,50,64,54,19,38,38,21,27,44,50,40,46,50,34,59,49,40,17,32,40,23,42,56,58,15,35,17
60,49,27,39,63,61,22,36,34,13,29,42,47,39,44,44,34,62,47,53,23,30,36,19,45,55,54,20,43,22
58,45,28,44,63,56,21,35,37,18,21,42,56,38,52,36,38,63,48,55,22,25,38,19,46,61,50,17,39,21
53,49,27,48,65,54,28,34,35,18,23,34,53,28,44,50,39,55,48,45,29,29,40,21,47,55,53,27,42,19
60,45,31,40,71,57,27,45,38,25,21,39,54,33,46,45,35,56,45,46,18,26,42,21,36,57,57,15,41,20
64,48,29,44,69,57,31,40,35,15,19,34,60,38,44,44,37,59,44,47,13,30,33,16,46,56,60,17,42,21
56,52,31,45,61,52,16,35,43,19,21,39,53,33,52,43,38,59,41,41,20,30,44,21,45,63,55,17,45,22
55,46,26,49,67,55,13,39,38,14,25,41,41,35,49,46,34,54,47,49,23,36,39,21,55,55,58,22,41,19
58,50,21,46,66,49,24,33,36,22,22,41,53,37,53,49,29,61,41,50,19,24,43,19,51,52,62,18,44,19
65,46,36,40,71,51,17,35,31,20,19,42,46,42,53,44,32,59,52,46,21,33,48,23,52,48,54,20,30,16
61,47,35,47,63,50,28,39,36,18,18,41,55,42,46,48,35,58,44,38,18,33,42,18,42,59,58,18,33,22
50,47,34,36,69,54,23,40,39,19,29,55,52,36,50,47,38,53,45,56,19,23,37,18,48,53,58,15,38,11
59,58,33,43,65,57,22,33,37,15,21,45,44,31,53,46,39,54,49,44,22,39,41,16,42,54,53,18,44,15
63,38,27,50,65,61,26,36,39,17,30,47,53,33,46,36,27,47,46,48,24,30,45,23,49,56,53,21,34,22
53,49,33,45,67,58,26,31,34,11,24,38,54,43,46,50,42,53,38,58,21,31,35,12,50,58,58,18,40,16
64,51,31,49,67,45,20,34,38,15,21,42,58,36,48,47,36,54,39,50,18,29,53,18,46,59,53,15,38,18
63,41,39,44,60,49,26,39,41,21,31,31,56,39,46,36,42,59,44,45,16,26,30,18,43,56,56,27,41,27
58,50,33,47,63,49,32,36,33,20,25,33,41,40,50,49,34,58,48,44,18,28,41,18,46,60,52,26,42,18
56,50,32,50,65,56,17,32,38,23,27,36,47,32,45,41,37,56,45,46,22,31,46,16,48,60,57,14,46,21
60,52,29,40,59,57,13,38,41,11,20,41,53,44,52,48,34,59,49,39,20,23,40,16,48,65,69,16,34,22
57,43,30,44,66,52,14,37,36,22,27,38,56,31,47,47,32,60,46,43,21,31,32,22,49,55,52,19,55,28
61,43,35,44,64,58,23,36,44,22,25,44,60,37,46,44,37,61,32,54,17,27,27,15,44,54,60,20,40,18
59,50,24,41,65,57,24,34,32,14,22,38,62,34,41,40,31,59,37,50,17,45,46,20,49,60,57,17,41,26
61,43,27,48,60,53,32,31,38,17,18,37,48,47,51,45,36,57,43,48,22,34,39,20,46,60,53,26,37,15
57,49,36,43,63,48,23,43,29,22,18,39,50,38,46,43,37,56,38,53,14,29,43,19,48,65,59,21,45,18
60,48,28,43,63,48,19,36,32,21,30,37,46,41,45,48,36,58,42,43,20,33,43,23,53,51,59,28,36,22
64,50,34,39,69,55,17,32,39,22,25,49,54,29,44,37,29,55,48,37,27,23,46,16,52,55,58,26,41,20
49,47,28,47,65,54,26,38,37,20,24,35,52,36,41,45,40,55,50,47,26,29,36,21,38,58,57,20,45,26
55,44,31,43,66,51,18,34,42,17,25,42,62,33,53,44,40,52,36,46,16,37,43,16,43,62,58,15,49,19
53,52,33,39,60,53,18,40,34,25,31,34,52,43,45,44,41,57,49,54,23,35,37,20,42,58,54,18,33,15
57,49,30,40,65,60,25,44,30,17,21,38,51,48,50,51,34,57,44,49,18,32,42,18,36,58,55,23,33,17
52,45,26,46,61,54,19,31,38,21,25,37,56,38,54,39,29,59,43,47,20,41,38,19,51,60,55,23,42,23
52,46,30,38,65,61,24,39,36,11,24,38,46,37,51,53,33,54,46,49,25,35,45,19,39,61,56,17,40,22
60,53,27,42,70,51,25,30,37,21,27,36,51,33,50,49,28,58,48,45,24,30,37,13,44,67,60,17,38,21
55,40,33,40,66,57,21,35,40,14,27,40,56,41,44,40,35,58,44,54,21,27,33,15,40,65,53,31,42,25
60,46,31,46,67,61,25,26,32,19,17,38,50,43,51,37,33,52,49,48,22,40,40,17,47,55,58,17,46,19
57,50,25,38,62,60,24,34,35,16,15,53,53,29,51,40,39,62,52,45,23,26,44,22,39,63,58,22,37,18
63,36,29,48,65,58,24,38,41,18,29,41,63,39,45,43,35,60,43,50,21,29,38,16,49,51,55,14,36,15
63,52,26,46,71,60,18,33,37,18,21,35,52,33,48,47,35,57,46,46,15,24,41,14,49,60,56,22,44,23
62,45,36,53,57,63,18,42,41,19,19,39,42,35,50,36,35,52,44,45,17,27,35,17,46,63,57,24,51,22
52,46,29,52,67,57,20,43,40,15,29,37,50,32,49,40,38,53,46,47,27,30,39,16,49,55,52,26,40,16
58,47,21,39,64,47,22,38,42,13,31,34,60,43,39,45,42,52,48,48,25,30,41,24,38,62,60,19,44,16
49,50,30,46,67,64,20,40,40,19,21,39,62,37,48,39,42,55,37,51,14,30,39,17,37,61,54,19,40,25
60,54,31,41,62,52,15,33,41,20,30,37,44,33,58,47,34,56,44,42,26,39,33,13,47,62,53,24,49,12
55,49,30,44,58,64,24,39,27,19,23,39,60,36,47,45,29,65,46,54,23,31,43,18,34,54,50,21,42,23
65,43,34,49,66,52,19,31,38,23,23,43,49,36,50,48,38,56,50,51,14,39,35,13,41,62,44,24,38,18
55,51,23,42,62,57,19,34,40,18,24,45,52,41,62,49,28,52,45,49,18,33,36,21,48,50,59,16,44,19
66,52,22,47,63,59,19,37,32,15,17,43,54,46,45,44,36,58,41,54,19,24,43,16,48,63,59,21,32,17
57,50,26,47,61,56,26,33,44,22,29,37,53,35,41,41,28,63,52,43,19,31,40,22,45,60,56,21,38,16
59,50,25,53,63,58,14,35,36,22,22,36,43,35,49,49,40,64,47,43,26,34,34,15,43,64,58,12,48,15
60,46,33,36,67,57,23,35,38,21,17,37,53,31,50,47,41,59,46,55,21,31,30,18,50,58,58,12,44,18
60,45,41,48,65,60,13,31,41,22,19,34,59,34,44,46,30,57,42,51,24,28,44,24,37,63,56,16,36,22
59,49,32,47,67,52,23,41,29,22,25,47,46,38,50,39,30,58,48,53,15,26,37,19,47,53,56,21,46,17
60,50,33,45,58,52,24,35,38,17,27,44,48,37,41,44,42,59,35,49,17,37,41,23,45,57,52,21,35,26
49,49,27,40,69,58,26,33,35,29,25,32,55,37,49,41,46,51,46,51,18,30,38,27,46,57,54,16,38,20
55,53,25,53,62,59,26,45,43,13,17,37,59,40,48,44,37,50,42,44,21,33,44,14,50,55,58,22,28,15
62,43,28,50,63,53,20,35,45,14,21,50,45,28,48,55,42,57,43,52,18,27,39,18,43,54,53,24,42,20
61,46,31,44,66,56,19,32,39,14,23,38,54,44,53,42,35,55,45,51,18,29,37,16,44,64,59,17,37,23
53,46,28,42,62,63,29,38,31,17,28,45,48,33,40,39,36,59,51,53,20,35,38,19,52,53,54,17,45,18
58,52,31,40,64,55,33,36,40,18,23,30,49,34,50,45,40,55,41,49,25,38,38,14,46,60,49,19,42,18
52,47,31,44,63,52,23,44,38,24,23,36,55,41,46,49,39,53,51,45,16,33,34,18,52,53,49,16,48,17
60,59,28,48,62,54,23,35,31,17,24,35,49,35,59,39,42,54,43,48,21,30,44,15,43,57,53,23,42,19
60,51,29,41,62,56,20,34,34,19,27,43,55,34,48,43,41,47,46,45,21,27,39,22,39,67,56,21,47,18
54,45,23,54,63,57,18,34,47,17,23,36,52,41,53,51,32,56,43,55,24,29,44,13,50,50,56,17,38,17
55,50,28,48,64,59,17,34,45,24,29,37,51,35,47,48,32,59,44,44,19,26,44,20,45,52,61,19,39,17
62,52,29,36,67,62,18,40,35,16,22,37,52,36,43,43,33,56,42,55,23,37,42,23,49,51,48,22,40,21
57,47,26,49,64,59,26,41,29,18,23,39,52,36,47,55,34,60,43,45,19,27,33,20,46,60,57,19,43,18
53,44,34,50,60,62,26,33,44,11,25,39,52,35,45,45,41,51,45,46,18,30,40,18,47,62,53,24,45,14
56,51,21,44,73,54,24,34,37,12,25,37,53,42,49,57,29,58,46,45,23,26,37,15,47,56,60,16,50,15
57,50,35,45,72,56,20,32,37,16,26,32,57,38,52,41,32,55,39,49,22,33,37,20,46,54,55,18,46,20
57,46,28,44,56,61,20,45,39,23,21,42,52,34,56,46,22,52,47,43,16,33,44,18,47,62,57,20,40,21
54,49,28,45,58,59,25,39,38,19,20,29,56,41,42,44,36,56,47,50,22,42,28,13,50,55,68,23,36,20
51,52,26,50,62,48,27,32,39,19,20,36,50,39,51,49,40,53,43,46,19,38,39,22,37,58,60,21,45,20
58,40,34,46,70,57,17,36,41,20,29,31,53,33,43,41,28,56,44,59,21,29,47,15,51,61,58,17,38,19
62,50,27,40,68,48,22,32,39,15,28,44,53,32,51,48,30,56,47,45,28,30,37,19,41,59,55,19,44,23
61,49,27,44,66,56,17,40,41,17,32,38,55,30,52,48,32,55,43,53,19,26,43,17,46,57,49,18,45,16
60,40,32,45,62,58,22,38,43,16,25,34,50,40,45,46,40,57,46,48,20,28,39,22,42,59,63,21,38,13
56,45,30,47,69,53,21,32,43,21,23,39,44,32,52,48,22,62,44,49,29,26,42,17,43,66,61,20,34,22
54,48,26,47,70,62,15,41,42,19,26,41,50,36,51,39,32,54,39,50,17,30,41,21,43,60,55,25,36,22
58,38,24,40,66,59,20,38,40,15,39,41,54,30,55,41,32,54,46,46,16,36,37,24,43,58,61,15,44,22
55,47,34,44,65,59,14,42,37,17,29,39,49,31,50,44,34,56,44,57,19,27,37,14,45,62,56,21,44,20
55,45,30,42,65,50,19,37,36,17,24,43,51,42,50,52,30,53,48,48,19,39,33,11,52,58,55,21,47,20
60,49,37,53,65,55,17,37,33,14,28,40,49,33,46,41,35,60,51,43,15,21,43,16,56,64,58,17,38,18
52,50,34,48,70,54,18,37,38,14,24,41,52,36,45,50,32,51,50,47,26,35,41,19,49,52,55,19,37,16
56,42,34,47,63,60,22,33,44,13,32,42,55,38,52,44,30,52,36,49,21,20,41,20,48,58,57,19,39,25
58,46,32,48,64,57,18,44,37,17,29,30,57,36,44,53,33,54,40,46,20,25,45,15,44,56,55,18,47,24
57,51,31,53,62,49,23,38,45,23,14,40,53,38,46,42,31,56,42,47,16,29,46,14,49,66,56,19,42,14
58,52,33,43,67,60,25,34,40,15,24,36,53,32,45,43,33,59,41,50,21,34,41,19,48,54,56,16,39,21
55,45,33,47,57,60,26,42,36,18,30,30,49,34,48,46,45,61,41,47,16,32,41,23,40,59,56,21,37,17
59,43,25,45,64,56,22,33,46,25,25,51,51,30,43,42,43,63,40,57,21,34,39,12,38,53,46,18,42,26
56,50,30,44,61,59,24,38,39,14,37,43,51,34,52,40,24,59,50,49,18,31,35,17,42,57,62,22,38,16
55,50,29,49,64,56,26,30,42,19,19,39,52,38,57,38,33,61,46,46,20,38,41,14,41,57,56,19,41,16
54,48,26,44,71,56,19,25,41,18,26,41,53,39,43,42,42,58,48,50,22,32,35,21,39,61,60,17,42,19
55,49,34,44,71,52,29,39,40,16,32,38,57,32,43,39,34,52,32,51,18,30,43,21,46,56,57,15,47,20
55,49,29,43,60,57,18,29,35,21,20,48,49,40,49,38,40,52,52,48,27,24,43,19,49,55,58,21,44,20
52,54,23,47,61,63,26,29,48,15,20,39,54,30,50,44,33,61,40,49,23,30,33,19,44,55,56,25,48,21
57,47,31,42,65,54,19,36,32,16,28,43,55,37,50,40,28,60,46,52,20,29,41,22,46,54,58,16,49,19
62,42,30,45,67,58,26,36,40,20,24,41,56,31,40,42,30,58,43,52,20,29,42,14,47,59,61,20,36,21
68,55,25,42,62,60,23,33,42,16,18,36,52,38,46,34,40,61,46,43,23,28,40,23,43,58,62,16,41,18
61,54,31,52,60,51,13,38,36,17,20,43,50,37,46,48,33,57,45,45,21,32,38,16,51,53,59,17,44,24
56,39,29,52,69,50,28,35,37,16,22,41,54,29,46,37,40,57,44,59,22,31,39,18,55,54,55,20,38,20
57,39,31,44,63,56,24,38,35,21,29,41,51,36,48,46,33,59,44,49,18,29,41,17,45,62,56,15,50,15
54,44,29,36,60,56,23,34,40,20,13,38,48,37,48,41,44,54,50,46,27,33,39,24,45,62,58,17,54,18
60,48,34,49,68,52,20,30,37,12,30,42,47,33,47,39,42,66,42,47,21,26,36,20,47,62,53,19,38,25
57,49,41,42,66,58,22,32,41,14,25,36,46,36,44,46,32,55,41,46,21,31,29,23,50,57,60,20,45,27
60,49,35,47,52,60,25,40,43,21,30,36,55,29,45,43,28,58,38,51,20,33,37,18,52,56,55,20,40,16
63,45,27,41,63,62,19,38,32,15,30,44,52,41,46,34,36,58,55,48,25,24,40,16,45,50,53,21,48,21
60,55,32,50,68,54,25,29,39,24,25,37,47,29,43,51,34,48,44,43,16,31,39,18,48,63,62,18,37,23
61,48,24,41,63,52,27,36,42,16,20,40,54,34,51,38,28,48,45,44,19,40,45,22,53,66,54,22,36,23
51,48,31,44,62,55,23,40,45,16,27,29,51,47,54,40,37,50,49,52,23,24,44,28,39,61,57,18,31,16
59,44,29,41,64,58,26,37,40,15,31,37,52,49,43,42,32,55,46,49,19,29,35,19,39,61,55,25,42,19
57,46,32,44,64,57,23,37,36,15,21,38,51,33,45,42,30,64,47,43,27,30,43,18,49,59,62,14,43,22
59,50,34,46,66,52,21,34,31,18,22,35,56,44,47,51,40,50,42,47,18,28,40,23,40,58,60,19,41,20
57,52,29,45,66,53,25,28,45,18,27,44,52,33,45,40,30,61,34,46,25,36,30,21,48,60,49,22,47,24
50,52,35,48,66,54,20,39,34,18,20,35,49,36,42,43,38,54,44,45,18,31,48,22,46,59,58,18,48,22
58,42,32,46,64,54,24,38,38,15,25,33,52,35,53,52,29,56,46,44,18,28,43,14,47,66,63,18,38,21
59,52,21,46,59,60,27,30,40,23,30,34,48,37,54,41,29,52,41,51,22,34,42,20,37,61,55,17,50,20
62,43,35,45,62,47,17,29,41,10,22,48,55,38,40,43,33,58,49,44,25,31,40,24,57,55,62,19,41,17
56,54,27,49,60,62,18,37,42,20,26,35,50,35,55,49,34,54,48,42,22,30,36,16,49,54,61,18,40,13
64,49,30,40,65,54,18,32,39,17,28,38,48,33,50,50,32,57,49,46,22,27,38,14,49,62,57,27,37,20
62,46,25,47,60,49,19,36,40,14,21,39,56,31,52,46,34,61,35,50,19,29,45,19,46,60,63,25,43,20
51,56,29,54,65,58,29,32,36,14,29,39,56,27,45,43,33,57,41,48,23,30,46,17,45,52,60,16,41,20
50,47,25,42,65,54,27,48,41,18,24,40,53,36,50,37,41,60,42,48,21,27,39,21,36,62,54,22,43,19
53,39,25,47,67,55,20,38,45,12,26,43,49,40,57,48,36,58,45,44,19,31,40,20,46,59,54,16,42,18
59,52,28,41,66,56,21,47,35,14,28,49,52,39,52,41,39,64,30,49,21,36,27,16,46,60,56,11,41,16
65,47,31,45,67,59,21,35,38,17,27,40,57,36,45,41,31,57,45,43,20,28,36,19,45,60,58,20,38,21
59,41,35,40,68,57,22,38,41,16,17,36,49,43,45,48,37,64,47,47,20,36,42,14,53,52,56,17,35,17
59,52,36,38,67,63,22,38,38,16,23,42,53,40,43,43,30,58,33,42,22,27,39,19,51,59,64,20,35,20
55,54,35,41,65,52,15,33,35,22,25,34,56,43,45,42,29,56,46,45,22,32,38,23,52,54,56,20,46,21
59,51,37,44,67,59,23,37,39,15,29,42,45,37,49,46,33,50,41,40,22,35,37,25,46,55,61,14,38,16
60,47,38,46,66,58,22,36,34,16,27,34,53,37,47,44,33,60,40,46,15,28,43,17,50,61,55,21,39,19
51,48,35,39,68,53,18,36,42,24,27,35,61,38,38,50,37,55,41,53,18,28,36,18,54,64,56,18,34,17
62,49,28,42,63,60,19,35,38,17,25,41,54,41,43,44,44,53,48,52,17,36,36,17,42,51,53,15,44,23
59,47,24,47,69,50,17,47,40,16,30,35,52,35,48,40,41,59,45,53,23,25,34,16,49,53,58,18,38,24
53,39,31,46,68,56,27,40,40,18,31,41,47,34,46,43,34,61,44,57,21,29,45,27,44,53,51,16,37,13
58,44,25,54,61,59,28,37,46,17,20,31,54,34,47,48,35,54,41,51,17,40,33,23,52,58,53,18,39,15
54,48,29,46,67,49,23,35,37,19,21,39,51,27,44,46,40,50,39,46,20,42,46,26,46,61,52,19,45,25
56,39,29,49,65,54,27,38,37,23,32,40,51,36,49,48,26,57,44,47,23,29,42,14,55,55,51,15,41,20
59,51,34,45,59,51,31,32,37,12,19,38,54,36,48,48,29,57,45,50,24,33,43,13,45,51,62,18,45,23
64,35,24,47,65,57,24,41,38,23,26,42,48,36,37,44,33,58,44,47,18,25,36,17,49,57,60,22,52,23
51,48,24,46,67,57,20,42,31,17,26,37,47,46,47,53,37,56,40,46,21,37,36,18,44,56,55,25,42,20
66,43,32,35,71,51,21,38,35,20,21,42,51,42,41,39,36,65,42,53,19,32,44,19,47,61,55,17,36,18
57,49,31,46,65,49,24,43,37,20,27,39,43,34,49,42,27,53,50,52,23,35,39,15,51,62,53,20,40,17
59,53,27,51,64,55,25,42,45,14,21,40,58,32,38,46,36,56,42,48,23,25,37,21,50,59,45,15,43,22
57,47,31,42,68,54,22,32,39,21,34,40,51,34,48,48,39,57,38,47,17,30,34,25,46,57,52,16,41,25
63,39,30,41,69,62,21,38,36,14,26,35,50,44,49,49,25,62,49,48,23,29,41,19,44,54,51,19,44,18
63,48,28,43,64,53,20,34,38,18,26,38,57,33,52,48,34,56,44,54,13,25,37,15,46,53,60,21,46,25
62,40,34,44,66,54,28,34,40,20,29,41,51,39,38,52,35,53,39,48,22,30,34,17,53,61,51,20,38,19
54,42,28,40,62,58,23,31,36,22,30,40,47,37,49,46,40,54,42,49,19,30,36,22,48,65,58,25,40,19
53,46,36,48,67,47,21,36,41,20,23,39,43,36,55,47,33,57,56,51,21,33,37,17,36,59,55,16,44,19
60,48,24,46,65,49,23,28,39,13,29,46,49,42,45,51,26,54,53,49,20,33,43,14,48,60,57,18,36,24
58,45,35,49,62,59,21,30,37,12,28,44,42,33,52,49,41,50,41,44,19,36,39,15,47,57,60,22,42,23
63,55,30,45,68,55,14,44,39,23,20,37,54,40,40,40,27,55,43,56,23,22,32,21,43,65,63,19,40,16
54,52,30,43,67,45,16,38,34,19,32,45,60,43,49,32,38,52,49,44,26,28,34,19,43,58,58,20,41,23
61,52,28,45,65,50,23,33,47,21,23,32,54,43,51,45,37,59,32,40,17,36,37,22,51,53,52,18,45,20
58,40,28,46,67,58,20,33,38,16,21,41,55,38,56,40,28,58,41,58,23,27,46,12,42,55,62,16,51,18
60,47,36,47,65,53,19,30,37,25,26,27,56,37,52,43,35,62,49,44,21,32,32,16,46,53,58,21,38,25
56,51,26,44,70,59,22,33,36,23,28,40,57,33,47,49,34,53,43,50,14,28,37,23,44,56,59,12,47,18
60,46,30,41,58,60,21,39,31,20,21,33,52,46,47,48,40,52,48,50,21,28,39,18,48,62,63,18,34,18
57,44,33,47,60,56,27,44,43,19,25,42,46,34,45,45,36,55,49,61,23,25,31,18,52,51,55,16,35,18
61,54,26,48,67,60,24,33,36,17,30,41,47,28,53,39,35,60,47,58,12,26,34,17,55,49,57,21,42,15
57,45,28,41,67,56,32,37,42,20,28,36,52,31,42,49,34,53,40,42,19,30,46,21,49,58,61,18,40,18
60,49,36,46,65,60,24,31,29,17,24,38,44,35,48,48,39,56,50,43,15,39,34,17,51,55,59,13,42,25
63,43,32,46,59,50,27,26,41,21,35,41,51,33,49,50,36,51,45,47,26,30,37,16,41,57,59,15,48,17
59,43,25,44,66,56,22,32,40,15,23,46,53,35,54,48,35,56,43,48,20,35,35,15,46,60,59,18,42,19
62,52,26,42,62,53,26,37,41,19,29,31,49,35,48,46,36,56,44,41,28,26,36,14,45,63,62,18,41,24
60,44,31,38,66,49,27,39,31,17,24,40,51,36,45,44,42,55,51,50,19,26,45,24,47,57,55,16,39,24
54,58,27,41,67,55,22,39,38,9,22,44,57,31,51,46,35,54,49,44,18,33,34,17,46,58,62,23,44,14
57,47,26,54,66,59,22,33,36,20,30,39,44,36,41,40,35,59,48,49,22,35,38,16,44,57,54,23,39,23
58,51,21,50,67,46,25,37,35,14,26,42,53,38,53,46,37,62,41,43,21,27,40,21,46,59,50,20,42,21
59,53,27,40,62,57,24,33,41,19,25,46,60,30,47,46,33,49,39,51,19,35,38,21,45,59,54,10,52,18
53,42,29,41,63,57,28,33,40,19,33,31,57,29,48,48,28,57,50,49,20,37,37,27,42,58,62,20,37,17
59,50,38,39,64,56,26,37,43,18,24,39,49,32,47,41,33,55,39,52,23,36,39,13,45,59,55,19,47,15
60,56,32,41,65,50,26,40,29,21,24,36,57,36,54,42,33,59,40,45,17,31,40,17,49,63,56,18,40,15
58,39,29,50,66,57,25,33,37,14,27,28,51,43,47,49,39,57,44,52,24,37,42,18,51,57,49,20,34,15
57,46,32,44,71,55,19,42,43,16,27,36,59,33,52,37,31,61,47,45,24,22,41,22,46,59,52,20,36,17
58,41,26,40,65,60,26,35,45,19,33,35,55,36,53,47,26,54,40,49,21,34,36,20,36,49,59,25,49,20
55,44,35,42,68,59,24,35,27,22,34,34,55,40,55,44,32,63,45,50,20,30,37,16,55,54,44,17,38,18
61,33,35,44,64,57,28,38,37,18,20,49,55,35,52,42,33,56,43,48,23,31,44,14,47,54,59,18,29,25
60,47,24,43,67,58,23,44,34,22,23,32,59,29,43,42,34,59,50,50,19,34,38,12,40,57,64,21,38,26
59,54,28,48,66,47,20,35,37,16,19,43,51,32,47,36,36,62,53,40,20,37,39,20,47,59,57,16,45,23
61,41,19,42,63,59,18,33,39,22,19,42,56,46,51,48,31,52,47,52,17,31,38,19,50,58,57,15,46,20
57,46,28,44,64,49,26,49,43,15,33,45,59,38,49,47,24,49,42,47,17,33,42,16,43,59,49,18,42,19
63,46,27,52,67,63,24,33,36,16,21,33,49,39,46,46,26,62,53,44,22,33,46,12,39,63,55,24,40,12
55,47,31,48,66,58,27,31,34,19,31,33,55,27,49,44,32,54,49,48,16,32,33,30,43,64,49,27,43,17
55,50,24,52,71,53,26,33,34,22,21,37,58,35,49,44,34,55,43,50,21,33,38,21,44,53,61,13,40,22
58,47,32,41,70,48,19,33,43,17,25,40,53,44,47,43,37,54,48,51,15,23,34,23,42,61,57,19,45,23
51,43,34,48,69,61,19,33,39,21,30,39,55,33,47,40,36,54,42,52,17,30,39,21,47,56,60,14,43,19
59,42,26,45,67,63,23,39,36,15,28,39,53,34,50,48,35,57,46,53,18,30,37,16,44,55,61,17,41,15
62,55,28,40,62,56,22,35,32,16,30,42,59,45,38,39,31,52,43,46,22,43,38,14,43,62,61,16,45,15
59,54,32,42,68,51,16,43,39,14,25,48,48,33,53,42,27,66,42,51,14,33,35,21,43,58,54,16,50,15
50,51,26,45,69,55,19,39,34,21,26,35,54,36,53,44,36,60,47,42,18,34,39,11,44,62,60,17,47,18
68,44,30,44,61,55,17,39,44,16,25,44,52,38,51,40,36,65,49,44,14,25,33,18,43,62,59,18,40,18
62,50,23,44,66,58,24,41,40,18,26,38,47,36,39,45,25,62,47,44,21,38,43,22,48,58,55,19,38,15
60,43,33,37,64,61,23,35,43,24,26,41,60,33,51,46,28,57,45,45,19,27,36,16,44,54,61,18,38,24
63,49,30,46,69,55,15,36,40,17,24,43,44,32,56,47,30,59,37,48,24,27,39,21,48,55,53,23,43,19
63,55,27,39,68,49,23,30,38,18,22,45,61,29,44,42,41,54,44,48,21,27,39,21,49,52,55,19,43,26
60,45,31,47,69,47,23,31,37,19,27,41,55,34,42,45,39,54,42,47,20,30,42,17,43,60,53,21,46,25
59,38,33,42,70,60,20,35,43,18,24,35,52,42,41,41,32,61,51,41,22,38,41,23,47,56,54,14,36,23
55,48,24,39,70,48,20,44,41,18,32,34,51,36,57,48,34,50,45,49,19,26,43,17,47,62,56,21,40,18
52,50,26,38,69,54,27,35,46,16,23,41,49,28,53,43,40,63,40,48,14,33,44,20,52,53,54,19,44,18
60,44,35,47,66,52,21,36,34,16,21,33,53,25,47,52,33,55,53,51,15,30,42,17,48,60,60,20,48,18
53,47,31,44,60,58,21,41,35,20,28,33,53,33,46,51,40,54,39,41,23,33,43,18,48,60,54,25,42,18
55,54,38,38,65,58,19,31,47,11,27,38,47,38,40,50,41,63,40,45,23,28,42,13,48,50,57,15,52,19
52,47,31,39,66,57,27,42,37,16,25,37,53,29,48,43,34,56,42,51,21,40,37,17,44,58,52,20,48,23
55,43,25,43,70,55,26,39,48,15,27,37,56,35,52,46,30,55,38,51,17,37,25,19,57,65,57,12,43,14
60,46,27,46,65,54,17,38,45,14,22,41,47,43,50,46,32,58,40,51,20,29,43,22,48,55,54,17,42,20
58,49,37,46,69,54,15,41,38,17,25,38,52,41,45,42,32,55,39,53,15,30,47,15,50,54,59,18,37,21
61,49,32,41,68,59,25,28,38,13,20,41,50,40,50,44,41,54,41,51,19,33,36,13,44,52,61,20,42,26
60,37,31,44,62,51,26,35,34,24,28,37,57,36,53,49,42,48,50,47,20,27,47,18,39,57,52,19,43,19
56,38,29,47,72,55,25,32,45,15,23,35,51,37,43,52,34,59,38,50,20,38,41,17,38,54,54,27,42,25
58,50,33,42,68,53,25,31,36,17,19,44,62,45,49,45,35,59,45,41,25,25,39,14,42,61,52,18,36,23
65,49,34,40,67,52,22,36,33,16,29,44,55,33,45,46,30,54,41,46,18,38,39,21,46,52,56,20,43,22
58,50,34,40,57,49,16,43,30,13,25,41,51,33,48,47,37,61,45,47,19,36,37,17,56,60,60,17,44,21
57,46,24,48,71,59,13,42,37,12,28,37,44,38,44,49,27,56,42,47,20,40,37,19,55,63,48,14,50,25
59,51,26,48,67,54,18,41,34,20,19,37,52,36,52,41,43,57,46,38,25,31,44,21,42,58,62,19,40,11
57,55,28,48,69,56,23,34,39,17,30,41,46,39,42,41,30,62,37,55,27,27,41,20,42,53,50,20,39,24
61,52,27,41,65,51,18,31,38,20,26,39,47,39,44,40,37,62,42,49,17,34,39,23,49,57,57,18,45,24
54,38,29,43,64,60,19,43,36,17,21,37,52,41,58,44,29,62,47,55,17,31,41,19,54,54,55,15,41,16
53,47,36,41,69,60,32,44,39,15,19,40,48,33,50,39,22,56,40,45,21,31,42,20,51,59,59,16,45,20
60,44,33,42,64,58,24,43,39,19,24,36,52,44,50,45,28,57,50,47,15,25,40,11,44,64,58,17,41,18
59,57,27,44,63,55,17,33,32,17,19,47,56,42,45,52,34,55,44,43,22,38,32,17,41,56,60,23,44,18
64,51,31,38,59,58,27,33,37,21,20,41,51,33,42,49,44,53,40,46,23,24,43,20,43,57,59,21,44,20
60,51,32,44,69,61,25,35,35,16,25,47,47,37,48,42,34,57,47,45,17,21,37,14,49,53,50,23,50,21
56,49,30,43,65,60,22,37,45,15,24,36,57,30,48,36,32,60,48,45,18,30,41,18,48,57,59,18,43,22
57,43,28,42,66,57,27,36,40,22,24,42,46,38,50,42,31,58,47,53,24,26,37,20,50,57,53,18,36,22
55,48,34,56,63,54,19,31,38,19,28,35,50,37,54,54,32,55,39,55,15,28,44,13,39,54,55,18,52,18
59,63,26,48,71,66,23,35,36,15,23,31,55,32,43,47,33,62,43,46,14,25,40,12,50,61,53,18,40,22
57,40,32,43,71,49,26,33,42,19,30,42,54,35,48,44,36,58,40,49,21,31,45,17,47,63,47,14,38,21
51,54,27,53,67,49,29,33,37,15,19,47,52,42,48,42,36,53,42,47,16,31,39,17,48,61,60,21,34,22
58,44,35,45,68,46,18,33,39,23,28,31,52,35,50,49,34,58,40,48,19,27,42,25,49,61,54,17,42,22
57,53,28,44,66,53,19,32,43,20,24,38,51,33,47,48,39,58,39,59,20,27,40,15,45,59,53,21,42,19
56,48,24,39,69,56,15,42,43,17,30,41,53,37,42,44,38,62,36,44,26,31,42,20,38,63,56,20,41,19
57,47,34,49,66,52,18,36,43,11,28,45,51,40,46,54,37,54,45,52,23,25,37,12,46,57,54,17,41,15
56,42,29,34,66,50,24,40,44,14,25,39,49,35,48,49,39,54,49,54,21,25,38,20,47,61,57,19,44,20
49,48,31,41,64,55,18,43,35,15,23,35,53,42,54,42,34,56,49,50,17,38,43,11,53,61,53,16,39,24
54,59,29,45,62,55,16,38,51,18,31,37,44,31,47,41,38,53,39,50,21,23,37,24,49,59,59,19,41,22
51,43,25,49,67,55,25,40,32,16,19,44,48,43,41,45,35,53,51,47,19,36,41,17,53,59,58,15,43,22
58,43,31,48,70,57,20,34,35,17,18,41,56,37,46,45,31,55,41,47,22,39,42,13,48,61,54,26,36,21
58,44,35,46,65,51,24,40,35,19,26,36,47,33,50,46,36,52,47,53,16,36,32,20,48,65,50,16,51,15
58,46,28,48,63,59,20,30,35,20,17,36,54,39,50,46,34,54,48,47,21,29,35,19,50,59,60,22,45,20
55,48,25,47,64,54,24,34,35,14,29,37,53,36,54,50,25,57,41,48,25,36,44,23,42,57,48,17,51,19
64,45,27,46,65,58,21,29,37,17,23,39,53,30,53,49,23,56,44,44,16,30,50,21,45,63,56,17,44,27
60,48,30,45,67,51,22,40,40,14,25,38,49,34,49,42,36,45,55,55,20,26,45,19,44,56,51,17,52,17
59,55,24,43,63,48,18,29,41,20,24,41,60,32,46,56,35,53,39,48,24,25,43,18,51,64,57,19,43,14
64,48,26,47,70,56,21,33,35,16,21,40,52,36,39,46,36,60,43,44,23,34,30,21,51,56,61,19,41,23
57,48,29,50,63,62,25,35,45,12,22,35,59,39,43,28,27,66,44,48,19,29,31,16,45,63,64,22,47,19
59,36,30,45,69,54,22,41,45,16,25,37,51,29,43,48,31,53,46,52,24,29,47,22,44,59,54,19,44,18
50,48,33,42,69,56,22,35,38,19,19,46,54,36,43,39,37,64,40,49,27,24,42,17,46,57,51,22,40,27
59,51,33,52,64,59,19,49,33,12,22,44,42,35,43,48,32,57,43,43,16,29,42,20,47,62,55,18,41,22
60,43,39,45,68,58,16,41,42,13,21,39,53,33,47,53,27,61,35,46,18,32,38,19,45,63,56,15,45,21
54,50,34,48,65,54,19,39,41,16,26,32,55,38,44,47,31,60,39,50,17,28,39,13,49,60,60,26,38,20
56,47,36,43,64,59,23,32,42,12,24,42,52,39,47,43,35,64,41,48,12,25,34,19,52,59,60,20,48,14
51,44,31,51,65,49,17,37,42,24,23,40,62,35,47,47,29,54,45,50,22,34,45,16,41,56,53,12,47,23
58,41,37,39,64,54,17,39,36,21,26,43,57,31,43,45,37,51,46,54,25,35,35,22,52,49,51,24,42,18
64,41,32,46,65,57,20,33,36,16,28,40,51,44,42,30,37,59,44,50,15,26,36,21,52,62,56,28,43,18
61,51,33,48,65,63,26,41,42,14,23,34,51,40,40,41,28,54,50,50,19,28,43,18,43,56,50,18,42,20
57,46,31,45,60,59,20,41,43,13,30,40,46,31,52,49,38,58,43,44,19,40,38,13,45,52,55,19,47,18
63,58,27,46,70,54,16,37,37,17,28,35,49,34,49,42,33,57,42,47,22,36,35,14,43,62,53,21,44,21
64,49,24,47,67,54,27,37,32,15,24,40,52,39,39,43,34,53,50,49,12,35,43,20,42,63,57,17,43,21
62,54,27,44,61,48,25,36,45,17,18,33,55,41,47,50,34,56,39,51,21,24,45,18,46,57,61,19,38,20
57,47,34,38,65,57,25,35,34,20,23,41,54,35,42,38,33,63,38,47,20,33,37,22,43,64,58,24,46,19
58,45,40,41,66,57,16,33,33,13,18,41,51,31,54,43,39,51,50,42,18,28,42,20,50,65,62,18,42,25
54,49,33,37,63,57,14,32,41,23,24,42,55,32,45,51,28,57,45,54,20,36,42,16,45,52,63,18,45,19
58,39,28,41,65,65,18,39,39,20,22,33,53,31,47,38,29,63,56,46,19,39,39,23,38,59,55,25,39,26
51,43,25,45,67,57,24,37,36,11,23,41,61,32,47,49,31,53,42,45,20,38,44,18,45,59,59,32,38,19
57,40,24,40,66,49,23,44,40,15,25,38,51,41,49,54,35,53,45,50,24,25,39,14,46,56,61,22,40,26
63,45,27,39,66,57,26,38,43,18,22,41,43,39,57,47,34,59,41,49,21,28,44,19,52,51,51,18,36,18
64,49,32,51,55,59,23,34,36,16,26,48,57,35,45,43,32,56,38,54,22,29,36,14,41,60,52,21,40,24
51,52,26,40,66,58,29,36,36,11,22,35,53,41,52,42,28,57,47,49,17,33,38,21,44,53,58,27,47,23
57,43,29,44,66,53,22,35,38,21,28,41,49,32,42,50,35,63,51,48,18,32,40,19,43,63,58,16,38,18
61,49,29,42,63,61,16,40,44,14,28,35,55,36,50,42,32,56,49,44,18,35,42,19,41,54,56,21,46,14
55,53,33,43,64,55,20,38,42,20,28,39,52,33,48,46,26,57,41,46,19,31,45,22,37,64,57,18,42,18
59,53,39,44,60,52,23,38,36,19,25,40,58,32,43,47,35,51,39,44,26,29,41,20,51,58,56,16,40,18
58,48,38,40,67,55,22,27,39,15,28,35,62,34,46,36,31,56,40,52,21,28,35,22,54,65,58,21,39,20
56,43,38,41,62,50,28,37,34,14,30,36,51,33,53,46,27,62,50,41,23,33,46,16,49,61,61,15,41,15
60,46,29,37,66,58,21,36,33,18,23,39,52,37,47,41,42,57,50,44,19,37,35,17,53,57,57,17,44,20
61,41,37,41,65,50,24,42,36,20,26,40,54,30,44,47,33,52,46,50,21,28,46,16,42,59,54,23,40,24
59,45,27,54,60,50,22,36,38,18,24,43,47,44,47,53,34,57,41,43,24,34,37,17,43,56,53,19,50,17
56,40,31,35,63,57,17,38,36,19,31,42,58,31,49,42,34,53,48,45,22,31,44,17,44,62,55,21,50,21
54,46,22,48,65,57,27,34,46,16,26,40,55,33,55,43,33,63,47,47,14,39,33,15,42,52,57,23,42,18
58,51,29,42,67,58,16,33,38,14,27,44,52,38,46,37,33,60,43,47,18,38,33,19,46,60,62,19,42,22
53,51,28,48,67,52,22,40,45,20,19,37,46,38,44,50,39,61,46,51,20,34,37,19,42,54,53,20,34,22
68,42,34,44,60,49,22,38,34,23,26,42,51,36,52,47,34,58,49,47,18,25,39,13,47,56,54,18,44,22
58,52,31,47,69,53,24,40,35,15,25,29,57,32,48,46,38,57,47,50,21,33,36,18,46,55,56,17,41,16
60,50,39,40,63,53,19,40,40,24,24,39,54,38,47,46,30,51,46,41,20,24,44,21,48,61,59,18,36,17
61,42,30,40,65,49,24,33,38,18,27,40,51,32,47,51,28,62,43,53,19,37,37,22,42,59,55,17,50,20
57,46,22,43,63,56,16,33,43,21,22,40,61,40,51,44,38,67,48,45,19,32,28,13,45,55,63,22,42,17
54,43,30,40,70,60,25,39,38,23,36,36,59,36,51,47,39,60,44,45,18,27,32,12,43,59,56,14,41,15
60,51,36,46,66,62,19,34,30,18,27,42,50,36,45,42,36,51,51,51,17,30,36,23,45,56,56,10,45,21
58,49,29,44,63,51,20,40,41,13,32,37,55,40,51,36,30,61,41,48,22,30,39,16,44,58,62,20,41,21
61,48,28,46,62,61,29,32,32,14,21,40,57,39,57,42,40,49,41,44,18,32,47,20,38,62,60,17,42,13
51,43,32,45,65,62,15,39,40,18,30,38,52,32,50,41,36,59,49,48,17,26,35,22,50,59,52,19,47,20
72,44,24,43,62,56,23,41,35,15,31,31,62,35,48,36,32,56,47,44,23,25,33,15,45,55,61,26,47,25
62,40,31,47,62,57,20,38,36,21,21,42,50,36,49,52,37,56,49,55,14,33,41,13,40,51,59,20,42,18
54,52,33,37,64,59,19,25,30,16,29,34,48,30,54,44,43,58,51,52,20,27,41,25,52,57,53,20,46,19
65,39,32,41,66,49,25,43,32,13,29,38,57,40,41,51,39,57,41,44,18,29,41,22,56,56,58,20,34,16
50,44,27,49,64,59,21,41,35,20,27,36,53,38,42,45,40,55,45,47,17,21,48,18,50,62,58,16,45,19
58,59,36,45,68,57,18,35,40,17,26,41,47,39,49,51,36,55,41,41,23,19,40,15,44,59,57,19,44,13
57,51,25,42,71,53,22,25,40,16,25,40,59,36,51,45,37,52,49,50,20,26,36,24,43,63,55,18,44,17
59,48,33,50,64,56,23,40,34,8,21,43,49,40,45,42,33,50,42,41,20,35,32,25,56,59,58,21,44,21
52,50,26,48,65,52,28,42,35,17,30,41,47,36,44,47,36,56,43,49,20,24,50,18,46,53,60,15,40,22
60,48,28,52,71,58,23,38,39,13,23,40,48,38,45,44,37,49,37,51,17,36,34,19,44,59,64,25,35,17
61,53,31,44,62,48,23,42,34,17,18,42,58,30,52,40,30,60,44,52,18,30,32,21,51,53,59,25,39,23
63,45,24,48,64,54,22,39,38,18,16,35,56,42,47,41,39,57,49,50,23,31,41,15,48,49,62,12,42,22
58,38,27,55,69,59,26,31,38,18,22,41,53,40,50,42,34,53,49,46,11,36,45,19,48,59,51,16,37,21
55,44,24,42,66,54,25,45,34,18,28,32,52,31,45,44,41,60,52,52,18,35,36,21,48,58,48,16,49,19
57,46,27,53,64,47,16,33,39,10,28,45,55,44,50,41,40,63,40,55,23,26,44,15,44,59,53,20,41,14
60,48,22,44,69,53,21,34,36,24,31,45,51,38,44,40,37,55,42,50,18,30,43,20,50,53,64,14,36,20
54,46,24,49,66,54,18,36,33,17,24,31,56,38,52,45,40,55,49,51,24,42,31,14,52,55,58,15,42,21
61,42,32,39,64,52,19,36,42,23,24,33,54,35,40,42,39,56,44,53,17,30,37,20,57,56,55,25,40,25
60,46,24,49,69,53,21,31,38,18,31,42,54,38,39,50,34,61,44,41,18,34,37,26,43,56,54,20,44,17
57,48,32,46,68,55,29,29,36,16,24,44,55,38,44,42,30,54,43,51,20,26,38,15,52,58,60,21,42,19
49,42,28,41,67,51,19,36,42,24,24,44,48,30,50,47,44,54,50,41,23,31,45,20,39,53,57,24,45,24
52,46,34,48,68,57,16,39,41,21,16,40,52,39,42,37,39,60,54,50,19,35,39,20,44,52,58,16,42,16
64,42,24,41,63,52,23,36,41,15,25,42,52,39,38,48,44,60,41,44,17,30,39,20,51,59,60,16,45,21
62,41,19,47,65,51,15,33,40,23,33,29,51,30,56,39,28,54,46,48,26,33,43,24,49,53,65,24,42,23
60,51,26,48,61,58,27,31,45,15,24,38,53,32,49,52,31,58,42,48,19,29,37,20,45,61,56,14,41,21
58,46,29,40,61,54,22,42,41,24,26,38,53,30,50,50,28,59,45,50,12,30,43,17,51,52,57,23,46,15
55,49,32,40,66,61,22,27,40,15,20,43,50,32,47,36,37,63,45,49,16,30,49,14,49,61,60,28,38,18
50,39,33,46,63,54,22,43,32,18,29,36,60,39,48,46,39,51,42,43,21,31,41,17,45,62,54,22,50,16
65,38,25,40,67,50,25,35,39,18,26,35,56,27,42,42,36,52,46,46,17,33,45,22,53,63,62,19,45,23
59,45,29,42,66,58,13,35,40,20,26,39,52,40,55,48,25,56,44,44,18,35,42,21,42,58,48,30,42,20
67,46,33,46,66,55,23,40,44,18,21,38,46,36,49,47,21,58,35,49,21,38,37,20,43,59,53,21,36,26
63,49,22,49,64,49,15,34,39,20,23,38,53,34,44,52,35,61,34,45,19,45,40,17,54,59,52,22,43,18
55,48,28,45,64,53,22,48,39,16,25,40,54,38,45,43,31,55,47,48,27,24,38,23,43,55,61,16,44,17
58,47,28,40,61,65,23,38,32,14,22,37,54,36,53,53,38,50,46,51,27,30,40,15,47,58,50,18,38,23
52,51,28,45,68,60,20,38,33,23,27,37,48,38,43,47,39,56,46,53,19,28,40,18,46,55,54,18,43,19
59,45,30,46,65,57,24,39,45,18,27,36,61,37,42,44,27,56,47,48,20,37,33,16,50,56,49,17,41,20
58,46,29,45,64,57,20,34,35,17,27,41,63,36,54,41,34,63,48,46,18,27,42,18,43,56,58,15,38,19
55,47,26,51,58,58,22,38,46,13,18,44,47,38,45,47,29,52,48,43,27,29,40,24,51,59,51,20,42,24
53,38,28,44,68,57,26,37,37,17,23,42,55,36,48,49,39,53,42,49,17,31,42,19,50,59,56,15,40,22
54,46,37,45,66,52,24,30,43,17,22,44,58,40,43,47,33,49,41,37,22,34,42,25,33,60,55,24,49,20
57,47,30,47,68,51,22,43,40,16,22,40,55,35,47,37,33,57,43,49,26,32,44,15,51,52,59,20,40,14
60,51,27,45,66,61,26,39,40,17,28,40,52,35,49,46,29,54,38,39,25,30,41,16,43,60,57,15,40,23
52,42,32,49,67,54,23,40,40,21,27,41,53,28,35,45,25,52,50,45,19,30,48,17,55,64,56,19,38,25
55,54,34,44,62,49,14,27,40,18,26,46,57,42,43,39,37,55,46,47,27,28,40,14,47,56,56,21,44,24
58,49,26,45,69,51,19,41,48,17,30,47,44,33,52,44,36,49,37,43,17,31,40,26,47,55,51,19,44,24
55,43,30,41,71,60,27,38,34,21,19,37,46,32,51,43,32,58,43,53,16,35,40,22,45,58,55,20,51,16
46,53,30,42,63,50,24,31,38,22,29,36,54,32,56,43,40,56,43,54,13,37,44,20,41,63,62,15,38,17
53,59,29,40,67,56,22,38,40,15,27,40,53,34,46,53,41,52,39,45,17,36,38,15,50,57,52,14,45,19
55,49,29,46,59,63,30,33,37,17,20,40,54,33,48,45,27,61,48,44,21,40,42,18,41,51,58,20,41,22
66,42,28,47,62,56,22,37,44,18,24,43,48,37,47,41,40,54,44,43,28,22,43,21,43,59,54,20,38,21
55,56,27,51,70,54,18,32,33,18,23,37,48,43,47,39,41,58,47,51,22,20,45,19,36,60,51,20,48,23
60,47,39,43,66,52,24,35,34,14,22,40,53,47,44,39,36,58,47,48,13,27,44,23,44,61,48,16,45,23
58,51,33,43,68,62,24,40,31,19,29,49,41,36,41,45,32,53,50,42,25,34,34,14,50,55,52,22,40,19
59,53,31,47,69,61,21,37,37,15,22,42,55,26,51,42,32,57,39,56,20,27,36,22,44,56,54,13,45,23
59,49,28,34,58,58,25,35,30,19,20,38,53,41,48,37,35,65,41,63,19,35,46,23,45,56,55,17,44,16
59,52,29,42,68,54,24,42,38,20,28,38,54,32,38,48,39,56,43,48,21,31,37,23,41,56,62,17,36,16
60,46,28,43,60,54,16,41,40,17,20,41,51,37,49,52,40,58,41,42,21,30,45,20,45,58,58,21,34,24
61,51,28,42,60,57,19,35,41,17,25,37,48,32,48,41,39,58,45,48,23,34,42,20,52,53,56,19,45,16
61,54,28,45,67,59,24,44,39,14,19,32,50,32,48,46,35,52,44,46,22,24,41,21,48,59,58,18,43,19
56,49,30,46,63,53,17,41,42,17,23,46,52,43,51,47,34,51,36,54,18,39,36,14,45,58,55,16,38,22
69,59,34,42,63,58,21,37,35,11,25,41,44,35,45,46,37,56,48,46,23,34,42,16,44,50,54,19,35,23
59,45,31,41,68,58,19,39,37,17,25,47,51,30,40,49,34,56,48,51,19,37,37,18,42,65,49,19,43,18
56,48,29,47,71,57,18,39,36,19,26,30,51,34,62,48,33,52,37,52,15,36,36,12,48,59,61,18,44,18
51,47,35,47,65,59,25,38,38,21,26,41,56,35,42,48,23,57,39,45,20,29,37,22,49,58,54,19,48,18
54,49,33,37,65,58,18,32,34,19,29,48,49,36,43,55,34,59,45,53,19,30,45,17,43,54,58,16,40,20
56,43,24,38,69,62,14,30,38,19,27,29,55,30,51,51,34,59,41,49,15,27,43,15,50,60,63,23,52,25
55,57,26,42,66,57,22,37,35,16,27,38,50,40,50,47,36,54,49,46,22,28,35,21,47,59,57,17,41,15
64,44,34,44,63,51,22,38,31,18,26,37,54,43,52,47,22,64,46,52,24,36,30,19,39,53,58,16,40,25
58,54,29,46,70,58,21,36,40,17,21,35,48,39,39,46,29,58,47,48,18,30,39,20,55,54,57,13,44,23
62,42,30,44,60,51,17,40,42,21,30,35,59,39,42,42,35,62,47,49,19,34,43,20,44,57,58,21,31,16
57,47,27,55,58,56,19,44,39,23,27,34,50,40,56,46,23,58,40,41,21,27,42,23,41,60,61,19,36,22
57,45,30,48,68,54,23,35,37,8,27,39,58,31,43,45,37,57,41,44,23,34,31,22,48,62,59,25,39,22
54,48,34,45,64,53,26,32,36,16,30,40,51,35,56,47,28,58,46,42,15,29,40,13,49,59,63,19,42,22
65,51,26,42,71,52,19,33,37,18,27,42,54,37,44,31,34,54,50,47,25,38,44,21,47,52,50,19,44,18
60,46,30,50,62,58,23,35,37,17,21,45,54,39,42,44,27,64,43,51,19,33,38,24,37,56,51,20,42,24
65,51,35,53,64,53,21,37,28,17,25,45,48,30,36,48,32,54,43,50,12,30,35,18,46,63,64,17,49,23
64,45,36,44,63,49,25,33,42,18,35,36,54,35,52,49,33,52,41,48,17,31,39,15,49,55,58,16,41,17
54,50,31,46,71,48,15,39,43,20,23,36,63,35,53,51,27,52,41,49,22,28,37,23,42,56,61,18,37,21
47,57,38,46,67,53,18,42,34,19,29,40,57,35,49,47,32,54,38,42,20,32,35,19,44,56,53,16,50,23
56,53,31,51,64,53,16,40,40,20,27,39,57,38,43,49,34,61,36,43,19,33,45,16,40,52,60,20,44,12
56,47,29,50,67,56,28,32,41,22,23,34,54,46,38,56,31,60,44,48,18,31,41,15,51,51,58,13,36,16
59,47,26,46,64,64,19,38,36,20,22,39,49,31,51,48,32,55,44,54,19,32,38,17,56,64,51,16,39,16
62,44,30,49,65,52,23,41,35,16,22,39,51,40,50,40,39,50,39,49,21,37,45,11,41,56,60,22,42,21
63,48,29,48,65,60,24,27,38,13,20,34,52,34,47,49,32,58,46,50,22,33,40,16,48,60,53,23,43,17
58,51,28,46,69,52,29,33,39,18,19,42,47,37,49,46,26,56,41,47,19,32,41,16,49,56,59,19,51,17
53,37,29,45,65,60,19,30,43,20,28,50,51,29,42,49,40,53,44,56,22,30,37,16,52,56,56,13,44,23
55,48,29,41,57,59,20,33,44,18,23,35,47,41,47,48,40,54,50,53,19,29,41,17,44,55,62,22,43,18
53,43,30,42,62,60,19,39,44,19,27,43,59,39,46,42,34,58,44,48,22,32,32,13,46,58,58,17,43,20
65,44,33,45,67,61,15,41,32,18,18,34,55,40,54,37,37,51,49,41,24,31,35,22,56,57,49,16,47,18
66,52,21,43,69,52,22,33,34,25,18,39,57,34,44,44,39,58,37,53,20,27,34,24,47,57,61,19,41,22
60,50,29,47,72,55,19,33,44,11,31,43,51,31,48,36,24,55,44,45,23,30,34,23,44,61,59,20,50,20
61,51,32,45,65,57,23,38,39,19,26,34,53,29,51,47,23,56,41,46,18,32,38,22,54,59,55,22,41,15
50,53,31,40,70,54,19,36,40,21,16,38,50,36,43,48,43,60,47,49,22,32,38,26,45,53,57,21,39,15
59,49,20,45,67,59,19,38,43,17,25,40,50,40,41,47,37,56,46,49,26,29,34,16,50,56,54,17,45,18
56,48,32,48,61,57,17,41,50,25,26,40,50,32,44,50,23,56,38,49,18,33,39,17,49,60,57,17,40,19
47,52,24,45,62,58,15,44,40,20,31,38,48,36,52,49,33,44,40,51,31,29,42,17,42,60,59,21,44,18
67,46,36,37,63,57,26,37,37,22,27,39,60,41,43,40,33,56,41,49,21,28,32,19,43,59,62,19,35,17
60,44,29,44,63,54,21,36,35,14,26,42,58,39,50,44,28,52,46,56,27,26,41,17,43,60,62,14,42,19
61,44,34,44,65,50,20,39,37,17,25,40,43,31,48,52,38,54,43,52,22,27,47,17,50,59,53,23,41,16
58,47,26,43,62,50,19,37,45,13,28,33,49,38,48,45,36,60,46,57,27,31,42,13,46,61,50,19,47,16
54,46,28,52,66,54,26,32,46,19,23,44,48,34,49,49,28,54,45,41,20,28,40,14,49,59,55,19,48,22
56,50,26,48,68,60,16,35,44,22,28,35,53,43,53,49,31,48,41,43,25,33,37,20,43,56,53,15,42,19
55,44,30,42,60,59,15,41,42,18,24,42,59,41,46,41,37,57,44,50,18,32,36,23,48,57,57,20,37,17
57,46,32,41,69,51,32,33,38,20,27,40,51,31,50,46,37,56,49,53,16,26,40,17,38,57,54,24,38,23
61,45,37,47,70,53,20,31,36,13,20,37,58,37,45,39,27,66,50,45,22,37,47,19,47,61,54,14,37,17
50,51,21,40,66,56,19,35,45,21,24,46,52,36,53,42,26,60,46,48,14,27,41,21,46,61,59,21,41,24
66,49,30,40,66,57,23,42,32,24,30,40,59,41,43,50,33,45,40,41,20,35,40,17,49,55,51,19,34,21
55,49,37,48,59,62,27,36,35,14,25,43,54,39,47,48,39,59,47,52,21,33,28,17,36,54,55,17,40,16
60,48,33,47,66,60,29,32,47,14,22,42,53,36,46,44,36,57,41,47,13,32,37,16,50,60,56,16,34,18
54,53,30,47,69,56,22,34,38,23,18,36,50,30,46,58,35,53,54,44,16,31,41,14,44,54,57,23,39,23
66,46,29,43,65,45,22,36,43,18,25,35,56,30,51,49,36,53,44,58,25,24,42,13,47,58,59,18,39,17
58,44,32,43,64,57,30,37,39,17,24,39,55,38,49,44,35,57,46,48,18,30,34,24,46,57,52,15,45,15
66,53,32,44,66,60,21,38,44,24,19,32,52,43,48,34,35,55,36,41,20,34,38,19,43,54,54,19,45,23
60,45,31,36,68,56,20,32,36,21,22,44,56,38,50,44,28,56,44,55,17,29,42,14,49,60,50,26,43,20
60,50,31,38,61,56,23,29,38,15,24,45,53,35,53,36,37,58,56,46,24,42,41,17,40,55,54,16,42,17
50,47,31,47,68,61,23,41,44,21,28,36,49,37,44,41,39,56,38,55,18,27,37,17,45,53,55,21,42,21
59,44,34,43,64,50,22,36,43,18,24,43,59,35,40,47,30,61,46,40,21,34,35,18,51,58,56,21,45,15
58,41,22,45,62,53,17,41,38,18,24,43,54,44,43,53,41,57,44,42,20,38,36,25,44,56,57,23,33,20
66,46,27,42,64,52,23,36,39,17,26,39,53,32,57,40,38,50,37,50,21,31,41,20,46,61,59,15,45,19
61,47,23,47,68,53,22,40,44,21,23,41,48,41,50,41,36,58,49,47,21,29,46,21,35,46,56,22,41,15
56,52,27,53,68,54,23,36,32,17,30,41,54,28,43,39,30,59,45,45,18,26,45,20,52,63,55,22,38,21
49,46,24,52,62,57,28,40,38,20,20,41,52,38,44,37,36,59,43,54,19,31,33,18,49,61,54,23,40,24
58,48,30,46,67,54,22,29,52,17,31,43,54,41,48,48,39,51,46,42,19,35,38,18,37,53,55,17,37,17
64,46,23,40,68,55,31,36,38,17,20,38,51,32,50,41,30,65,46,47,25,34,40,23,42,61,54,18,36,21
62,47,32,44,68,55,23,36,38,21,23,36,48,30,43,51,33,55,42,50,22,36,38,19,45,54,64,17,39,21
64,51,27,43,64,46,24,26,42,16,25,35,42,37,57,43,38,58,45,47,22,34,39,24,42,62,51,23,43,22
59,46,30,46,64,51,22,46,41,22,22,31,55,33,43,43,39,56,48,50,16,28,37,18,51,59,55,24,43,14
56,50,26,42,65,49,15,40,42,14,23,40,56,44,51,45,39,54,47,44,17,29,36,18,45,60,58,18,50,19
56,48,28,42,62,45,28,43,29,13,28,40,56,29,45,52,34,59,42,47,19,34,47,16,54,63,57,14,41,21
58,46,30,43,64,57,17,28,39,20,22,43,56,41,48,50,37,48,40,47,22,35,46,20,47,56,58,20,37,17
53,41,36,45,64,53,31,39,37,17,23,39,53,42,46,49,32,58,46,49,17,30,43,17,49,60,49,18,38,18
53,47,30,49,66,50,22,35,44,24,21,38,60,30,46,45,32,54,45,53,26,38,40,17,38,58,58,17,41,15
56,48,34,49,65,53,25,40,38,19,24,43,52,30,45,38,35,55,47,49,22,29,41,14,44,61,53,18,44,21
58,42,37,39,64,61,19,40,36,22,23,41,48,38,39,47,38,54,48,39,17,36,35,15,39,65,58,20,50,24
55,51,27,41,72,53,19,39,40,17,26,30,55,29,50,48,32,63,45,49,18,28,39,18,53,59,56,22,42,16
53,43,31,43,63,57,24,35,37,19,25,44,57,36,49,34,38,61,46,45,18,31,38,23,40,47,62,25,43,25
53,51,26,36,66,62,18,38,31,15,26,43,58,34,46,44,41,59,45,61,19,31,42,20,41,52,52,15,46,21
62,45,29,45,68,59,29,38,32,17,26,35,52,35,46,35,36,51,51,46,25,25,42,22,45,58,55,22,38,23
61,45,31,50,64,60,21,31,31,17,27,36,53,39,50,48,39,58,42,42,20,32,41,20,39,62,58,17,40,18
63,45,28,42,65,54,16,36,38,20,30,39,58,34,52,45,32,55,46,46,20,33,42,18,44,60,57,18,43,13
63,43,31,33,66,54,24,32,44,19,30,42,56,39,48,47,31,53,39,53,23,28,30,18,46,58,62,19,42,19
59,47,30,45,63,51,17,30,38,8,18,37,56,35,51,57,34,62,49,51,19,26,35,20,53,53,59,16,43,30
52,44,23,44,66,59,25,33,36,16,23,42,60,34,45,46,42,53,45,45,22,31,35,18,52,64,60,17,45,15
56,53,30,41,66,57,25,34,41,17,31,36,53,42,41,43,29,57,45,48,21,27,35,21,50,58,56,18,42,19
55,53,29,46,65,56,19,35,36,17,22,38,52,34,44,38,41,57,46,55,19,32,41,16,52,56,53,17,46,22
62,47,24,39,71,52,23,38,37,17,27,38,57,32,46,37,34,58,47,45,16,32,39,23,43,58,60,22,42,26
60,50,27,44,68,53,22,41,39,15,19,38,54,40,53,40,31,52,56,46,19,27,43,21,51,55,48,18,46,16
61,52,26,45,67,59,19,41,40,17,23,44,53,28,54,44,30,49,42,46,22,28,35,24,51,60,54,18,39,21
56,40,29,45,64,53,21,44,42,19,27,45,54,29,46,34,38,63,40,52,17,25,40,15,58,59,55,19,44,19
48,50,28,45,66,59,21,43,42,13,26,39,50,43,49,44,26,55,51,47,27,31,34,25,43,55,57,17,38,20
53,51,36,50,62,58,23,38,31,15,19,37,51,46,43,46,46,57,46,54,20,33,31,14,46,60,50,15,43,18
62,42,36,42,62,48,23,31,39,15,26,42,55,34,50,46,39,67,47,38,23,26,38,21,40,62,57,19,35,27
61,48,32,46,69,54,20,37,36,21,26,43,53,34,45,43,29,56,41,44,24,30,41,15,37,60,52,21,49,25
60,50,24,45,67,54,22,35,40,17,21,33,52,39,45,43,33,58,49,47,22,31,45,17,46,62,62,20,36,17
54,36,29,44,58,52,27,37,42,25,23,44,48,38,52,51,37,56,40,47,21,25,48,20,49,57,59,18,38,17
62,43,36,43,62,59,19,39,34,14,27,40,53,34,45,44,41,60,48,42,20,31,34,18,44,57,54,23,46,20
60,49,31,41,64,57,21,29,39,14,27,39,51,37,44,43,38,59,46,49,19,35,41,22,41,56,61,20,44,15
60,51,27,45,66,55,22,28,32,22,25,41,53,40,54,48,33,54,40,44,21,30,41,18,49,56,61,19,41,16
65,46,32,43,62,55,21,33,42,21,21,44,55,41,46,44,37,58,45,48,14,29,41,15,40,56,55,20,45,18
55,48,31,48,64,55,27,37,37,10,20,37,56,36,53,46,28,54,51,51,17,28,40,23,42,63,49,20,49,17
58,46,30,45,64,50,7,28,33,22,30,43,51,39,47,51,36,61,48,55,22,30,39,15,50,55,57,15,44,21
52,49,31,49,62,48,26,33,40,17,22,40,54,36,45,53,37,53,43,37,24,31,38,18,44,64,59,21,47,19
56,41,29,48,66,60,21,40,39,19,36,39,53,44,44,49,38,62,46,43,15,26,40,12,43,62,50,17,35,19
60,46,32,42,63,61,22,33,45,25,26,39,52,39,48,41,33,57,42,44,23,37,41,16,43,56,57,15,37,17
55,56,38,44,60,48,18,41,42,17,19,39,51,36,49,40,42,52,43,52,23,32,44,13,47,57,53,16,46,19
57,52,33,39,57,57,21,32,34,16,29,34,57,40,47,52,35,55,49,45,15,34,37,21,45,61,57,16,45,20
57,48,29,42,68,57,22,39,38,27,20,33,51,46,48,49,35,63,44,42,17,29,44,21,46,47,54,15,39,22
62,54,29,43,64,57,28,34,44,20,24,30,54,37,44,42,35,55,47,44,16,23,40,14,43,62,61,21,49,16
57,38,31,37,66,59,31,41,46,19,17,42,64,38,49,37,30,63,43,41,19,31,37,15,48,58,53,17,46,19
61,55,33,45,61,58,17,33,37,18,21,37,48,27,47,43,38,55,45,51,22,35,42,26,47,56,49,19,50,16
52,43,30,47,65,58,31,35,44,18,25,39,54,36,52,45,36,57,45,51,18,30,40,20,53,48,57,14,35,14
54,52,30,52,61,61,20,41,36,14,25,34,51,34,45,52,32,59,47,37,18,22,40,20,49,65,59,17,43,22
59,46,24,49,61,58,23,37,38,15,26,38,52,30,47,54,33,56,47,46,20,31,48,21,44,59,58,24,33,15
57,46,31,44,66,62,25,41,43,18,25,38,56,31,46,45,33,59,34,53,23,32,33,13,46,51,60,22,42,17
65,57,26,38,69,51,20,31,40,19,25,41,56,38,47,44,35,56,48,53,21,26,36,17,39,55,55,18,44,22
57,48,27,41,61,59,20,30,49,17,29,41,46,31,49,52,29,58,41,45,26,37,35,25,49,65,56,16,36,17
48,41,33,48,67,54,22,36,35,15,25,39,62,33,48,52,38,63,44,52,24,25,29,8,50,56,62,22,41,20
65,55,25,47,62,57,27,30,35,16,23,47,50,34,46,45,33,58,37,48,23,26,41,19,45,51,60,19,42,26
58,51,34,41,67,55,23,34,44,17,24,41,52,29,43,51,27,56,49,45,22,31,38,16,45,55,61,21,36,26
63,52,28,39,67,56,22,40,39,12,25,37,54,34,49,51,37,49,50,49,24,24,28,19,45,57,63,19,38,22
51,45,29,42,62,56,21,31,37,24,28,41,54,37,46,48,30,56,51,43,17,39,38,21,48,61,59,20,39,18
64,54,30,47,63,52,17,44,38,19,21,37,54,43,41,46,39,55,43,49,16,25,37,19,52,59,56,22,35,15
57,45,27,42,65,61,21,32,36,17,19,42,58,38,43,47,35,63,57,46,14,36,39,23,49,57,56,13,34,20
52,45,26,44,73,55,30,40,40,18,32,38,45,37,48,51,39,52,38,43,26,33,45,18,42,56,53,14,40,19
65,45,28,53,63,49,21,34,37,18,22,38,43,41,54,54,42,51,41,55,19,27,31,13,41,57,63,16,50,21
66,47,32,44,71,59,25,44,32,15,27,41,48,34,52,54,30,54,47,44,19,29,41,17,41,55,54,16,31,23
61,45,22,46,65,54,21,38,37,20,19,40,52,32,47,42,37,55,50,43,12,33,45,21,49,58,55,22,49,22
58,41,23,46,61,61,19,38,42,19,21,32,56,42,50,43,33,62,48,47,19,37,39,25,43,56,54,21,38,18
60,48,32,44,65,55,21,33,42,23,24,41,47,35,46,47,38,49,47,45,19,24,39,14,50,54,57,23,43,27
54,48,30,43,64,54,21,40,35,17,22,35,49,36,50,49,36,56,37,49,19,37,38,13,53,62,64,23,40,18
59,54,28,50,60,54,26,34,37,21,26,46,48,41,45,52,35,58,40,49,17,27,40,19,43,52,55,16,40,20
49,51,30,34,58,49,19,36,42,18,24,38,55,41,47,45,41,63,42,55,20,32,44,15,48,55,55,15,51,20
54,51,31,49,68,59,21,39,33,20,25,32,48,34,39,44,32,60,40,51,24,23,44,25,49,56,64,13,45,19
62,52,35,47,62,60,20,36,38,12,28,41,53,42,44,48,29,51,43,42,21,32,41,21,50,64,55,16,37,10
62,49,32,49,68,48,24,36,35,24,25,35,45,37,55,47,34,59,39,48,16,28,42,17,50,54,53,22,38,21
59,46,29,48,65,58,21,33,42,13,26,38,49,42,43,48,39,64,35,47,28,34,36,12,40,55,55,23,36,28
61,53,30,37,70,54,27,40,37,20,25,40,47,32,45,38,34,50,38,44,24,35,41,22,42,61,54,20,47,24
57,48,39,43,67,58,22,36,39,17,24,35,57,42,54,38,33,60,35,54,19,27,40,15,45,56,56,20,36,20
60,47,25,53,64,61,19,35,31,17,23,43,53,37,40,44,30,58,49,43,24,34,39,18,56,60,55,16,39,19
53,49,36,45,69,53,21,39,40,16,25,45,56,36,46,43,34,57,36,46,25,32,38,14,42,64,57,16,46,13
53,48,26,46,68,61,21,37,45,18,18,47,53,41,41,45,38,57,46,49,24,20,32,17,44,63,57,16,43,18
59,48,26,48,64,53,19,46,41,14,27,38,52,33,45,33,32,57,48,44,22,28,44,20,47,53,52,23,54,22
65,44,33,46,69,52,18,39,44,12,32,36,39,36,51,41,37,60,40,55,23,28,41,22,49,57,51,19,36,17
57,52,33,41,60,62,23,35,30,21,19,42,57,43,48,41,40,50,37,44,21,39,39,23,43,59,54,24,40,15
57,45,34,38,63,59,22,34,40,15,25,36,55,41,50,50,40,53,35,57,24,27,33,23,42,54,58,23,38,21
58,51,27,40,62,50,24,44,47,16,29,33,54,39,42,43,39,54,45,42,23,27,38,21,42,60,60,18,46,18
56,46,24,46,63,53,29,30,30,13,23,35,46,33,55,48,41,61,48,46,20,35,47,17,48,59,58,21,40,21
55,46,26,46,68,53,20,42,36,16,23,41,57,38,46,42,45,57,49,47,22,29,40,18,48,54,54,17,34,23
56,45,41,33,61,53,15,47,37,17,29,40,50,32,47,40,32,54,49,49,16,36,38,18,48,63,63,17,42,24
57,46,22,47,69,58,25,37,43,12,21,46,58,36,44,40,29,53,45,45,29,27,40,17,52,62,56,18,36,22
43,41,30,43,63,49,17,36,44,22,22,43,57,44,42,53,32,54,51,51,17,37,46,14,48,55,58,18,41,21
58,49,35,42,60,56,26,36,37,19,26,35,54,37,48,47,40,55,41,55,20,31,35,14,42,57,54,21,44,18
57,47,28,49,68,55,29,32,40,18,22,39,54,36,46,43,38,60,40,47,18,32,39,19,44,49,61,19,44,19
55,45,19,50,63,57,29,33,37,18,28,31,50,37,50,39,37,57,41,53,24,34,40,18,48,59,58,23,41,18
53,43,31,51,63,55,23,34,38,18,23,42,48,32,52,40,38,57,53,52,17,26,42,19,45,50,59,19,49,20
58,55,24,42,68,49,26,40,34,22,20,35,49,40,48,40,32,58,52,40,29,26,44,18,46,58,55,24,40,20
54,49,33,38,64,65,26,41,41,18,20,38,59,35,45,51,33,53,43,53,19,38,34,19,44,58,55,12,39,15
60,51,30,40,69,66,21,40,37,16,21,38,49,28,48,43,42,58,47,45,18,35,40,14,43,59,52,15,44,23
58,49,28,46,65,53,23,28,34,18,27,37,47,35,48,44,42,53,47,54,18,36,35,18,45,61,55,22,49,17
56,40,26,43,68,55,21,45,42,18,21,43,46,45,54,45,39,49,47,48,20,28,44,21,43,60,49,16,46,14
59,42,28,51,71,52,20,34,41,16,27,42,65,43,42,46,36,49,39,52,26,31,38,13,42,60,51,16,45,15
56,53,28,37,62,55,20,46,41,14,22,49,52,39,47,47,31,59,43,47,19,34,32,20,42,60,56,18,41,22
61,41,27,48,74,55,16,40,40,13,21,36,53,42,43,43,37,57,48,50,19,26,41,19,46,55,57,20,37,27
58,50,26,51,68,60,23,33,38,23,24,45,51,32,49,46,32,50,36,52,15,32,40,19,41,55,55,18,44,26
65,46,29,39,60,49,20,41,43,16,28,39,54,40,40,48,40,65,46,40,22,20,42,19,51,57,47,19,46,21
59,42,23,47,66,53,21,44,37,18,31,37,49,37,50,50,34,56,43,45,22,30,44,15,49,63,60,14,34,19
65,44,33,48,64,54,20,31,35,24,22,36,53,39,48,44,45,60,50,40,18,33,45,14,42,60,49,20,38,18
65,51,32,38,63,48,27,36,38,20,29,42,60,34,45,46,41,54,39,52,21,30,36,24,44,51,54,14,44,14
61,48,27,42,68,63,18,38,43,18,23,43,54,31,45,38,37,57,45,49,18,24,44,21,41,63,52,14,45,22
55,52,23,46,68,61,32,37,33,15,22,37,56,37,47,50,27,55,49,50,23,27,39,21,42,59,55,18,37,19
55,43,35,42,64,63,19,37,35,19,21,48,50,35,44,50,32,56,52,38,24,33,38,19,42,61,61,15,41,20
63,41,26,46,72,48,20,40,35,15,27,35,51,35,50,39,38,56,43,51,20,27,39,21,52,65,58,15,39,25
69,48,34,45,62,57,17,32,38,12,21,39,48,48,47,43,37,55,48,47,23,25,41,20,49,60,49,20,37,21
61,47,27,47,69,59,21,36,26,16,26,38,53,39,50,44,34,51,45,54,20,35,40,22,48,51,62,20,37,14
62,49,26,45,64,53,21,44,42,19,23,48,55,31,53,48,28,52,35,39,16,31,38,17,46,58,61,21,42,25
45,52,35,55,57,56,19,34,33,16,25,37,43,35,48,47,33,67,46,48,22,37,39,16,48,59,56,21,41,22
61,42,27,43,64,53,20,41,39,16,31,34,55,41,44,51,34,51,36,52,19,36,51,23,38,64,49,14,41,22
54,49,23,40,63,57,30,35,43,20,24,37,51,33,56,47,31,53,44,57,14,31,40,17,41,62,65,16,38,21
54,45,31,46,61,53,26,35,42,17,26,37,53,28,45,51,36,59,52,42,27,29,40,17,44,54,67,15,43,17
54,43,30,46,62,64,21,33,45,18,23,38,46,38,55,40,30,59,46,51,19,29,46,25,49,54,58,15,35,20
64,45,26,43,65,55,19,31,39,17,27,40,56,37,47,40,37,61,42,42,28,28,46,23,46,58,58,18,35,19
59,44,29,44,68,53,22,46,40,18,29,42,57,40,41,43,28,55,44,48,24,26,50,17,41,61,48,20,41,14
60,50,26,41,64,65,21,38,33,17,23,46,49,32,50,48,30,57,35,46,18,37,39,16,55,60,55,18,38,25
54,58,33,37,69,56,19,39,38,16,26,43,55,39,43,47,37,54,39,52,23,22,34,15,44,61,57,16,50,16
58,45,25,41,67,53,19,27,43,24,30,40,50,35,52,40,30,54,51,51,16,26,33,21,53,58,62,26,41,21
54,54,24,42,68,60,19,36,37,15,24,42,57,29,43,43,39,60,43,49,22,35,32,26,41,58,60,18,42,20
63,46,32,51,61,54,25,32,38,14,22,41,56,36,43,43,38,56,46,45,18,36,36,19,44,56,59,22,39,21
59,56,33,46,67,56,19,38,41,20,29,39,43,30,44,47,36,54,30,42,23,33,40,20,48,56,64,18,41,20
58,51,22,50,60,48,19,34,41,17,30,40,44,36,48,47,30,56,51,42,19,37,43,21,43,65,58,20,44,18
62,55,28,46,64,57,27,41,36,17,22,35,50,35,49,35,38,63,47,48,15,36,37,20,41,60,57,15,38,18
53,49,26,50,62,60,21,43,39,14,19,37,49,37,46,36,32,55,44,49,25,38,42,13,50,61,58,24,44,16
53,51,34,42,65,54,18,34,34,19,25,42,52,37,55,36,37,52,39,53,23,36,40,18,43,60,51,24,44,21
58,44,34,45,62,59,23,31,38,21,23,35,47,36,55,54,32,56,47,53,18,26,31,20,40,57,59,26,41,21
59,48,19,41,66,61,21,43,44,19,30,47,47,27,44,47,34,59,41,53,23,31,39,16,49,54,56,19,34,21
60,41,31,49,64,53,20,28,36,21,28,43,54,32,42,42,37,50,49,54,14,32,44,17,43,61,57,27,37,26
64,37,40,36,67,57,23,30,43,20,25,43,58,31,46,36,31,56,40,43,24,30,43,15,55,54,59,19,42,25
63,47,27,43,63,57,23,30,43,14,24,43,55,35,44,46,37,57,48,51,21,27,36,21,43,55,56,20,39,24
54,43,31,48,70,61,25,39,38,19,25,36,62,30,43,42,26,62,45,47,23,33,40,25,40,53,58,14,42,18
65,47,34,51,66,50,20,30,32,20,25,39,50,33,47,44,34,56,43,44,17,30,41,17,50,62,57,18,49,21
59,51,27,43,55,60,15,40,38,15,34,40,56,38,47,43,36,60,47,43,20,34,41,15,43,57,54,19,40,22
61,46,34,48,62,57,22,39,42,13,30,39,50,35,49,44,37,52,43,52,17,27,40,20,35,57,66,20,42,13
57,51,25,41,68,57,19,36,42,17,27,38,55,40,42,45,40,60,47,47,21,33,44,17,34,53,56,25,30,25
62,47,37,41,66,59,21,33,35,24,26,37,59,30,42,46,29,54,45,52,17,36,43,16,48,45,56,20,43,23
63,50,41,42,62,51,24,40,37,13,21,37,55,35,49,45,37,56,40,51,14,28,40,19,40,56,60,18,50,18
64,50,29,44,64,53,22,33,40,14,20,43,49,34,46,46,42,56,45,48,22,23,42,24,49,52,55,16,44,23
60,48,32,39,66,58,28,31,37,20,32,37,49,36,51,43,38,64,50,51,20,19,38,16,35,54,57,16,43,24
62,44,31,36,68,53,27,35,39,19,26,36,47,35,51,37,34,59,49,50,19,39,45,15,40,55,62,25,34,20
53,50,31,43,60,51,20,38,35,21,25,38,55,40,46,48,42,62,44,38,20,29,33,20,52,59,59,18,43,19
58,53,33,36,61,57,25,40,37,25,17,32,51,39,45,44,33,51,40,50,25,28,41,16,45,59,57,19,45,30
57,39,36,50,71,52,30,33,41,16,21,45,48,36,52,47,30,47,46,51,19,24,37,23,51,56,54,17,40,23
58,52,16,47,67,52,27,47,38,14,24,43,54,34,45,45,30,48,46,50,17,31,38,28,44,53,60,23,39,22
53,42,32,44,69,60,19,38,30,18,33,45,44,30,45,45,38,52,45,49,27,36,31,24,48,59,63,16,40,17
58,47,28,40,68,56,15,38,35,24,26,33,53,31,46,39,29,62,46,52,21,29,42,21,47,64,59,27,43,13
64,39,27,40,59,55,23,38,38,15,22,37,55,36,44,44,35,53,39,52,18,42,37,23,47,60,54,30,44,22
67,41,29,44,67,51,20,38,42,30,25,42,47,40,52,44,41,50,39,45,20,29,42,19,53,50,53,16,39,17
58,42,29,48,67,56,27,37,41,16,24,37,51,37,45,46,30,57,44,54,20,36,35,18,38,55,64,18,40,22
58,49,23,45,65,49,29,33,37,19,21,42,53,32,47,44,40,49,40,51,27,28,45,17,52,60,53,18,43,23
58,47,28,44,57,50,26,40,39,20,26,31,60,25,52,41,35,64,46,55,19,31,38,20,49,57,56,22,43,13
55,59,32,40,65,52,20,37,35,14,32,46,54,39,44,40,32,51,50,59,22,32,36,20,35,53,61,22,39,16
58,46,31,44,62,58,24,37,38,22,27,40,53,28,48,49,31,60,43,48,19,35,28,20,46,60,54,21,44,18
61,44,29,44,62,50,24,43,34,14,18,40,56,36,52,43,35,55,48,47,28,36,42,15,41,57,54,21,48,15
64,48,28,44,66,56,20,37,29,17,19,39,55,41,43,46,34,56,48,46,14,38,42,19,46,55,56,18,47,21
58,47,26,37,68,54,28,37,34,18,29,43,57,43,46,49,37,53,42,44,22,28,49,12,53,52,56,17,35,18
61,37,33,43,63,51,20,42,32,12,24,43,54,39,48,47,37,52,46,51,24,38,38,14,51,55,62,20,40,15
59,42,33,43,69,50,22,36,39,24,23,42,47,37,54,44,32,59,44,40,24,33,46,16,45,61,54,17,35,22
57,39,31,41,62,57,21,32,43,17,27,43,52,40,45,34,31,58,43,46,19,39,36,14,50,62,56,21,55,21
60,38,24,43,64,60,27,44,43,19,23,40,53,39,51,41,35,50,50,47,18,28,44,16,54,56,48,17,37,23
56,51,27,40,65,52,26,39,32,20,25,39,56,35,51,43,40,52,50,44,20,34,43,16,50,56,59,16,39,16
60,53,30,40,64,55,28,31,40,17,23,39,52,39,45,46,32,57,40,49,18,32,31,19,55,60,62,12,42,21
61,45,33,40,67,57,21,32,38,14,30,42,54,33,40,45,36,55,49,48,19,38,47,17,50,54,49,21,35,22
58,51,33,43,62,58,28,37,50,21,25,34,52,33,45,49,30,62,44,48,25,19,34,15,47,56,55,14,43,21
59,45,36,47,66,58,21,40,34,13,23,38,52,42,47,47,40,52,44,51,18,30,34,19,43,56,54,17,46,20
51,53,32,43,61,59,22,37,38,16,29,40,53,28,53,39,33,55,48,49,15,43,37,22,48,54,52,20,42,20
61,55,23,48,59,56,21,37,43,17,22,41,59,42,48,47,31,56,45,47,21,33,37,13,46,58,57,13,40,16
60,42,36,38,64,56,22,31,44,27,29,40,48,28,49,43,33,62,43,46,16,36,42,19,53,53,53,17,42,20
59,49,26,50,65,55,25,34,40,19,22,40,48,32,50,43,42,56,43,51,21,24,32,18,51,60,54,19,40,24
57,44,32,50,70,60,26,41,34,19,34,39,55,36,45,49,24,58,41,45,21,34,43,16,41,62,52,17,36,11
50,49,35,40,64,58,24,37,36,19,23,36,53,35,48,48,29,56,49,53,24,32,34,20,42,64,54,16,43,21
61,47,25,52,61,60,21,38,46,13,23,36,47,34,52,42,33,55,45,50,20,32,38,21,40,65,52,24,35,24
60,47,36,40,66,57,14,37,35,19,26,44,57,30,44,47,41,57,50,51,17,31,41,13,53,68,57,13,30,11
67,46,30,51,67,56,29,32,37,17,21,38,48,37,45,40,39,56,39,45,19,30,44,14,51,58,60,17,39,20
57,58,32,39,66,52,21,35,38,18,21,42,55,33,49,47,32,55,55,42,18,28,35,24,48,59,59,19,36,19
63,52,34,48,66,56,21,41,26,19,24,45,51,29,48,45,31,54,41,48,28,32,44,20,47,54,53,17,36,19
61,62,26,46,63,57,22,29,43,16,20,42,53,37,48,36,38,60,39,45,21,29,35,22,48,55,58,18,37,26
56,47,25,42,61,63,16,37,41,24,17,40,60,38,43,50,39,53,42,46,19,33,40,17,48,54,53,21,48,19
57,49,26,41,65,58,23,39,45,16,27,41,54,32,39,47,31,54,44,52,22,23,40,16,49,66,49,21,41,25
63,39,30,38,67,55,20,37,38,13,32,35,50,38,44,45,37,57,38,52,21,29,45,17,42,58,65,23,45,19
61,53,33,49,59,60,13,30,28,13,29,35,50,32,44,41,43,61,34,49,25,26,45,18,58,57,54,22,45,25
64,50,24,40,60,63,26,35,41,20,28,39,54,31,47,47,28,52,52,41,15,37,38,22,40,64,57,14,38,25
61,50,33,37,63,58,20,38,41,11,22,40,54,37,51,38,35,51,47,43,16,31,43,19,46,63,52,21,46,25
63,49,25,47,62,54,27,32,39,15,31,39,57,38,40,44,29,56,44,50,19,34,42,19,42,56,58,18,37,26
60,49,30,42,63,59,16,38,42,18,30,39,58,41,42,48,32,56,44,48,19,32,33,17,44,61,54,18,42,17
56,44,29,53,63,61,17,36,34,13,31,30,49,37,49,37,39,54,45,48,19,34,42,21,58,58,48,14,48,25
59,44,30,40,60,59,29,41,42,17,33,44,50,43,47,43,30,49,43,46,21,38,37,19,46,55,54,14,39,20
60,49,36,42,63,55,23,43,46,16,24,42,50,39,43,40,35,53,47,45,16,41,41,13,44,52,51,18,40,25
61,50,23,52,64,49,24,39,45,12,27,41,51,26,43,45,37,60,43,45,18,30,43,21,47,56,59,19,38,24
58,48,30,43,69,56,17,40,42,14,24,33,52,38,50,45,33,61,47,40,23,30,41,21,52,59,56,15,38,17
62,44,24,48,62,56,23,36,43,16,28,32,57,40,46,51,37,53,38,46,14,31,46,18,50,58,50,18,50,15
56,52,31,40,60,62,22,24,37,21,25,44,53,36,41,35,39,57,43,60,18,26,45,22,42,63,52,24,44,18
53,56,28,47,66,53,15,38,39,15,30,43,51,34,53,50,37,52,52,38,24,25,29,20,40,59,57,21,41,26
61,45,31,38,69,62,25,28,34,16,22,45,59,29,46,48,39,50,40,45,23,27,39,19,48,61,56,19,49,19
56,49,35,35,68,52,24,39,42,19,26,47,53,38,45,39,41,52,42,53,24,26,33,16,41,55,55,25,40,22
54,55,31,40,65,66,27,39,35,21,28,40,41,32,56,37,37,55,43,42,23,27,36,21,46,60,60,17,37,21
59,45,36,45,68,56,28,32,41,15,24,47,53,39,41,44,31,55,40,41,19,29,35,19,54,62,60,17,35,22
57,43,32,42,70,62,11,37,40,20,35,42,48,31,56,38,35,58,35,50,17,31,38,20,44,57,59,23,44,17
61,46,28,44,67,52,23,29,33,22,20,43,52,40,50,47,32,58,41,51,24,26,46,15,51,53,60,16,38,24
54,45,33,47,61,57,14,29,38,18,28,41,60,30,42,48,31,51,47,47,23,29,37,18,53,65,61,23,41,21
63,53,31,41,64,57,21,32,38,18,36,35,56,39,40,42,34,55,40,48,22,23,39,17,46,59,58,20,44,21
60,51,33,46,61,54,24,38,35,16,27,35,54,37,49,42,32,51,47,49,19,31,43,20,38,56,62,21,43,18
57,48,28,48,63,58,28,45,33,21,27,33,40,32,42,51,25,50,46,42,20,31,37,24,48,65,56,28,44,22
62,50,28,47,66,58,22,37,34,21,34,40,49,31,45,45,28,55,45,53,17,30,34,21,48,65,54,23,39,11
62,57,28,43,63,61,21,40,36,16,25,39,55,42,50,41,31,57,37,47,23,30,40,18,44,57,50,15,42,22
63,49,33,37,59,62,18,32,44,17,27,37,53,28,53,48,34,55,45,49,23,27,42,23,55,59,54,11,39,16
56,51,27,46,66,56,21,35,43,22,16,48,52,32,49,47,38,50,43,47,16,26,31,20,45,62,62,19,48,18
58,50,30,48,62,52,21,41,38,25,28,37,50,28,40,42,41,58,39,43,21,27,43,20,49,64,49,21,48,19
55,49,29,42,63,56,16,37,37,19,26,38,55,43,50,52,39,59,39,46,22,29,39,23,41,48,57,17,43,23
50,45,31,45,61,52,21,38,43,24,28,35,49,28,54,52,31,56,48,57,19,33,34,15,44,64,52,22,45,16
60,52,25,38,60,67,20,41,38,17,29,39,58,37,44,49,33,50,46,46,25,27,30,20,51,56,57,15,39,23
64,44,24,48,67,51,18,34,40,17,26,42,46,41,45,44,33,57,43,56,22,36,39,20,53,53,62,15,38,14
56,47,29,53,68,50,22,40,45,17,25,39,49,38,43,42,32,60,54,48,15,28,36,21,47,53,58,19,41,17
60,49,29,43,66,60,23,30,29,20,27,44,48,38,48,40,37,56,49,52,20,27,42,17,52,52,61,19,38,16
50,50,35,43,70,49,23,37,51,15,21,39,55,42,46,36,38,50,44,53,21,36,42,19,46,55,50,17,41,18
57,47,30,40,64,58,19,29,38,13,20,47,54,40,52,44,35,59,41,42,23,38,47,18,42,54,55,18,43,25
54,38,32,51,68,55,15,37,41,25,20,49,47,36,44,39,35,57,46,51,19,28,35,20,53,59,56,21,38,23
57,47,24,43,64,43,22,27,49,22,23,36,49,38,49,54,32,56,47,53,26,24,37,23,46,60,65,23,39,14
54,46,26,45,68,50,22,38,46,24,20,41,51,35,43,51,41,55,42,54,25,26,37,16,38,58,58,21,40,21
58,51,36,46,66,63,25,34,41,19,21,33,52,39,42,36,31,61,45,46,14,34,36,19,47,62,54,20,42,19
55,51,29,41,63,54,22,38,35,19,27,33,50,39,53,37,24,60,41,54,24,35,43,19,51,57,57,20,45,16
53,45,29,48,65,54,26,36,41,21,28,36,49,30,52,44,32,60,42,55,17,29,48,14,44,53,57,21,42,21
59,46,38,40,61,49,19,39,37,22,28,40,49,35,50,47,35,56,41,41,17,35,43,17,49,58,54,16,49,22
58,48,26,37,59,52,21,30,43,18,29,40,56,33,41,48,36,58,41,48,24,30,42,21,49,59,60,18,43,24
56,51,37,51,69,56,22,33,31,17,27,45,55,34,48,49,31,50,40,51,24,29,42,22,43,48,47,21,41,22
60,44,33,39,63,58,19,30,31,18,20,37,46,33,46,51,52,62,48,52,19,33,38,16,44,64,61,13,41,21
57,45,27,50,62,57,20,36,43,17,36,42,60,33,48,50,29,61,46,49,23,23,42,10,42,45,60,18,44,17
59,54,28,46,73,56,21,40,32,9,22,32,51,38,48,46,33,61,38,45,24,31,38,18,48,61,58,24,39,19
61,51,27,49,62,56,26,33,39,14,24,37,49,35,46,45,32,56,47,46,21,30,42,19,47,61,52,23,36,26
55,42,28,43,63,59,17,37,39,18,34,39,54,40,45,42,37,61,40,43,19,35,40,19,33,61,61,21,40,27
57,44,30,42,67,61,19,36,50,16,23,38,60,34,49,36,31,61,39,52,22,26,39,17,38,58,65,19,40,23
60,46,30,48,64,51,25,35,43,13,23,45,53,35,46,38,37,55,39,49,25,16,46,20,45,63,54,21,42,25
66,49,32,36,66,64,20,36,38,17,27,37,53,33,49,42,44,59,38,43,19,32,37,18,48,57,54,13,40,25
66,42,27,37,59,54,18,42,39,16,30,43,51,38,46,46,31,49,51,45,15,28,44,18,45,66,54,23,47,22
59,49,32,50,60,59,23,36,37,20,27,42,50,36,40,51,31,51,42,42,17,32,37,18,47,58,53,27,45,21
59,42,30,45,68,51,21,31,28,22,26,31,47,38,52,39,44,58,43,49,24,32,39,16,40,60,58,19,53,27
55,44,30,36,62,54,16,34,35,16,28,43,59,35,45,51,39,57,53,50,19,32,39,19,41,56,53,17,52,22
51,51,30,42,61,56,23,39,41,14,26,41,53,28,50,44,37,59,45,49,20,37,40,16,47,58,55,13,46,20
61,48,27,40,65,56,25,38,32,16,22,35,62,36,50,46,36,57,43,50,14,32,41,19,46,56,54,21,47,17
56,53,33,52,68,58,24,40,42,17,25,43,43,37,52,46,43,51,40,42,17,22,40,18,44,54,56,18,37,21
60,55,28,40,62,55,22,46,37,23,24,43,47,29,54,35,31,61,47,48,13,34,36,24,48,62,59,19,38,12
56,52,32,43,61,55,24,40,38,13,25,43,44,36,48,39,34,59,41,51,16,28,35,19,48,62,64,22,42,22
54,46,27,47,64,63,16,37,44,12,23,38,48,37,43,43,39,59,55,49,24,25,38,20,55,61,54,18,34,19
59,42,33,43,62,52,31,32,43,19,23,32,55,43,48,43,34,55,42,45,29,28,42,18,51,53,57,18,42,18
60,52,35,37,70,54,28,30,39,20,31,37,52,35,45,45,37,62,41,51,14,28,33,18,50,60,56,23,33,16
60,48,32,42,66,60,27,30,36,21,24,43,56,38,52,44,38,59,47,48,20,20,37,15,42,55,55,16,44,17
56,40,39,43,60,56,21,31,37,20,32,39,47,30,51,52,24,54,51,47,26,31,39,19,49,58,58,22,38,22
55,44,33,52,65,55,23,37,44,16,29,38,51,42,45,36,34,57,47,48,15,27,42,19,44,59,57,19,38,21
57,54,35,49,66,62,25,37,31,18,30,36,58,29,49,33,35,55,44,47,17,28,42,17,45,56,52,23,38,24
62,47,31,45,67,56,22,31,37,23,28,43,52,29,48,48,38,58,45,44,20,23,36,19,51,53,60,18,44,14
63,43,22,39,69,49,22,32,44,21,26,36,55,39,43,46,37,58,50,57,15,28,41,20,46,58,56,17,43,17
64,42,27,43,62,55,37,34,37,18,23,45,46,36,53,46,31,63,42,48,23,23,39,17,46,60,57,18,38,19
51,45,30,50,67,54,20,42,37,15,26,37,61,29,49,44,37,56,50,51,14,36,40,19,47,55,52,19,44,15
63,34,31,37,66,57,20,41,49,15,22,34,53,37,46,47,38,53,46,49,22,33,38,17,48,63,56,18,40,19
53,53,21,37,66,52,24,44,36,20,25,39,48,38,50,44,34,55,47,55,16,27,45,21,47,54,56,21,43,21
65,41,22,47,62,63,20,36,41,21,23,44,50,35,49,40,35,57,49,48,19,33,34,12,47,59,57,19,42,22
64,48,31,43,65,56,17,41,44,13,30,35,49,35,50,52,31,52,40,52,19,34,40,23,38,64,57,17,35,17
52,43,24,46,60,56,24,30,38,19,28,40,48,33,55,45,41,53,42,41,20,29,47,19,51,61,52,22,51,22
53,55,35,45,59,61,24,41,34,18,25,41,57,40,40,42,40,59,44,48,15,31,36,17,43,54,59,22,33,21
58,44,28,41,62,55,25,36,39,16,26,36,57,35,46,47,40,58,42,50,11,35,41,18,37,59,69,22,40,19
59,53,25,45,72,50,24,36,42,18,27,36,55,26,50,45,39,54,38,45,14,36,32,21,49,58,60,19,38,26
57,46,27,44,63,62,22,37,39,16,23,29,52,43,51,40,44,60,48,47,27,25,40,15,48,59,47,20,44,17
54,48,31,41,63,54,21,33,41,14,29,43,54,33,59,46,35,57,52,54,11,35,35,19,43,50,62,14,37,24
58,45,36,36,68,56,23,39,40,21,19,41,54,32,45,41,42,53,39,50,22,35,44,19,50,53,53,17,41,20
58,48,31,37,59,57,25,31,44,23,27,42,61,34,50,37,32,55,48,53,23,37,35,13,50,56,47,22,39,18
50,49,40,42,64,63,21,38,41,17,26,45,53,33,49,54,28,52,40,45,16,30,32,15,53,54,61,19,43,19
57,46,35,40,66,60,25,39,45,13,26,38,52,31,42,47,38,58,44,46,17,32,36,11,55,53,56,16,47,21
61,45,30,38,67,61,21,28,46,12,27,36,51,37,48,50,37,58,48,45,18,30,34,18,48,65,57,24,35,17
60,53,33,43,65,62,15,32,34,17,22,40,57,39,50,51,36,51,44,43,16,33,37,21,45,58,60,16,40,19
53,49,32,36,69,57,25,36,32,22,19,37,60,32,47,51,29,68,45,50,20,35,37,19,51,62,54,14,38,13
62,54,31,32,62,50,15,33,41,16,28,38,54,35,50,45,33,58,44,44,19,29,46,21,43,63,62,18,43,23
49,45,38,38,65,53,22,35,31,16,33,42,58,35,51,43,39,57,44,43,23,32,36,19,52,59,53,17,44,20
54,50,28,53,64,59,23,34,36,13,31,43,52,41,47,47,37,59,44,45,18,37,34,19,42,60,45,18,44,15
63,49,24,42,62,60,18,36,37,21,26,44,45,35,42,55,31,51,47,49,23,26,37,21,48,56,53,22,49,20
56,48,23,46,71,54,19,29,46,19,26,37,50,42,45,44,35,59,41,53,22,34,32,23,41,56,63,22,36,20
54,48,39,42,66,60,21,33,32,28,32,34,50,38,42,44,34,57,42,43,25,31,39,17,47,62,54,21,38,19
59,47,30,52,64,61,25,41,39,14,22,40,54,28,42,46,32,63,40,57,17,31,35,19,39,61,53,17,46,18
55,52,22,50,64,52,17,35,41,14,27,43,48,40,43,53,27,59,48,48,16,34,41,15,51,63,52,18,47,17
54,49,33,48,64,58,23,37,39,22,21,36,57,32,48,37,38,60,42,41,14,40,29,26,46,52,59,25,48,14
62,42,35,45,68,60,23,36,31,19,28,40,48,38,50,47,32,64,47,42,19,30,33,15,45,60,52,17,46,18
59,48,23,55,70,57,26,35,34,23,28,40,49,32,46,42,32,60,48,51,19,26,38,15,46,58,47,29,40,16
54,47,31,45,63,52,27,44,33,17,30,37,55,39,52,41,37,55,41,45,25,33,38,16,45,59,53,16,41,21
52,52,31,43,68,54,22,45,29,12,27,35,47,40,57,45,34,59,39,50,25,35,29,19,42,62,55,21,37,26
60,43,31,46,67,49,21,38,42,17,32,44,48,31,46,52,33,57,46,48,19,29,36,23,40,48,59,15,49,23
60,44,29,40,65,55,18,42,46,18,25,40,50,32,48,42,42,60,46,47,17,34,42,14,46,52,64,17,39,18
56,50,27,42,66,53,25,38,42,22,21,38,53,34,46,49,31,56,45,47,22,27,41,20,47,57,57,18,44,18
62,51,23,40,67,59,21,31,32,15,29,42,51,33,55,46,38,58,46,45,20,24,42,19,43,57,62,27,38,16
57,47,30,41,66,57,24,40,36,19,26,38,47,37,51,35,32,55,45,46,20,29,44,18,46,62,56,23,47,18
63,46,26,45,63,53,18,31,36,21,26,43,45,37,48,51,30,57,47,51,25,37,35,12,45,57,58,18,44,24
55,48,29,42,70,58,20,41,38,15,24,33,56,37,46,41,37,55,49,45,18,33,41,18,55,59,59,18,37,15
60,40,35,40,64,53,20,31,38,17,32,38,54,40,50,43,34,55,50,48,24,24,37,16,48,60,58,19,48,16
61,53,32,45,68,61,16,44,30,13,24,40,44,32,41,43,37,62,48,54,25,29,34,11,42,64,50,25,38,26
53,48,27,44,64,55,17,34,42,17,24,45,51,34,52,46,31,54,43,50,26,38,38,17,47,59,59,16,42,19
61,50,32,38,71,54,22,44,35,22,21,34,53,44,40,41,42,58,37,52,21,43,35,20,44,61,54,13,33,17
56,48,31,50,71,50,18,36,30,25,18,40,54,42,41,49,31,57,47,48,19,27,35,16,49,52,60,23,43,26
57,51,24,38,65,62,26,33,40,16,31,45,53,43,49,50,38,51,45,43,22,28,31,15,42,63,51,18,39,23
57,48,25,45,67,57,25,32,43,17,24,41,54,32,56,46,29,52,40,52,24,27,41,18,44,58,57,18,42,21
52,41,31,51,66,55,17,44,34,19,27,41,56,44,42,45,34,61,49,49,19,31,47,20,49,50,51,17,34,16
55,50,31,40,63,54,20,39,40,14,23,37,52,39,44,44,35,55,44,52,21,31,37,20,48,63,63,16,46,16
64,43,35,41,61,50,29,35,35,20,24,34,51,38,45,36,38,56,48,51,24,36,37,15,50,58,59,21,43,15
62,42,19,43,67,56,21,36,36,22,25,44,49,38,44,49,30,58,50,51,26,36,40,15,42,54,51,20,45,21
54,46,31,42,61,57,22,41,38,20,21,39,55,41,51,47,36,62,40,49,19,30,31,18,48,61,54,17,49,12
59,45,36,43,67,58,21,32,45,18,22,46,51,36,49,47,40,58,37,46,19,29,48,16,46,55,51,20,34,18
59,48,31,41,60,53,22,40,41,13,24,41,45,41,49,47,39,58,45,51,18,33,38,18,48,56,62,14,40,17
64,53,26,37,65,60,18,37,33,17,23,35,57,39,46,50,36,52,48,50,19,35,34,17,42,61,58,21,38,21
59,51,27,35,60,53,23,29,41,14,26,39,61,31,43,42,42,56,48,45,18,36,39,23,52,56,54,22,43,24
55,51,29,38,64,58,16,28,35,22,23,39,55,37,48,50,41,50,45,56,23,23,37,14,54,58,59,26,45,13
61,44,28,41,61,57,29,40,41,18,34,37,54,33,52,39,41,58,48,52,15,27,36,14,46,56,56,14,43,17
62,55,34,38,69,49,22,32,34,11,18,41,58,38,60,46,31,51,49,48,13,31,33,20,45,58,64,14,46,22
56,56,26,42,67,63,26,41,39,19,30,41,51,35,36,44,29,57,46,50,17,29,39,26,49,50,55,21,37,15
58,45,36,47,67,59,26,36,41,20,24,43,43,32,44,38,32,58,46,46,24,30,41,21,46,55,61,17,33,23
61,49,34,43,70,57,20,33,38,14,23,34,50,28,45,48,33,61,39,49,17,32,36,20,47,65,61,23,40,22
63,45,33,42,70,58,20,34,30,18,20,41,48,38,53,44,29,46,43,50,27,43,37,13,47,59,57,21,40,23
60,43,32,54,60,57,22,38,31,15,18,36,48,39,55,50,32,56,47,49,17,36,33,16,43,61,66,16,43,19
53,43,34,43,69,56,26,40,37,21,29,36,45,39,48,42,37,56,43,49,16,25,35,19,45,61,62,19,43,21
59,59,19,42,68,60,22,32,39,20,19,36,49,38,56,45,38,56,47,50,25,19,35,17,45,54,56,19,47,21
64,50,26,41,65,56,17,33,43,16,31,40,49,38,53,33,30,56,44,53,25,25,40,20,45,56,56,17,52,18
61,39,28,46,63,54,26,34,46,14,24,41,47,34,50,42,30,61,47,44,17,27,38,20,47,66,61,27,38,20
61,49,31,45,70,56,20,36,38,12,25,39,47,31,46,38,42,55,48,51,19,32,44,24,47,61,55,17,35,18
57,49,35,41,69,61,27,35,38,21,21,40,52,41,40,45,32,57,31,40,23,35,51,20,36,57,53,17,43,25
56,44,36,45,67,58,20,37,40,16,26,37,54,35,46,38,35,58,49,45,17,31,34,18,55,62,61,19,42,11
55,46,34,43,66,51,22,33,48,19,25,34,58,32,47,45,35,59,43,44,20,34,38,12,44,58,51,27,47,22
56,45,24,47,72,55,24,35,48,16,19,42,47,37,52,42,29,48,47,46,18,38,39,20,52,54,60,19,40,21
58,49,36,38,65,45,15,34,34,23,31,44,58,31,51,45,34,52,56,43,21,36,38,13,41,60,59,20,44,18
62,49,27,45,69,58,23,34,39,16,29,37,62,38,44,47,31,56,46,51,13,33,34,24,42,51,55,25,33,19
62,52,27,45,63,62,23,31,37,18,22,34,53,39,48,48,41,48,37,48,23,22,39,17,49,58,60,19,46,21
61,41,34,41,74,62,22,40,41,21,18,34,54,33,50,39,25,57,44,46,12,33,46,16,44,55,56,25,51,17
54,51,33,45,60,56,23,36,36,17,25,44,47,32,52,45,33,60,43,53,14,34,36,20,48,55,57,17,50,16
57,50,28,40,69,56,23,34,40,20,32,42,52,33,51,43,44,55,44,46,15,26,38,18,42,61,56,29,33,15
52,50,28,48,65,60,25,31,43,16,26,33,57,31,49,49,33,58,46,52,22,32,35,15,51,56,59,15,38,17
63,43,31,44,65,62,12,38,43,17,24,33,55,39,44,47,35,59,41,44,21,29,43,15,44,65,60,18,36,22
56,51,25,43,65,55,21,39,39,19,22,47,49,31,53,42,28,58,49,48,21,28,43,19,40,61,54,18,46,22
61,48,24,47,64,57,23,36,34,21,20,37,59,35,47,38,29,61,45,43,22,34,38,20,46,56,60,15,50,22
63,45,29,43,68,56,26,37,40,15,28,38,53,37,48,41,41,55,42,53,22,34,37,22,41,54,52,15,41,16
65,46,25,44,65,51,21,29,35,21,25,40,55,40,44,50,38,54,51,50,14,35,43,15,45,63,58,17,33,20
59,49,36,43,69,54,35,34,37,19,29,38,49,45,47,36,36,60,39,44,14,35,23,21,45,57,64,20,38,17
64,44,28,45,65,54,20,42,31,21,30,43,46,30,39,44,37,58,48,46,23,38,38,18,52,59,58,13,35,23
64,48,30,54,67,56,21,35,35,13,23,40,42,37,48,44,33,57,48,45,19,31,41,17,46,56,52,18,44,28
52,51,25,49,64,60,29,35,39,20,26,35,54,34,53,49,30,51,40,46,19,32,39,18,54,55,56,19,38,20
56,45,31,36,63,54,20,43,36,22,28,38,49,35,38,43,34,56,54,44,17,37,44,24,46,60,63,12,40,24
60,45,28,37,63,53,24,40,41,15,27,39,57,40,43,41,39,61,48,42,22,33,47,14,41,62,52,21,40,17
52,48,29,41,68,55,21,43,40,14,19,33,56,34,55,43,36,53,44,55,15,29,39,23,48,66,56,20,40,17
59,46,33,46,60,58,21,45,38,16,18,46,59,38,44,46,36,58,41,47,18,26,40,13,45,59,54,21,38,23
57,55,27,44,67,55,22,40,35,16,22,44,49,38,45,43,37,58,46,49,22,32,40,19,46,52,55,18,39,20
60,56,27,48,65,46,24,36,42,16,17,44,48,32,46,46,41,57,39,54,21,36,40,16,43,58,61,14,38,21
59,47,34,41,68,47,24,31,39,12,26,41,51,35,48,45,35,56,54,53,18,27,37,17,48,62,55,19,39,24
61,54,34,39,60,52,20,37,34,18,21,38,58,33,55,45,38,61,45,44,16,28,34,24,49,56,57,13,47,21
56,45,30,35,65,62,19,33,37,18,28,42,61,40,42,41,35,57,43,53,20,37,31,20,43,58,62,20,40,19
55,51,33,43,59,51,23,36,44,13,21,48,49,34,40,49,33,50,48,50,26,28,40,22,55,55,53,16,45,22
57,52,25,41,68,53,17,35,40,17,32,36,54,36,42,48,30,59,53,48,18,40,39,21,47,56,57,18,40,13
53,38,31,45,64,59,25,39,37,22,26,44,49,35,49,43,35,53,46,47,17,34,42,19,46,63,53,13,45,20
53,47,31,43,69,53,22,37,39,20,23,43,54,44,42,49,22,57,45,40,24,29,42,19,53,55,56,17,42,22
53,48,30,47,64,60,18,43,40,17,24,36,52,46,62,46,28,57,37,41,15,31,43,22,44,53,60,18,38,19
57,48,25,45,63,62,26,41,43,16,29,45,53,35,44,44,39,51,43,54,25,25,41,15,41,51,56,17,38,20
50,54,34,32,59,57,26,42,30,17,24,55,48,25,43,45,30,60,45,47,23,33,41,24,45,66,59,19,44,15
65,51,38,39,64,57,19,33,38,17,25,49,48,37,47,35,38,57,39,47,15,38,37,21,54,55,56,15,40,18
51,49,24,44,64,54,20,40,41,19,29,41,51,32,49,44,30,61,49,48,19,26,39,18,51,58,60,16,43,22
59,47,30,41,62,52,18,34,37,17,27,39,51,45,42,42,33,64,52,44,20,37,44,13,44,58,59,18,39,24
60,43,34,46,65,54,16,35,39,20,18,42,58,38,42,48,32,57,40,55,17,30,40,20,50,57,56,20,41,19
50,45,27,52,70,56,25,32,39,18,20,38,51,39,45,45,39,57,55,48,29,27,40,17,44,57,54,14,39,20
60,47,28,44,66,57,25,40,34,19,23,23,56,42,51,48,43,57,39,51,22,31,34,22,38,56,56,20,42,18
58,47,34,49,64,61,22,33,40,15,19,45,49,33,46,39,33,60,47,45,22,27,40,19,38,54,58,26,50,19
54,44,34,46,62,55,24,30,36,18,28,38,55,36,42,45,29,59,51,53,18,32,38,19,46,63,58,18,44,17
56,47,39,45,65,51,22,35,35,23,22,38,51,43,38,44,37,67,38,49,17,26,44,21,44,57,57,20,40,21
51,42,33,39,70,60,25,32,47,10,25,30,59,38,49,46,30,51,45,49,15,32,35,21,50,56,55,24,44,29
49,43,27,56,60,55,21,37,33,19,29,49,53,41,54,41,32,56,44,42,27,26,46,16,44,56,57,23,35,21
54,45,28,49,63,67,20,34,38,19,23,46,55,29,48,47,41,49,49,52,18,23,31,16,50,66,61,17,39,15
63,44,27,43,67,56,14,36,32,20,21,31,52,36,54,44,29,53,46,50,20,32,42,25,44,61,57,25,48,20
65,50,34,42,72,61,17,40,35,18,19,42,55,36,48,46,38,52,40,40,20,34,35,18,45,52,54,22,45,17
57,40,31,41,67,56,15,36,39,20,27,39,58,30,53,41,38,57,51,54,15,35,40,15,43,51,64,21,40,18
59,51,32,40,60,57,18,38,40,15,25,47,50,33,50,38,34,58,50,47,28,36,44,21,41,50,55,13,39,23
64,51,36,46,65,58,19,37,31,13,32,38,58,33,43,46,32,52,45,51,19,24,40,25,46,47,56,19,45,21
54,44,30,43,68,58,20,34,31,15,26,44,54,41,49,45,29,55,34,43,17,39,39,20,53,55,59,23,48,22
59,45,33,41,69,57,21,33,39,18,28,37,59,40,43,44,34,61,45,45,18,22,38,12,48,62,53,21,49,18
62,52,21,47,66,52,15,39,37,16,20,35,54,31,51,53,36,55,40,52,17,35,41,19,51,55,58,23,41,18
58,46,27,43,62,54,22,41,46,19,21,35,57,39,43,43,35,60,48,53,18,30,37,24,37,55,65,19,39,16
61,45,27,47,67,58,20,33,36,22,29,41,50,41,46,43,36,59,49,47,22,30,48,16,44,60,56,16,28,15
60,41,28,41,66,59,23,27,37,19,19,42,65,35,56,51,28,60,47,40,17,31,36,20,38,59,58,26,45,18
63,38,32,41,69,55,24,42,44,17,21,37,50,37,37,51,37,63,44,46,15,25,38,16,44,63,58,18,46,21
58,49,24,43,63,54,28,36,35,19,25,43,63,36,48,43,34,53,51,47,18,35,30,17,49,53,57,21,43,17
65,48,36,44,67,62,16,38,42,11,22,35,51,29,47,50,36,58,43,44,25,34,38,14,50,62,51,21,39,14
57,44,38,45,65,61,23,35,41,18,23,43,56,40,46,42,28,58,40,40,18,27,36,21,42,63,55,17,54,16
59,47,32,41,59,52,21,34,47,20,29,31,59,42,41,44,31,59,48,44,25,22,36,14,50,61,59,16,51,18
56,46,24,45,70,59,28,32,36,16,29,35,62,35,39,46,29,54,46,45,23,27,42,26,42,55,63,16,46,20
56,48,33,45,67,55,29,34,36,16,26,45,58,33,37,49,29,65,47,45,18,31,41,21,38,59,60,15,41,15
55,48,32,43,64,43,25,34,43,19,22,32,51,44,56,45,37,57,41,50,20,29,32,19,50,62,62,22,38,17
49,47,28,43,66,59,21,45,38,20,23,37,52,33,53,43,34,54,46,49,23,27,35,13,49,64,57,21,42,21
62,45,29,50,63,61,18,42,40,19,23,43,52,35,45,46,38,55,42,45,19,28,33,15,46,61,56,16,40,25
51,48,22,52,66,56,18,38,41,16,31,34,46,36,48,50,39,56,35,52,20,24,41,26,51,66,52,21,34,22
62,47,22,45,65,58,18,43,28,19,26,40,62,29,41,45,37,52,43,46,14,33,44,21,50,59,54,19,49,21
56,45,27,44,64,60,17,39,37,13,18,47,57,36,48,43,44,55,50,48,23,30,31,19,47,61,54,19,42,18
57,49,27,34,69,56,30,39,35,17,26,38,49,36,54,39,41,55,43,50,15,32,43,14,42,56,55,26,43,22
52,52,42,42,69,56,28,37,45,19,27,42,44,38,47,50,30,57,42,40,11,33,44,13,41,57,57,18,42,17
59,42,28,50,65,61,15,32,36,16,26,46,52,36,54,46,39,61,41,49,20,29,30,17,45,65,55,16,46,15
56,38,22,47,62,55,19,33,35,28,24,43,52,39,48,45,49,53,45,46,16,43,38,25,45,58,58,14,41,15
60,53,25,44,65,51,30,31,38,16,27,37,56,28,43,48,46,50,45,45,22,29,40,25,39,60,59,22,42,16
57,43,30,49,63,51,20,37,34,18,24,37,55,30,49,47,32,66,47,55,17,35,43,19,44,54,61,15,40,20
60,48,29,42,66,52,27,42,32,20,19,49,50,38,47,40,42,59,36,44,15,33,41,21,41,57,59,15,45,23
45,46,28,50,56,50,20,34,35,12,37,39,48,33,50,43,40,59,45,44,25,38,38,29,44,64,59,13,47,21
58,48,28,48,60,62,20,33,40,16,22,43,50,36,43,47,27,52,49,57,20,32,50,19,44,58,52,18,39,21
60,45,31,47,59,53,23,39,35,22,26,42,48,35,46,48,36,57,56,40,22,22,37,18,43,59,53,22,46,22
62,51,31,34,68,57,27,27,41,14,30,35,50,33,45,44,31,61,51,53,16,30,36,25,47,58,55,21,40,19
55,42,28,48,72,59,19,43,41,17,25,32,42,40,43,43,28,53,43,53,19,34,40,20,43,65,56,21,47,21
52,47,28,43,62,52,23,40,44,22,30,41,54,37,45,38,39,59,40,47,21,36,47,22,45,53,49,20,36,20
56,52,28,45,70,51,19,37,42,12,26,36,53,33,52,49,42,56,40,53,17,32,36,12,41,54,66,16,51,15
63,47,35,43,62,50,26,40,32,17,23,36,57,29,44,43,38,57,51,54,18,28,41,20,46,61,53,18,36,24
62,50,30,43,67,54,24,35,38,16,17,38,55,34,47,45,35,52,49,46,15,35,47,18,51,60,56,20,34,19
62,46,31,49,61,52,25,39,50,19,23,42,44,35,54,45,36,55,42,47,22,24,34,21,54,57,56,13,40,14
56,47,26,44,60,57,26,43,46,20,28,39,51,35,46,48,41,59,46,47,18,26,30,20,40,61,58,22,36,16
53,51,27,50,67,59,20,37,38,14,35,36,50,38,42,48,31,52,41,45,19,28,40,18,41,67,57,17,47,24
56,50,27,40,65,50,31,30,42,19,32,45,54,36,50,48,32,61,40,51,17,39,36,17,41,48,56,20,39,20
54,41,26,42,65,58,22,33,52,20,20,42,55,35,48,38,29,53,40,48,26,31,40,26,51,59,53,23,43,19
55,41,31,44,63,57,17,41,38,14,26,45,45,38,49,44,32,54,46,48,23,31,38,20,46,64,57,16,44,25
58,47,26,36,64,52,19,34,34,16,28,43,58,33,47,50,32,57,46,42,19,39,47,16,45,64,55,22,38,25
62,45,32,44,69,52,24,26,49,23,30,39,47,35,45,38,36,63,40,49,20,26,43,22,43,59,51,16,44,20
62,46,35,36,65,62,28,32,39,15,16,38,51,32,51,38,46,60,42,46,17,33,41,20,42,59,53,20,45,22
58,40,29,42,64,52,18,42,39,20,21,37,58,47,44,51,29,59,48,47,21,36,34,21,42,62,58,20,39,14
53,53,38,49,65,60,14,32,38,19,23,41,56,35,52,38,40,59,45,47,18,29,48,17,45,47,54,15,47,15
57,40,33,46,68,53,33,36,38,21,23,36,49,38,56,38,36,59,45,49,15,34,41,17,42,52,59,20,41,17
57,51,31,51,63,60,20,38,35,20,26,35,50,43,51,38,29,52,40,49,24,33,42,15,45,60,56,21,36,21
60,48,23,40,67,52,22,37,37,20,31,33,55,40,47,49,32,50,40,45,19,33,45,21,43,54,59,19,50,21
51,48,36,54,65,47,25,40,38,22,24,35,58,35,38,51,35,54,43,48,17,27,44,13,46,62,58,15,40,23
61,43,25,46,64,50,27,34,34,21,26,34,56,34,46,41,32,50,42,50,23,31,41,24,50,66,61,22,39,19
62,55,31,48,58,52,20,43,46,16,20,33,49,34,48,48,37,58,49,55,15,26,38,17,46,57,54,15,46,16
55,49,35,46,58,53,25,36,44,17,27,36,50,35,40,50,33,63,49,38,23,28,42,19,56,53,52,17,37,26
52,44,31,46,56,57,22,42,26,16,21,42,55,46,53,47,37,55,49,45,18,31,43,25,36,55,60,23,43,16
61,48,28,46,59,59,22,37,36,17,28,39,47,39,47,50,34,59,43,46,21,38,40,18,49,62,44,15,42,18
57,46,26,45,72,52,20,38,44,16,23,34,53,42,52,40,31,57,46,46,22,29,37,19,43,55,61,22,41,23
52,48,29,39,60,55,23,36,38,15,30,48,58,44,41,45,36,58,48,51,19,38,36,16,44,52,51,18,44,20
50,53,23,50,63,53,22,39,36,21,32,33,45,32,52,46,41,55,53,40,20,35,39,16,48,61,55,22,40,17
65,55,27,43,63,52,24,40,43,19,25,40,52,35,45,46,38,58,45,43,14,24,43,15,41,57,58,13,48,21
62,49,29,51,64,55,26,30,39,17,21,42,51,39,50,41,37,59,44,42,19,28,42,15,49,56,51,22,41,21
52,54,24,45,67,58,22,38,42,18,26,28,53,39,52,50,34,59,46,43,14,36,39,12,40,48,55,26,50,22
59,43,36,43,73,56,19,34,41,16,28,45,50,35,41,44,40,61,46,45,19,29,39,14,39,53,60,17,45,22
59,54,29,39,67,55,20,32,47,17,24,40,51,33,53,46,32,59,50,47,14,39,40,20,46,57,46,21,38,17
65,45,28,39,70,54,30,29,44,18,19,38,56,34,45,42,39,53,41,51,23,28,44,17,46,55,57,17,44,21
46,45,31,47,64,55,20,39,40,18,28,31,51,38,43,46,33,64,50,50,20,30,44,18,41,60,50,21,50,19
61,50,34,41,65,55,19,38,42,21,24,42,47,27,48,46,39,57,38,52,17,28,34,15,51,56,53,17,48,27
55,55,33,42,63,51,21,40,42,18,21,45,50,38,39,47,28,48,47,48,17,35,50,19,40,57,64,16,49,14
55,49,33,57,60,51,29,34,36,25,23,36,55,35,49,47,31,56,53,48,19,29,31,19,52,61,57,15,36,11
57,56,29,45,59,57,26,37,38,17,23,32,55,31,50,46,38,59,43,43,19,27,37,14,46,58,64,16,48,22
59,46,34,45,63,51,25,38,38,15,19,38,56,31,46,46,26,56,47,55,21,35,40,18,55,59,61,19,38,12
56,46,30,43,70,57,21,31,41,18,26,34,49,41,47,49,42,58,45,49,22,29,40,16,48,56,49,21,44,14
56,52,29,43,67,55,19,36,42,17,22,30,53,44,49,61,31,48,50,39,16,27,33,20,49,58,53,21,52,20
59,52,23,41,65,50,20,41,30,20,23,35,50,41,41,50,44,56,48,53,15,32,47,27,39,55,55,13,44,23
68,54,32,49,67,54,24,41,36,19,27,40,52,30,48,42,31,58,37,46,21,30,40,24,47,53,51,13,40,18
62,48,35,41,69,52,20,33,32,16,18,33,58,37,47,55,33,51,51,43,14,28,41,26,48,60,55,22,44,20
62,50,27,45,70,58,20,38,33,23,30,39,44,33,44,38,31,52,41,45,19,33,37,19,44,66,58,22,46,25
61,51,33,45,65,60,24,42,33,12,22,42,50,36,47,43,41,56,51,44,19,35,37,17,45,55,47,22,44,13
61,50,32,42,61,56,21,44,37,13,26,39,55,35,41,47,33,52,42,45,22,24,38,19,55,66,55,16,38,27
54,55,29,41,71,56,21,38,41,14,24,46,51,34,48,45,35,53,39,47,9,30,43,23,53,56,58,13,43,22
58,54,35,45,63,54,19,29,39,20,25,38,50,37,44,44,35,56,45,47,13,31,48,16,53,55,53,21,45,20
56,51,34,48,66,51,23,39,43,18,24,45,43,26,50,51,35,56,43,45,17,27,38,18,50,60,55,14,52,14
56,51,31,39,64,50,19,39,41,22,24,35,59,40,47,47,29,55,50,49,24,33,40,19,59,53,52,16,36,13
55,47,29,48,64,61,18,31,44,17,22,28,51,38,46,47,36,58,45,47,22,28,48,12,48,65,55,22,44,16
63,56,34,40,57,66,26,38,33,13,27,41,50,31,44,37,29,54,47,50,22,39,40,19,40,59,52,20,43,22
62,50,30,43,61,57,25,38,36,22,21,37,54,42,44,49,27,56,43,50,20,31,30,21,48,60,53,22,45,15
54,52,28,38,58,54,18,30,41,23,20,45,52,44,47,45,26,56,44,48,25,39,38,23,52,61,54,18,42,17
63,48,29,43,67,52,17,41,35,17,21,36,53,38,45,46,32,54,39,51,19,38,42,21,50,62,57,16,44,16
57,49,33,40,66,61,27,32,43,18,29,39,47,39,51,44,34,53,46,41,16,33,42,15,48,57,56,20,38,18
61,51,30,52,65,60,22,29,37,16,20,42,54,51,40,45,29,62,35,44,22,30,46,20,42,57,55,18,35,22
61,45,32,42,70,51,23,33,40,12,21,34,49,37,52,47,31,51,48,46,20,25,47,25,43,65,52,20,51,19
53,51,29,54,73,64,23,33,39,18,28,42,54,34,39,45,33,54,36,47,23,37,38,16,44,57,51,16,40,21
59,44,28,44,69,55,21,43,36,19,21,42,51,32,52,46,32,50,48,48,17,28,40,14,50,64,58,22,41,18
57,46,31,46,63,52,25,36,37,18,23,43,49,33,49,50,33,56,45,48,22,29,46,18,51,53,57,22,32,22
53,49,29,42,60,56,26,37,45,18,24,32,44,37,51,48,36,57,42,57,22,38,32,15,42,60,61,11,45,23
58,46,30,46,62,51,24,36,38,18,19,34,47,43,45,51,37,59,43,51,22,34,35,11,54,60,55,26,36,21
57,49,37,43,66,56,16,30,31,16,22,41,54,36,43,47,39,49,50,53,21,33,46,14,44,60,61,14,43,21
57,46,25,46,64,57,21,36,44,19,27,40,60,31,53,37,35,54,43,55,21,35,36,19,40,50,56,22,38,25
51,42,28,52,64,53,21,39,43,20,20,36,47,30,53,46,31,56,43,54,23,27,40,19,50,56,61,15,46,26
60,44,30,47,66,57,21,32,36,10,31,39,61,35,46,49,35,58,34,43,22,25,39,23,46,64,58,17,43,21
61,51,30,48,66,58,12,32,37,15,25,40,47,40,41,39,39,57,40,54,17,35,35,23,45,59,60,25,40,21
52,55,33,41,71,65,23,36,39,21,19,46,50,37,45,40,31,61,47,45,17,39,32,18,42,57,52,19,43,16
55,55,24,41,66,64,18,40,39,20,26,36,52,35,48,43,32,58,42,42,23,23,38,16,49,56,57,18,53,23
61,53,25,45,68,57,30,19,42,10,20,42,47,42,52,49,29,47,50,44,22,36,37,16,49,61,64,19,36,20
57,47,34,43,65,52,28,31,41,18,23,40,53,35,42,46,36,62,35,51,20,36,38,17,46,62,58,18,36,22
55,52,31,39,66,52,19,38,37,17,19,39,54,36,41,52,36,51,47,54,31,33,37,13,56,50,65,19,41,12
57,47,27,47,64,60,17,32,36,23,24,35,48,43,36,49,33,61,46,44,22,35,38,21,51,57,51,28,38,22
53,51,32,41,64,57,20,38,36,15,20,43,46,41,50,46,36,62,52,47,18,27,32,22,48,55,57,21,44,18
63,47,31,50,61,53,23,35,29,16,28,39,58,35,52,54,35,53,46,46,22,33,36,18,53,53,55,17,31,20
63,50,36,48,61,48,17,33,35,14,23,31,48,32,57,50,36,56,45,47,17,33,37,25,45,62,53,15,53,22
55,40,30,49,63,53,13,38,43,16,32,51,47,35,53,39,39,58,42,51,18,33,38,15,48,60,57,23,40,13
58,48,31,49,57,63,17,32,38,21,20,39,51,33,49,51,33,54,38,50,24,28,40,18,38,58,62,26,48,18
51,45,29,39,70,56,19,38,43,14,25,29,50,40,47,43,36,66,50,53,22,28,44,21,44,58,53,19,39,21
54,44,37,48,64,57,24,39,41,12,21,43,46,37,54,50,45,54,45,47,19,26,34,19,43,57,56,16,38,22
59,49,33,39,66,59,25,40,35,16,39,35,46,35,50,43,38,56,46,41,24,28,42,16,39,59,61,11,39,23
53,49,35,45,68,51,21,38,36,18,26,38,59,26,52,45,41,52,49,49,15,28,41,16,43,64,53,18,46,17
50,44,35,46,65,56,22,34,36,20,21,43,49,31,52,39,42,50,49,49,19,36,47,16,52,52,58,19,40,20
60,50,23,40,67,53,27,28,43,21,27,33,53,38,48,57,35,57,40,51,16,33,39,20,42,62,56,15,37,21
68,51,28,42,71,49,29,25,36,21,21,45,58,41,42,39,35,57,36,52,21,26,33,22,45,52,61,25,40,21
57,45,31,41,59,60,21,35,39,16,24,36,57,34,50,55,37,48,44,52,25,40,44,14,50,62,42,17,38,19
56,49,23,46,66,49,18,42,32,15,27,34,54,40,54,47,23,53,49,47,21,32,36,24,49,62,56,20,47,21
62,51,24,49,64,54,24,27,37,15,21,43,51,43,49,53,39,57,50,45,16,30,35,15,44,59,58,17,45,15
54,42,29,44,69,46,23,30,43,20,28,40,53,31,48,42,42,58,43,41,23,36,37,16,51,62,63,19,41,18
56,53,28,46,69,63,22,29,49,18,21,34,56,35,54,50,29,54,43,47,14,30,40,21,46,59,53,17,41,15
61,48,26,47,71,53,20,35,39,20,21,40,53,41,49,46,32,47,43,49,14,33,42,20,51,56,57,23,43,12
62,52,32,44,60,53,19,39,37,10,22,43,49,33,42,50,37,48,38,42,18,41,38,24,41,62,66,21,42,27
57,44,27,38,69,58,19,43,31,18,17,42,49,32,52,41,39,55,51,46,21,34,41,24,57,56,59,18,36,18
55,53,32,42,67,53,23,44,44,18,26,32,54,41,42,42,36,64,42,52,18,29,37,21,47,52,52,13,42,19
65,55,31,39,69,52,18,41,42,12,22,49,52,35,43,46,31,55,51,54,9,25,43,17,43,61,59,17,32,24
59,54,19,42,60,59,30,38,41,17,32,31,48,33,48,39,38,58,51,51,23,26,36,21,50,54,57,16,42,19
59,46,32,40,57,60,22,39,33,22,22,38,47,36,54,46,35,61,42,57,16,35,40,25,46,57,57,20,33,15
52,55,35,44,66,56,15,33,49,18,26,41,49,33,45,52,40,53,43,46,17,34,36,20,53,56,55,16,37,17
57,49,35,47,67,52,18,26,36,18,25,45,46,27,51,48,36,56,45,53,18,25,35,24,52,52,64,17,42,26
60,51,29,38,66,55,30,38,43,20,27,42,52,39,39,37,37,54,47,45,17,29,35,12,51,60,59,20,36,24
58,53,30,40,74,53,28,25,33,19,27,40,51,35,48,43,35,57,44,45,20,37,32,16,55,59,59,22,34,20
64,47,36,41,59,47,17,38,41,14,27,39,53,40,52,50,33,64,44,53,17,30,34,24,49,60,44,17,43,15
60,53,27,39,67,56,24,33,40,16,29,36,50,31,49,49,33,50,51,45,16,28,33,17,49,66,50,17,52,26
61,48,22,40,67,50,25,37,34,19,21,40,54,37,43,51,31,65,48,47,19,32,44,18,45,56,54,21,43,20
57,50,26,44,64,53,25,31,43,15,23,36,46,38,49,45,36,55,44,51,25,34,37,16,50,56,56,23,39,25
50,57,31,41,67,58,22,40,37,15,22,37,42,40,54,47,27,55,44,50,23,31,35,19,51,57,57,17,49,17
53,54,24,39,64,54,17,31,40,16,25,47,55,39,51,40,27,57,45,47,17,35,39,20,52,65,57,21,45,16
61,50,25,47,68,57,26,33,36,20,26,43,56,30,48,39,27,56,38,50,17,43,40,21,43,57,62,20,36,17
59,50,24,42,66,59,22,36,32,24,20,40,51,43,35,51,31,59,49,49,18,25,34,20,45,62,55,25,42,24
54,46,27,49,67,61,16,33,41,12,25,28,53,34,52,32,41,61,37,42,17,36,41,19,52,64,62,22,52,16
58,45,21,50,65,55,28,42,40,11,27,44,49,33,47,51,28,56,48,43,22,23,41,15,47,57,56,19,45,26
63,49,29,56,59,52,15,36,41,17,26,37,50,35,53,47,40,54,39,50,19,30,40,17,43,58,56,19,46,16
60,46,28,47,62,47,23,36,40,21,21,43,52,40,53,45,40,53,49,46,17,35,45,24,43,51,51,14,37,23
61,42,29,47,64,50,23,40,41,12,29,37,50,42,50,47,34,64,43,43,11,35,44,19,47,55,56,17,41,19
55,47,30,50,64,58,14,32,40,22,24,35,52,41,47,45,32,65,42,49,20,33,41,18,45,56,52,19,46,18
58,41,36,44,67,64,21,43,36,16,21,45,50,38,48,49,30,55,41,47,19,31,41,13,46,59,50,25,41,17
62,56,28,40,58,52,25,35,38,20,27,44,57,38,42,46,32,53,39,51,17,28,35,16,50,58,54,17,50,24
54,51,24,43,62,52,18,31,39,19,22,33,57,33,45,47,40,53,49,48,25,35,43,17,52,62,56,14,41,27
49,47,30,43,64,62,30,35,39,24,21,40,58,41,49,40,31,53,42,49,20,27,40,19,50,58,51,27,36,17
58,50,27,50,59,56,24,33,34,20,27,31,46,33,51,37,34,65,45,49,17,39,45,19,46,61,63,15,40,18
57,51,27,47,63,57,28,50,37,16,23,31,50,36,49,43,30,58,38,54,18,26,38,21,46,62,52,13,47,24
57,47,32,44,65,62,18,34,42,19,17,36,51,44,48,30,39,61,41,50,23,26,39,26,45,56,60,23,38,19
59,44,21,48,70,51,29,36,45,16,23,40,56,28,52,41,36,62,42,52,24,31,34,15,49,55,53,18,40,22
62,42,26,46,61,62,23,42,37,19,20,37,50,33,52,48,34,55,46,48,17,30,38,18,54,58,54,20,40,20
50,45,28,39,67,55,16,33,34,19,24,42,53,30,44,43,42,63,44,56,22,30,43,17,45,60,59,22,51,16
62,40,29,43,72,54,30,42,42,25,19,51,46,35,46,43,39,48,40,53,17,32,44,16,46,55,48,14,41,20
60,40,40,40,60,55,17,40,37,22,21,38,58,36,39,40,32,58,50,52,16,30,38,22,43,62,58,20,42,26
63,55,33,37,60,60,19,34,35,21,30,46,55,46,49,52,35,45,43,43,24,29,33,17,44,49,59,16,35,25
58,48,28,51,67,60,19,33,36,16,22,33,53,39,53,40,29,57,45,50,24,32,39,15,42,64,55,17,46,21
55,53,35,36,64,59,19,35,45,22,28,43,50,31,49,49,32,52,48,45,16,30,47,18,47,59,54,23,37,11
61,48,28,43,71,56,16,36,41,15,26,38,59,42,40,47,33,50,33,52,21,31,39,21,52,60,55,16,44,18
63,49,37,46,61,61,22,36,32,23,29,37,52,31,45,45,29,55,41,46,26,23,30,28,46,62,60,16,39,22
51,54,29,43,70,54,25,36,37,18,34,45,49,38,49,48,31,52,45,43,23,31,42,16,46,48,57,15,47,16
52,40,24,44,66,56,22,37,41,13,27,34,51,33,52,38,35,57,50,52,22,31,38,25,53,60,56,19,43,21
57,39,31,45,62,60,21,30,45,21,25,33,47,35,54,40,39,55,43,58,21,29,43,19,51,57,58,14,41,19
53,49,29,43,69,54,14,32,35,19,32,31,51,47,53,47,34,61,40,46,19,22,40,21,51,50,63,21,42,24
59,46,33,40,68,52,17,40,37,21,27,33,58,29,49,48,43,52,46,46,18,29,38,15,45,62,59,23,39,20
63,45,34,48,62,57,27,33,40,14,23,38,49,33,44,47,39,49,47,50,20,32,43,25,42,52,52,22,44,18
60,42,30,46,68,65,19,35,39,19,30,30,46,38,43,37,35,55,47,57,19,37,37,13,56,54,58,19,39,19
56,53,25,43,70,50,13,32,44,13,24,38,54,40,45,51,31,54,45,55,19,33,42,16,50,55,55,16,52,18
59,50,29,37,64,46,32,36,44,17,26,48,58,32,51,47,36,58,42,48,15,33,40,14,39,65,49,19,41,17
57,53,36,41,66,57,19,32,33,19,29,44,53,35,51,48,39,51,41,51,18,30,33,21,41,60,56,13,49,16
56,53,30,36,62,63,28,44,30,18,28,39,54,33,48,40,37,51,43,52,11,31,34,18,49,64,55,17,48,20
63,42,23,45,64,61,23,43,42,15,27,38,46,33,54,43,34,61,43,45,18,33,36,22,47,57,60,17,38,19
49,48,27,44,68,56,16,43,38,17,27,42,63,36,43,48,31,50,46,41,20,30,43,16,45,56,64,22,44,19
49,46,28,51,69,55,14,30,33,18,24,32,58,37,54,44,31,56,45,47,20,32,36,18,48,67,57,21,46,26
61,36,31,47,72,57,22,32,40,15,24,35,49,34,49,55,41,59,45,46,20,28,37,24,39,63,60,17,41,13
65,42,37,41,73,58,17,35,40,20,26,37,55,28,44,49,30,53,48,53,28,27,41,24,49,50,54,16,37,15
55,49,28,46,61,49,21,43,34,16,30,40,58,35,45,45,36,55,39,46,26,30,43,26,44,61,56,16,37,22
63,54,32,44,62,56,21,37,39,12,23,34,49,35,48,54,38,52,45,47,21,31,48,9,47,59,51,17,37,27
58,59,28,50,61,55,19,41,43,17,22,40,49,34,37,47,37,56,41,48,14,39,39,10,45,60,57,16,48,22
62,43,28,45,67,69,22,40,34,12,25,41,52,34,48,44,36,58,40,39,19,26,32,24,45,67,61,14,40,25
62,40,37,49,59,61,23,34,34,21,22,47,45,38,50,38,38,56,38,48,28,34,41,20,48,57,48,19,38,19
61,57,25,39,66,60,19,41,37,24,30,40,57,46,42,48,35,54,39,50,12,26,33,24,40,49,62,20,35,21
58,42,35,52,64,57,19,46,40,17,25,34,51,36,52,53,38,52,43,48,17,31,35,15,52,57,56,20,31,16
62,56,25,46,58,60,19,42,38,19,26,42,53,34,54,49,30,61,45,41,20,29,39,19,40,50,58,14,40,23
61,42,31,48,59,52,21,32,47,17,25,36,57,44,44,45,33,58,39,47,22,20,38,19,48,54,63,22,41,27
62,48,29,40,70,64,21,41,39,25,29,41,43,43,47,47,33,61,37,48,18,17,43,17,41,52,57,21,36,22
63,50,20,39,67,52,26,42,45,25,18,43,47,32,47,40,34,59,39,56,20,33,37,23,39,51,63,19,42,21
63,48,37,43,58,53,24,34,36,19,30,37,49,30,47,45,30,58,47,49,19,29,47,27,38,60,53,17,47,18
60,52,31,43,62,62,17,34,40,11,22,38,53,36,46,43,32,59,40,52,26,32,48,22,46,58,51,21,41,14
54,49,31,45,64,55,20,29,33,16,30,38,54,28,52,47,42,55,35,46,20,27,42,18,48,65,55,22,44,28
59,56,30,50,71,53,24,41,33,14,31,36,43,39,48,39,36,50,44,45,20,28,44,14,49,63,55,19,46,12
57,49,31,37,65,58,22,38,42,15,26,40,46,38,48,44,33,51,45,53,17,40,37,16,49,64,54,20,41,16
55,34,37,50,67,56,20,34,33,12,33,30,53,35,57,46,35,56,50,55,20,30,38,19,48,55,62,17,36,19
51,46,28,39,64,60,27,38,38,24,28,44,53,30,42,39,41,63,47,47,19,28,35,19,36,55,59,21,53,18
61,46,34,46,64,47,19,33,41,17,25,48,57,38,43,41,35,58,40,49,23,30,42,15,45,60,54,18,44,19
58,51,25,44,60,58,18,38,31,21,28,30,58,36,43,51,34,58,41,46,27,31,37,20,51,52,62,18,43,22
61,50,31,49,73,52,14,36,39,14,26,42,57,33,39,33,39,51,39,44,25,30,44,25,44,57,64,19,42,20
58,38,28,44,63,57,26,41,40,13,29,37,51,28,54,42,26,61,42,45,16,29,48,21,51,59,61,20,40,24
58,46,30,48,60,58,18,39,37,20,22,43,50,35,45,43,35,57,43,43,14,34,38,18,49,61,58,18,51,21
62,45,23,41,69,61,28,33,36,16,23,43,54,39,48,51,27,54,50,45,24,30,32,20,46,59,52,16,44,21
58,53,34,35,68,64,24,34,38,13,24,45,50,36,50,47,27,54,43,55,20,34,37,17,42,50,59,16,43,22
55,45,35,47,69,52,26,36,36,15,21,35,55,33,56,43,36,59,44,50,19,29,33,19,47,64,59,16,34,24
58,54,31,38,66,54,26,27,36,27,27,41,55,38,49,40,37,53,46,48,21,31,40,18,45,60,54,12,39,21
60,40,33,46,65,56,25,33,47,24,23,32,48,31,44,47,30,52,44,54,23,27,40,21,48,65,53,22,39,20
66,43,35,42,65,52,16,32,39,18,25,43,58,35,49,42,28,52,54,47,14,40,43,21,47,57,58,14,36,21
55,47,27,41,64,56,25,32,36,25,27,47,55,34,53,44,22,52,43,45,23,33,29,29,51,58,56,27,38,18
65,41,33,48,65,48,19,35,33,22,21,44,57,34,38,44,37,56,46,41,21,28,44,19,47,57,61,24,44,20
56,46,30,49,66,54,27,32,48,16,21,34,43,40,46,38,31,55,45,55,19,40,35,21,43,62,52,31,43,14
58,43,27,43,62,61,28,31,40,20,20,33,51,36,50,48,34,59,49,47,19,33,35,18,56,63,56,11,39,22
61,48,28,44,64,54,25,43,30,15,17,40,48,40,49,49,34,55,39,53,21,38,36,16,41,62,56,25,43,18
61,44,18,38,70,53,25,35,43,20,28,46,53,49,36,45,44,57,46,45,24,38,38,22,39,56,53,15,37,14
55,56,29,42,67,52,24,28,46,27,30,32,44,39,44,47,38,49,50,39,17,32,37,17,51,61,56,14,44,25
56,47,29,39,62,58,21,39,36,16,21,41,54,33,41,58,32,55,47,52,14,32,38,21,44,61,53,19,49,24
60,47,33,44,59,51,21,34,35,16,21,40,55,34,47,45,29,59,50,49,25,31,42,21,53,55,52,19,42,23
62,48,23,39,59,59,14,34,34,22,28,36,57,33,46,45,35,57,46,52,24,37,41,19,48,54,55,24,44,17
57,52,33,39,68,57,26,34,39,18,25,40,58,37,40,46,41,58,51,37,15,35,39,23,51,49,48,16,47,13
55,45,37,44,70,55,16,36,47,14,24,33,55,33,49,47,34,59,46,46,15,32,38,16,53,49,54,19,52,19
49,54,26,47,60,54,26,36,32,23,26,33,61,35,48,50,37,53,42,41,24,27,44,21,45,54,58,17,49,20
59,47,28,38,67,50,23,35,51,15,23,34,57,37,51,46,31,48,43,48,22,26,42,23,46,58,62,19,46,17
58,50,26,40,67,62,25,33,34,21,27,40,46,46,43,51,37,59,41,41,22,32,43,17,45,53,68,15,29,21
60,52,31,42,64,52,25,32,37,20,29,33,52,35,50,47,35,59,40,48,23,28,37,19,50,61,46,13,50,22
61,45,24,54,69,55,20,35,40,18,26,41,54,33,41,42,37,57,43,58,15,27,47,17,46,55,53,22,35,22
58,52,38,41,64,53,20,30,33,23,29,31,49,34,48,45,32,54,42,50,19,34,40,25,40,65,63,20,37,23
51,51,34,47,62,60,25,39,33,16,22,43,57,32,45,39,39,59,37,46,15,29,41,20,59,60,51,22,42,16
66,54,28,45,72,51,21,35,34,27,32,42,45,31,41,46,31,61,36,46,19,33,32,26,44,57,57,17,44,19
57,46,33,50,60,58,17,38,34,18,26,34,52,38,50,48,30,54,49,50,19,26,38,19,50,60,55,17,43,23
59,51,23,40,63,62,21,34,37,22,22,40,51,43,54,47,38,55,38,41,16,32,43,23,43,53,54,24,40,23
59,53,29,41,67,48,25,40,36,12,28,38,49,35,44,45,38,62,44,39,20,29,43,27,48,60,49,24,45,15
58,38,31,47,58,56,21,36,42,15,21,40,45,36,48,41,43,57,52,50,24,36,46,19,45,56,54,16,42,19
56,49,32,49,64,60,19,39,42,16,31,36,55,37,48,47,31,60,38,51,19,29,35,13,30,54,56,24,53,19
53,50,30,37,68,53,21,32,43,22,19,40,55,35,51,46,39,61,38,52,19,31,42,20,37,59,60,17,46,16
58,52,30,48,61,50,31,33,46,15,25,43,46,32,48,44,38,57,42,50,22,21,46,12,51,59,58,21,33,20
57,45,35,50,67,49,16,34,37,16,30,42,44,34,52,42,34,63,42,51,18,32,41,14,49,58,62,18,39,21
54,39,27,45,62,51,15,29,37,11,24,45,55,36,46,42,35,59,44,45,26,37,42,22,59,54,59,18,54,20
60,51,35,42,70,60,14,32,36,25,21,40,49,37,40,45,39,53,45,48,19,29,39,19,38,62,50,23,48,23
62,40,26,44,66,56,26,39,32,17,21,40,47,38,50,39,39,52,47,49,21,25,45,19,48,56,63,29,42,14
65,44,30,46,62,51,19,38,36,16,27,39,57,39,44,49,44,57,41,52,18,32,37,26,37,56,51,15,45,19
59,37,24,43,62,51,20,40,39,15,32,41,53,39,53,43,33,57,50,46,17,35,37,15,45,57,61,20,40,28
55,51,31,49,68,60,26,40,33,17,37,36,52,40,53,37,26,61,40,49,15,30,38,18,41,59,53,17,40,20
53,46,27,40,66,52,20,41,36,15,28,45,46,36,52,51,40,56,43,48,23,28,38,22,50,52,54,25,34,25
62,40,30,46,64,52,24,37,36,24,24,46,50,39,49,42,27,50,36,50,21,26,34,28,52,61,59,18,46,19
61,48,26,47,62,56,20,37,40,22,30,38,50,39,46,49,40,58,43,46,21,27,34,17,42,60,56,16,41,20
55,44,33,40,67,55,28,33,35,21,23,35,55,35,50,43,39,56,48,47,24,31,33,18,47,62,52,20,43,20
61,46,33,46,57,53,22,37,41,14,27,40,51,36,53,44,40,50,40,46,24,30,43,21,48,56,58,21,38,16
64,45,32,43,63,60,24,33,44,13,27,41,59,32,50,48,38,50,48,46,20,31,36,13,47,56,54,12,44,19
54,39,29,42,64,63,22,36,32,17,28,47,55,41,52,46,41,61,43,41,20,27,41,15,47,57,51,18,42,21
56,53,27,40,62,53,17,29,47,17,23,45,53,36,49,42,25,53,46,52,20,34,43,18,51,57,54,23,49,18
60,46,28,44,67,54,18,40,40,20,25,38,55,39,50,49,38,56,50,47,19,28,33,19,47,52,48,13,47,22
64,43,27,45,60,50,25,36,45,22,29,40,54,28,47,46,26,57,48,44,23,29,45,18,48,54,63,16,41,19
55,45,22,51,67,56,18,39,36,18,26,40,51,37,52,48,33,51,45,45,22,29,41,25,50,50,54,17,51,18
63,47,29,50,68,52,18,42,38,12,24,41,53,31,47,49,34,52,39,52,17,36,43,20,41,58,55,15,46,20
52,44,30,47,69,56,22,37,42,22,23,40,51,42,50,38,31,54,47,44,16,29,44,14,49,63,56,17,46,17
60,54,33,41,63,54,25,36,43,14,26,36,48,35,47,47,33,61,41,50,15,29,42,13,46,56,60,19,42,23
52,49,30,41,59,58,17,34,42,21,30,46,47,33,55,40,39,61,44,54,30,31,33,18,42,56,58,17,36,19
62,46,24,45,62,57,19,36,42,18,24,49,52,38,44,40,36,57,45,49,23,29,43,19,55,53,57,18,37,13
56,43,32,38,58,50,16,35,42,19,21,43,52,39,52,40,41,60,53,46,24,28,35,19,52,63,55,20,44,16
59,56,29,45,65,52,25,43,40,22,19,34,51,31,41,46,34,52,41,47,22,41,38,21,42,55,62,20,39,20
55,49,39,42,67,50,26,25,47,20,26,39,52,38,51,43,36,65,36,46,18,30,33,24,41,58,53,23,38,22
51,50,27,47,66,57,16,30,48,15,24,39,56,38,52,38,34,52,42,51,24,36,45,16,46,61,55,26,39,11
54,44,35,44,68,56,27,41,35,21,26,38,56,31,42,39,39,55,46,47,20,29,35,16,51,58,63,18,41,17
55,49,33,43,64,58,19,34,36,19,21,37,54,36,49,43,35,58,37,49,16,35,41,17,53,58,57,22,43,21
57,52,32,41,64,54,16,34,44,12,24,50,50,34,39,49,29,60,54,49,19,30,41,18,49,56,57,17,40,21
49,44,35,44,61,53,23,46,36,12,17,38,61,42,48,50,37,61,48,38,18,31,47,26,52,48,52,16,47,12
66,45,37,45,66,46,27,29,40,16,26,42,54,39,48,52,37,50,47,43,16,24,40,27,35,56,58,17,42,22
55,50,31,49,63,53,21,39,37,17,27,42,50,36,47,46,33,57,40,45,26,31,28,23,40,62,67,18,42,17
60,54,33,44,70,56,19,30,41,21,26,44,56,34,47,49,31,51,44,47,18,28,42,23,42,58,58,17,32,17
57,40,31,50,59,54,17,44,40,13,21,36,45,37,50,48,32,59,50,49,19,29,45,19,51,50,58,22,46,21
61,44,29,47,71,59,26,40,44,15,27,43,48,34,47,35,33,56,40,48,23,29,38,18,44,59,63,18,35,18
62,42,33,42,71,50,21,39,38,15,29,41,50,29,46,44,32,62,45,49,20,32,38,19,42,62,54,21,38,26
57,45,30,47,70,50,22,35,44,19,18,49,47,37,45,48,31,54,53,49,19,28,50,22,47,53,54,11,40,18
54,48,34,36,71,57,31,38,42,19,25,35,47,34,44,48,36,52,48,49,21,28,44,19,37,53,54,24,46,18
55,40,31,52,69,58,19,39,44,22,24,34,58,40,42,49,30,52,38,46,22,32,42,16,52,58,50,15,44,19
59,57,22,47,64,59,17,30,36,12,22,38,53,40,44,43,35,58,42,47,21,34,40,19,49,64,56,17,43,24
57,46,34,46,58,60,17,33,33,19,25,40,52,31,49,44,31,56,48,49,29,30,38,18,48,62,59,19,43,18
60,50,24,48,64,52,22,30,35,17,25,41,55,32,47,42,38,53,44,52,19,34,42,21,54,55,59,18,39,20
54,43,23,48,61,54,21,37,38,16,36,42,58,34,46,43,40,54,50,47,20,31,38,18,46,55,52,18,45,24
62,49,31,44,65,60,22,34,38,13,27,44,43,34,42,40,39,63,39,42,21,34,43,21,46,62,51,16,43,24
58,54,24,43,63,57,25,46,42,25,21,41,55,28,47,44,32,56,44,40,22,29,36,16,37,62,58,24,43,20
62,52,27,44,62,59,24,37,34,13,16,50,52,32,44,51,39,55,42,43,26,31,42,17,46,54,57,24,42,15
56,47,26,53,62,60,19,39,44,13,26,42,57,41,49,51,38,56,41,44,20,28,34,11,51,54,59,19,39,13
64,46,32,38,67,59,26,36,36,15,23,41,54,31,48,51,31,56,37,45,16,31,46,24,51,54,59,17,38,20
61,42,28,39,64,62,22,32,40,19,33,39,56,30,50,37,34,54,45,53,20,34,36,15,50,55,55,21,40,26
60,48,26,48,59,51,19,33,42,15,21,42,54,39,50,43,37,54,51,38,23,31,38,22,51,58,60,17,48,14
53,44,26,48,62,65,17,42,40,17,23,39,56,42,51,43,29,56,40,51,26,30,36,17,46,56,51,24,42,20
58,45,31,35,67,60,16,30,41,21,27,37,52,35,42,44,37,56,49,42,20,36,45,19,49,55,56,22,40,25
53,49,25,36,65,60,23,38,46,17,23,40,51,33,46,46,37,61,45,42,23,30,31,21,47,55,57,23,45,24
56,47,28,45,68,57,19,35,35,19,32,27,59,40,38,45,39,62,45,43,20,34,35,16,46,64,53,18,44,23
51,53,24,40,62,56,25,43,40,17,22,43,53,44,48,41,39,56,46,48,17,25,36,26,46,59,53,18,42,19
63,41,37,46,68,51,18,44,40,11,20,33,49,32,46,51,34,61,49,41,27,32,46,18,47,55,53,15,40,24
51,51,37,43,64,52,16,36,39,17,20,37,48,34,48,36,37,62,44,52,16,32,40,30,49,56,52,24,48,21
62,50,27,41,64,56,24,35,27,15,26,31,58,40,44,38,33,52,51,50,26,27,42,18,49,63,54,26,44,19
59,51,28,44,60,51,23,45,35,19,33,31,58,39,37,48,36,57,42,43,17,29,37,25,44,55,64,24,43,15
62,46,29,33,68,56,18,38,42,18,27,36,56,32,46,46,41,57,45,45,19,26,38,21,52,54,53,17,51,20
55,46,33,46,66,54,30,33,39,22,23,43,53,33,57,35,32,59,46,40,22,32,39,22,35,59,57,22,40,19
64,55,31,44,64,58,16,38,37,21,21,36,51,40,47,43,31,54,40,46,19,35,40,21,47,60,55,24,35,19
55,42,26,39,67,56,20,39,40,18,24,51,47,38,43,50,35,57,47,42,21,31,41,20,45,59,58,13,40,28
59,49,28,45,71,53,15,42,46,16,22,37,52,35,44,45,37,56,41,56,18,23,48,12,41,54,52,21,51,23
57,54,30,46,67,51,18,28,35,18,20,42,56,35,43,44,35,60,45,47,16,35,37,19,47,59,57,23,51,17
53,43,28,40,58,61,21,38,40,20,24,35,52,40,49,46,37,55,49,44,18,35,41,21,43,53,64,20,47,17
61,53,30,47,64,53,17,37,30,11,28,41,52,40,48,53,34,56,44,47,22,32,36,17,53,58,55,15,44,14
62,49,33,49,64,55,25,37,37,26,20,40,53,50,49,39,31,53,40,43,14,34,39,18,44,51,50,21,41,25
60,45,28,43,61,56,16,49,44,18,27,36,51,26,44,52,26,63,44,47,17,39,32,25,51,58,58,17,40,19
61,41,38,45,65,55,20,45,43,17,22,31,51,33,52,51,37,53,46,40,15,29,31,21,51,58,56,24,41,20
60,49,35,47,64,57,17,32,31,24,20,33,51,42,45,47,32,47,41,54,23,28,40,13,44,62,59,29,45,21
58,51,36,50,71,51,18,31,37,21,22,45,52,33,42,46,35,62,44,43,20,29,43,17,50,51,57,19,34,24
56,41,30,39,64,52,24,44,45,16,26,40,59,32,45,42,35,50,53,44,16,31,45,17,50,60,65,22,33,16
61,41,34,40,63,51,19,37,39,22,26,37,50,37,59,44,29,55,45,46,15,29,46,16,48,54,66,15,46,22
60,43,26,51,57,56,20,35,37,17,26,29,51,42,49,48,24,54,49,52,22,35,46,17,54,61,55,25,32,19
59,45,36,39,70,56,18,38,42,12,23,50,53,37,46,41,26,56,44,52,18,33,42,15,43,54,56,22,49,17
63,48,26,41,56,61,26,41,40,20,20,39,51,36,45,43,34,58,49,50,20,30,39,21,46,55,58,21,37,18
55,47,38,45,77,55,25,40,35,17,25,39,46,34,39,41,37,54,36,49,26,23,46,20,47,48,61,20,40,27
59,51,30,48,62,53,19,36,35,18,26,43,54,41,46,47,36,58,42,49,22,36,43,17,41,54,50,14,45,17
57,53,33,50,63,55,24,37,32,20,30,29,55,43,42,45,39,59,38,50,24,25,35,21,47,56,61,14,33,22
60,53,31,48,68,54,19,38,40,18,28,34,51,30,47,42,36,60,39,40,19,33,36,21,51,58,54,20,43,21
59,53,34,43,63,54,27,38,39,20,26,44,46,35,47,46,23,53,52,55,20,29,43,18,41,56,52,17,39,20
58,52,29,45,67,59,24,36,38,18,21,43,53,33,49,46,32,51,43,48,16,29,39,15,52,59,59,19,37,22
55,51,28,41,56,56,21,38,42,22,22,37,54,38,41,43,40,58,44,49,22,32,39,16,52,61,63,14,40,17
55,53,29,40,64,59,21,31,41,16,27,47,49,40,48,41,40,59,49,52,23,26,42,22,48,57,47,14,32,20
51,39,27,36,60,54,21,35,39,15,24,40,62,35,49,50,32,56,54,50,24,29,41,21,48,62,53,23,37,25
59,54,31,42,62,54,17,36,37,19,22,47,53,35,46,58,39,52,46,48,11,34,38,21,44,57,56,13,45,16
59,50,26,35,63,59,26,39,43,21,26,43,50,29,48,38,33,63,48,44,16,20,38,21,44,58,64,19,49,20
63,44,27,39,72,53,25,36,42,22,21,36,50,28,44,43,27,60,44,49,23,29,46,18,52,63,58,18,38,22
53,46,33,37,67,51,29,31,37,19,22,38,53,38,48,48,41,51,56,49,17,34,38,16,42,57,62,21,40,18
56,51,31,44,64,60,21,27,34,20,26,44,54,37,49,47,40,55,44,46,17,29,38,17,44,51,54,27,47,18
56,43,27,42,63,62,22,35,37,16,25,42,57,33,39,41,37,55,41,55,16,33,38,14,48,59,67,12,51,26
60,47,29,38,63,56,21,40,33,20,23,35,48,37,52,47,29,64,48,44,26,35,39,17,53,53,52,22,34,27
58,51,28,38,65,54,19,35,38,15,26,45,46,41,44,41,34,56,38,40,20,36,37,17,60,60,53,25,50,22
61,56,32,37,62,62,22,37,40,14,18,33,57,34,47,41,30,53,38,50,31,30,47,18,41,62,57,25,38,19
61,46,38,52,68,67,18,35,37,21,25,40,51,38,45,37,32,56,41,55,12,28,29,23,38,59,59,24,34,23
58,46,34,48,69,51,20,34,37,15,24,33,59,35,53,41,34,46,45,47,20,29,36,16,51,65,57,24,45,20
59,43,32,47,63,52,18,38,43,16,26,40,51,39,44,49,33,48,47,47,17,28,46,23,56,55,53,16,45,18
61,53,29,40,70,50,24,34,38,13,26,39,46,40,58,49,37,56,39,44,20,36,37,22,49,52,60,11,34,25
62,48,21,49,65,60,21,33,36,22,24,36,57,33,47,47,32,55,48,52,19,25,43,14,46,57,61,18,32,29
59,44,33,44,64,49,20,42,34,22,19,32,52,40,54,38,37,62,44,43,14,31,46,17,52,61,55,18,44,22
59,37,33,41,67,49,22,36,38,14,28,43,50,38,52,37,33,58,54,41,17,28,45,23,49,60,58,20,40,22
55,50,35,52,71,54,20,40,38,20,28,39,57,33,38,43,41,56,44,46,17,32,41,14,46,54,52,19,43,14
56,49,29,44,66,51,24,35,37,14,26,37,51,30,50,48,35,50,41,49,20,31,47,12,55,55,62,17,44,27
59,43,25,42,66,58,21,35,42,16,24,28,59,32,39,44,34,65,41,53,21,33,47,27,44,57,56,18,44,19
61,50,29,46,64,49,24,30,38,10,25,41,55,40,45,46,35,62,45,49,27,26,34,17,50,61,54,21,40,18
55,45,29,49,61,57,25,41,32,15,22,35,49,34,48,39,33,52,53,51,17,31,43,18,48,66,64,18,42,20
59,41,26,36,69,53,24,32,33,23,26,30,51,34,52,44,39,59,49,51,21,27,38,19,57,64,58,18,41,18
55,47,22,40,66,47,21,37,31,22,27,37,53,33,49,50,43,55,44,47,18,31,36,20,53,65,63,17,45,18
62,42,31,42,65,51,25,39,32,16,30,37,59,35,51,44,37,58,51,44,16,32,38,20,56,56,53,23,29,18
63,48,30,50,68,54,23,36,42,17,20,42,47,42,39,46,36,55,47,44,20,34,35,19,41,59,58,19,38,20
57,53,30,33,62,55,15,40,45,12,25,34,52,42,52,38,37,60,42,52,15,39,38,20,47,62,55,17,42,21
62,48,31,44,62,52,16,29,40,18,33,42,46,32,49,46,39,50,46,53,19,34,39,16,50,60,47,28,41,20
63,53,23,47,57,54,26,37,35,22,26,36,52,38,43,40,34,55,49,49,23,25,39,16,50,61,60,16,42,21
58,51,26,48,67,68,23,36,41,14,25,43,49,35,46,44,40,53,41,45,22,28,39,16,42,64,57,17,34,20
60,47,24,34,70,48,24,41,33,17,26,45,50,40,55,32,41,54,46,52,21,26,38,17,50,61,61,20,40,19
61,56,30,40,63,61,22,35,38,20,30,45,50,28,42,43,43,59,47,50,15,32,37,12,49,51,59,17,40,17
57,45,29,47,67,62,29,38,35,18,21,35,47,37,44,41,42,54,42,52,24,30,39,20,46,59,56,17,42,17
62,41,33,41,68,58,19,45,37,22,20,51,54,36,56,42,34,52,39,42,13,28,40,14,53,54,57,17,45,19
59,49,36,40,68,60,25,38,43,25,22,44,55,30,50,39,32,53,41,41,24,31,37,17,43,58,60,15,34,23
55,46,35,49,65,52,20,30,39,20,24,39,55,40,47,44,30,51,40,47,33,30,34,24,46,58,56,20,43,20
59,45,25,47,66,51,21,39,38,23,23,41,51,29,56,41,33,59,46,52,13,31,44,21,56,52,59,19,39,13
61,47,35,37,62,58,15,40,41,14,28,40,48,36,42,44,42,57,49,54,19,31,38,23,41,67,54,17,35,17
48,48,33,43,72,55,18,35,38,18,16,36,57,41,46,53,38,56,36,45,23,35,40,13,47,56,62,21,40,23
57,53,28,44,68,53,19,36,40,14,19,36,53,39,50,44,37,52,43,40,24,29,39,18,50,57,58,23,48,21
57,43,30,44,58,56,21,39,31,19,28,34,50,36,52,51,38,58,45,47,20,35,47,16,42,59,53,24,38,21
61,46,30,45,69,53,23,37,44,16,25,36,58,36,43,41,33,52,49,49,18,31,37,16,42,62,57,17,46,20
61,41,31,39,66,59,25,32,40,16,23,43,51,28,48,46,39,57,45,43,19,31,42,26,37,55,64,17,47,21
53,54,28,44,67,60,20,28,36,15,22,43,53,32,52,42,42,56,45,50,23,25,42,19,46,54,61,19,41,20
61,44,31,45,64,57,18,30,39,21,25,38,55,40,44,52,34,63,43,50,23,27,39,12,43,51,60,24,41,18
63,42,27,45,61,57,26,31,36,10,25,34,54,36,51,44,32,51,39,51,25,36,37,25,49,62,65,18,42,18
60,45,30,47,61,59,21,37,34,13,23,38,58,37,47,48,35,51,48,49,21,27,36,12,49,56,67,21,48,14
60,45,34,42,64,54,19,48,35,22,27,40,48,39,45,41,33,56,41,44,24,30,35,23,44,59,55,16,45,24
62,43,25,40,66,57,24,39,37,16,21,40,60,27,49,46,32,51,42,50,16,39,38,21,48,61,56,16,46,24
56,53,30,50,66,58,20,36,37,25,26,41,60,39,48,46,28,49,42,42,22,26,38,19,44,65,51,19,35,21
59,48,29,45,66,58,23,37,43,17,26,42,48,39,48,50,33,52,41,38,19,37,36,20,43,59,52,21,43,20
57,49,35,43,62,51,14,37,34,17,30,33,48,46,57,49,34,62,46,48,21,28,32,23,51,58,57,15,36,19
59,47,28,45,61,56,18,42,40,22,30,37,51,38,54,44,27,59,44,43,21,24,42,12,47,57,55,24,42,23
55,40,33,46,68,59,21,34,34,18,23,44,52,30,44,38,33,56,50,47,18,33,42,17,47,58,63,24,43,22
58,45,29,40,67,60,25,32,36,14,28,36,55,41,44,46,41,57,46,52,23,25,40,16,51,60,52,21,35,17
55,55,26,42,70,56,22,40,38,17,28,30,56,35,39,38,42,53,42,51,19,32,41,20,46,58,55,25,45,16
55,48,36,39,67,53,11,33,43,12,24,38,59,46,47,36,45,54,38,50,22,27,42,16,43,56,59,27,47,19
58,53,31,39,62,57,23,42,35,17,28,44,52,40,45,43,33,48,39,45,22,39,38,19,48,64,48,20,36,24
61,46,30,44,68,58,20,38,47,23,29,34,54,38,47,45,33,63,47,43,22,25,39,14,42,56,49,12,44,21
63,39,31,44,65,53,14,40,41,18,25,37,50,38,47,45,35,58,41,47,21,35,41,18,43,60,57,27,42,17
54,43,34,42,69,57,23,38,38,19,15,43,57,36,51,54,30,54,48,46,24,26,40,21,41,55,55,21,35,23
56,42,29,43,70,59,16,42,37,18,26,36,50,31,46,35,29,62,49,55,17,33,32,14,55,61,55,26,42,26
62,45,26,47,68,58,24,36,33,17,23,43,59,30,54,47,35,55,39,59,19,29,39,10,44,56,53,19,44,19
50,53,40,41,71,61,30,41,42,15,28,38,55,34,44,42,35,55,47,44,16,38,34,12,44,53,57,17,44,11
60,44,24,41,68,59,14,33,39,18,24,39,61,39,50,50,32,61,34,56,15,32,42,21,44,59,54,22,43,14
61,50,21,46,65,54,28,32,41,21,15,42,57,36,52,44,28,57,44,48,19,28,35,21,53,60,57,17,44,16
60,52,30,43,70,50,17,42,39,21,23,36,47,41,47,47,28,65,45,54,20,29,36,15,47,55,53,16,42,22
58,47,26,47,65,56,18,38,39,18,22,42,55,37,45,43,30,56,48,47,24,34,43,14,48,52,55,26,45,14
60,51,27,40,63,58,27,36,42,23,23,32,43,35,41,43,29,65,51,50,27,32,40,19,47,61,54,14,41,18
63,48,33,39,56,67,22,42,42,18,22,41,51,36,46,38,42,60,42,41,24,26,35,14,55,60,54,16,39,20
62,49,30,46,62,49,22,36,45,15,29,43,58,35,43,44,31,55,39,51,27,26,41,21,38,56,64,11,40,24
53,50,30,49,65,58,20,27,37,19,25,43,49,32,49,45,40,60,42,46,25,35,35,17,45,58,60,19,40,19
58,45,27,41,68,52,26,34,47,25,24,41,50,35,41,45,32,56,46,45,26,21,41,22,43,57,55,22,49,18
55,52,29,41,63,54,27,41,34,17,18,42,55,40,45,45,40,50,50,44,19,33,41,17,40,62,59,14,42,23
54,44,31,46,66,53,22,43,29,18,26,29,52,47,49,47,32,63,50,48,14,36,39,20,48,52,56,14,46,18
60,43,26,47,63,52,13,44,36,11,25,48,50,44,48,42,41,54,45,55,22,34,37,16,48,52,58,22,38,18
62,46,39,49,66,48,26,34,37,19,24,45,55,31,46,45,36,59,40,41,18,34,45,22,39,57,49,21,41,18
62,48,26,40,63,60,24,34,44,14,22,41,45,36,57,48,39,62,41,50,22,29,39,21,42,56,52,12,44,19
50,40,23,44,62,56,21,37,42,16,24,43,59,40,43,51,34,66,43,51,15,31,40,19,51,57,52,18,40,24
61,44,28,41,71,55,22,33,45,10,24,42,51,38,41,44,36,55,52,46,23,33,38,17,50,51,62,13,40,26
52,45,29,43,67,59,26,40,44,8,15,33,51,36,48,45,40,62,49,48,23,35,37,20,48,54,58,19,38,20
65,40,33,42,72,59,25,29,38,21,21,46,47,38,48,38,31,57,45,49,19,31,35,17,48,54,58,17,46,23
61,43,29,48,65,61,17,43,34,22,22,39,47,39,40,41,30,61,44,51,18,39,42,16,43,58,60,17,43,19
61,47,29,48,60,53,19,34,31,16,23,41,57,40,53,50,30,60,44,51,18,32,41,16,53,60,59,20,29,17
54,42,28,45,73,65,18,33,38,16,19,28,57,42,39,41,51,49,37,53,20,29,36,17,53,56,63,26,40,24
62,52,36,41,66,55,21,27,29,16,32,46,53,36,47,41,40,52,45,46,18,33,43,20,43,58,55,20,38,21
56,54,32,44,69,58,19,33,38,15,24,34,48,32,48,57,34,56,47,47,18,30,37,21,48,58,54,11,51,19
61,50,24,41,64,54,22,38,42,18,23,38,48,32,45,46,47,57,52,48,18,31,33,19,43,61,51,21,48,17
64,40,27,49,67,55,21,37,48,18,24,41,47,35,48,41,33,57,42,47,22,30,33,20,53,64,50,18,45,16
64,42,30,44,58,64,17,35,43,22,25,30,55,38,49,52,30,56,48,49,19,33,33,17,48,58,60,15,39,19
61,51,31,42,64,58,18,32,37,21,31,40,60,39,46,43,35,58,44,44,19,24,39,20,44,57,59,24,36,15
60,47,26,48,66,58,20,43,34,17,27,39,46,31,45,48,43,53,45,44,27,31,36,20,46,59,53,19,44,17
58,43,27,40,65,55,25,29,36,16,24,42,55,46,45,37,28,55,48,53,20,41,46,19,45,52,55,20,48,19
65,42,30,44,67,61,18,37,44,19,27,35,59,34,50,38,34,51,39,44,13,40,34,15,47,67,54,18,49,17
53,52,31,39,67,54,17,39,40,13,33,43,54,27,46,43,29,59,51,48,17,32,43,19,46,59,59,15,44,20
55,49,28,38,72,53,24,35,35,16,24,34,48,37,45,48,37,60,47,48,26,31,34,22,47,52,62,18,52,15
54,45,19,49,58,56,23,40,36,20,27,40,47,41,53,48,37,57,45,56,17,28,41,18,42,55,56,21,38,25
59,51,31,47,65,51,27,33,43,22,20,41,50,33,47,46,28,57,41,52,19,37,40,18,45,60,52,20,38,19
60,49,26,53,67,58,26,34,43,14,29,37,51,36,43,45,26,58,38,49,19,33,36,16,49,64,55,17,45,16
59,42,33,48,69,57,25,39,40,14,25,40,49,40,52,33,42,54,41,46,15,26,38,23,51,54,53,18,48,18
65,53,30,46,60,57,21,36,35,17,23,35,54,29,49,38,36,56,45,50,18,30,41,20,50,56,61,21,42,18
64,54,30,44,62,53,18,42,40,19,23,37,49,37,46,48,30,52,49,41,20,30,43,19,50,56,49,18,51,18
54,46,27,48,67,54,22,36,36,15,29,36,58,36,55,46,31,54,43,49,15,33,39,17,47,59,58,25,37,20
64,52,32,44,70,58,24,32,41,18,24,36,43,33,44,50,28,58,45,43,18,31,43,18,49,65,54,15,43,17
56,42,37,42,66,56,25,36,39,17,24,39,52,36,50,42,35,53,44,49,17,36,37,19,52,57,58,23,37,16
57,44,29,45,65,61,18,33,35,19,23,42,54,40,44,50,37,57,43,42,20,24,46,15,50,59,61,17,44,18
60,47,39,43,71,64,23,34,39,14,32,42,60,36,45,39,29,60,38,45,23,33,36,10,42,59,61,15,38,15
55,41,27,40,66,56,24,39,43,15,23,50,49,34,44,36,38,58,47,48,23,39,39,18,48,61,57,18,41,15
53,50,28,45,57,58,22,34,41,12,31,40,56,34,46,46,34,60,48,53,22,37,39,14,49,51,57,17,42,16
61,48,33,46,66,54,19,39,39,18,26,39,50,36,48,47,28,62,44,53,20,26,40,19,47,61,51,19,33,20
51,48,26,46,69,48,26,38,40,14,20,39,63,43,52,40,32,44,46,46,22,40,45,16,41,61,58,16,40,22
57,57,37,48,70,50,18,32,31,20,24,36,55,37,51,47,29,60,42,52,14,31,37,17,48,60,61,17,35,19
59,49,25,42,66,57,25,32,32,19,34,45,53,38,40,49,33,56,46,50,22,34,36,16,48,54,56,18,37,21
51,57,26,42,64,61,23,35,39,19,22,42,49,37,49,47,33,54,44,48,22,38,42,15,46,59,53,20,37,18
54,47,28,38,67,58,19,42,35,14,26,29,53,33,45,49,40,55,45,49,22,31,37,19,52,54,62,23,44,22
63,43,28,43,69,57,18,33,34,19,25,47,52,35,43,43,33,51,39,45,20,32,50,20,46,62,59,19,45,19
63,36,28,49,65,57,23,29,42,21,25,37,62,35,46,40,34,45,48,48,25,25,44,20,56,51,54,16,47,21
59,47,27,40,60,56,21,37,36,16,30,38,55,45,51,50,33,48,51,44,18,28,31,16,45,64,57,23,48,18
60,56,24,41,59,57,22,40,38,22,23,32,60,25,48,48,23,60,45,47,19,34,39,21,45,61,62,18,45,18
54,47,27,48,68,49,26,37,38,19,22,36,47,35,48,49,37,56,38,43,11,28,45,21,54,51,60,21,49,28
54,52,29,48,64,52,16,43,36,19,26,38,53,41,49,42,38,52,40,42,16,30,42,15,53,63,55,19,46,19
59,45,30,49,66,58,25,34,39,17,21,37,53,34,43,47,36,54,51,44,20,23,44,19,50,57,61,22,36,18
52,47,37,48,66,62,24,34,41,14,23,42,49,38,48,33,31,58,34,56,24,31,41,20,37,59,59,23,41,20
61,47,22,41,62,53,16,43,40,12,21,39,58,37,39,41,44,58,42,53,21,44,45,15,45,54,58,18,47,16
53,56,27,46,65,55,26,37,36,20,21,38,47,39,46,48,35,51,44,46,23,37,42,18,40,56,60,18,44,18
59,48,29,43,65,58,24,39,35,15,30,39,53,39,45,52,36,57,47,51,16,32,27,20,42,57,54,19,44,17
62,53,22,48,58,56,28,35,37,14,25,39,54,41,51,38,35,57,50,45,21,36,35,15,42,65,55,18,40,17
54,46,32,40,64,50,18,35,42,16,31,38,54,28,52,38,37,55,50,48,19,32,42,18,43,63,52,24,47,24
56,49,33,43,68,52,22,33,38,18,25,42,48,44,44,49,31,50,56,53,20,33,38,17,39,61,55,16,38,21
59,54,26,44,62,54,19,41,36,19,23,43,53,44,44,43,34,57,52,43,20,29,38,24,40,63,45,15,43,25
62,43,30,45,68,58,25,35,34,17,29,45,44,41,37,43,35,47,49,43,26,29,41,21,43,55,57,20,45,25
53,43,30,39,63,57,22,28,43,18,27,39,49,37,56,50,40,56,51,41,17,30,43,18,52,63,54,18,44,11
60,42,27,49,65,54,21,41,38,18,24,44,47,34,40,39,27,58,43,44,20,41,44,16,56,56,54,18,48,24
57,50,33,54,68,53,20,30,36,17,17,39,53,42,46,37,32,57,41,57,24,40,29,22,48,55,54,12,43,26
56,49,25,41,63,53,19,36,37,17,25,33,53,37,39,43,46,58,50,51,14,34,47,26,44,60,58,20,40,18
65,47,33,46,63,60,19,36,39,14,26,40,49,40,46,48,36,54,43,44,15,36,33,21,45,64,51,16,38,25
57,46,29,44,64,66,23,43,36,20,33,45,57,32,43,44,32,56,45,51,16,28,36,21,36,53,55,14,45,22
56,50,38,36,65,58,21,35,34,17,23,38,48,31,51,51,34,59,46,50,21,28,36,16,53,58,65,19,38,17
53,40,32,43,65,56,20,45,34,20,22,43,57,39,45,54,35,54,40,39,26,26,35,20,53,57,59,18,39,23
62,52,26,34,72,60,18,35,36,13,34,46,58,36,44,51,35,53,45,43,16,27,36,14,47,53,63,17,46,20
59,47,28,43,64,53,28,42,32,15,25,41,48,34,45,53,41,56,39,47,22,34,41,16,43,57,56,20,44,19
61,49,29,48,67,56,25,35,35,11,24,36,49,27,50,44,38,57,44,52,26,34,39,16,50,65,56,17,37,15
50,44,33,47,65,57,22,42,48,16,20,41,53,37,41,40,34,57,42,58,20,34,41,15,44,57,53,18,42,21
52,51,32,54,67,53,23,28,47,19,32,40,55,37,48,46,37,54,44,41,15,25,41,18,49,53,54,16,38,23
60,50,35,37,71,53,23,33,47,17,24,42,59,32,39,48,27,59,42,43,29,35,44,13,41,53,56,14,46,20
50,34,32,47,74,56,30,34,48,22,18,41,50,30,45,48,33,57,50,41,18,26,39,19,47,60,62,17,42,22
60,47,23,41,62,59,22,38,39,19,26,35,55,29,50,45,34,58,49,48,19,28,34,19,46,64,59,20,42,22
61,47,23,41,69,54,23,46,33,18,24,50,47,33,47,48,40,57,49,44,17,25,42,18,43,57,57,22,38,19
59,45,30,41,62,63,21,35,35,18,31,35,47,36,52,48,35,55,45,48,16,38,32,21,52,60,57,20,36,19
58,49,25,45,67,48,23,33,31,23,21,40,52,45,51,45,27,63,48,39,24,29,56,17,44,57,49,15,45,23
60,56,29,51,62,55,19,40,44,22,25,39,48,39,47,47,32,52,46,51,15,32,38,19,42,57,58,14,39,14
62,51,26,41,61,63,18,42,31,17,22,41,50,35,49,36,36,51,51,54,21,34,38,22,48,54,64,25,36,13
50,50,34,46,61,57,17,36,53,16,18,39,48,33,50,43,41,62,45,56,26,34,33,13,50,54,51,21,34,21
56,48,38,39,67,54,26,34,39,19,29,36,50,37,45,43,43,55,48,44,19,30,39,15,49,60,49,17,47,17
60,47,28,36,67,61,28,33,38,19,21,39,50,34,42,46,37,61,50,40,20,33,37,16,52,57,62,16,40,22
53,49,32,45,70,61,26,42,31,19,28,43,52,27,50,47,27,64,42,39,25,29,45,18,42,59,45,19,45,18
53,42,29,48,67,54,27,32,41,13,33,46,52,42,53,44,32,57,46,41,18,32,44,16,43,60,57,17,38,15
65,44,28,35,67,53,20,31,44,16,21,33,50,39,53,46,33,52,51,49,25,28,41,17,49,53,59,23,49,18
50,44,29,41,69,56,28,31,41,18,25,40,51,37,48,44,36,53,48,51,18,34,43,17,39,67,58,17,44,15
64,40,32,43,58,57,19,43,47,16,28,41,44,35,47,45,34,58,47,46,16,27,38,19,49,63,54,18,45,19
58,50,29,46,60,55,18,41,37,18,24,38,49,36,45,43,35,59,45,53,23,30,38,22,47,52,55,15,47,24
60,46,29,47,62,64,22,30,38,21,21,33,51,43,48,44,28,55,46,48,24,27,40,18,42,63,63,14,42,23
55,47,25,45,68,48,20,30,47,19,22,35,52,38,48,48,37,59,51,43,23,34,44,18,49,65,54,16,36,16
60,47,32,51,71,57,20,34,32,16,24,34,53,32,45,50,38,49,42,50,20,28,41,26,45,58,55,17,45,20
59,41,35,40,62,58,23,36,35,17,23,43,59,33,56,48,38,52,42,45,21,36,37,18,45,58,58,16,44,14
56,48,20,43,69,57,20,33,41,23,21,34,50,33,47,52,28,55,42,48,22,33,37,18,51,64,62,19,43,23
57,46,18,51,67,56,27,36,36,16,29,42,54,30,45,53,32,55,49,45,21,29,44,18,43,49,59,18,49,18
60,47,39,46,64,52,24,32,45,22,26,40,48,37,39,44,33,54,43,49,23,23,39,14,50,63,58,21,39,18
60,53,31,40,65,57,20,33,37,13,27,32,61,37,53,40,34,52,43,54,18,25,42,19,51,63,49,19,40,24
64,56,26,47,64,56,22,31,46,18,15,41,51,40,46,39,35,61,34,53,19,35,42,13,45,62,58,16,33,24
62,53,37,47,68,62,32,26,37,12,20,39,50,29,47,44,40,49,40,47,23,31,35,17,48,63,53,18,41,22
66,45,20,43,66,62,20,42,40,17,29,43,57,35,50,45,27,53,41,42,18,33,38,20,40,56,58,20,48,18
58,43,22,41,69,55,21,42,40,21,26,29,52,37,51,46,40,53,41,55,22,21,45,18,49,50,55,18,49,23
63,53,34,44,67,53,20,33,31,18,26,42,51,36,46,54,42,56,43,44,21,33,39,13,47,58,56,22,33,14
59,50,27,45,59,56,24,44,37,19,21,46,49,40,45,46,34,56,40,54,17,35,31,19,40,54,60,20,41,24
52,47,29,44,69,54,18,38,45,15,29,39,48,41,51,44,29,61,48,50,25,22,47,18,43,49,56,20,44,17
55,49,25,43,69,57,19,32,28,21,26,40,59,34,50,43,35,65,48,42,27,35,34,12,50,61,51,17,43,22
61,44,32,42,65,54,16,33,39,15,23,37,61,38,51,55,30,59,51,47,16,30,32,19,44,60,56,15,44,23
61,55,27,48,62,60,18,37,35,21,27,47,57,36,48,42,32,57,45,53,17,24,33,21,43,55,57,18,36,20
63,45,27,43,63,55,34,38,44,15,19,36,46,30,48,43,38,64,44,50,21,28,40,20,49,57,56,16,41,19
57,40,35,44,68,55,16,29,35,19,26,38,55,32,48,46,45,52,48,54,17,31,40,18,41,59,62,16,48,18
56,42,40,36,71,56,28,38,40,22,29,42,45,38,51,34,37,59,49,46,22,30,43,15,43,55,52,15,38,20
57,50,33,42,67,56,20,36,39,15,26,44,46,41,49,37,34,51,42,42,16,31,35,23,58,65,53,21,42,21
63,44,32,46,63,54,28,37,38,16,21,43,58,34,48,47,37,58,40,47,17,25,35,25,42,56,50,21,46,21
56,48,29,47,62,64,30,44,34,17,32,38,57,42,45,48,30,57,40,54,16,32,31,12,48,52,56,17,37,17
63,45,31,45,68,56,28,33,34,10,26,35,55,33,45,44,36,56,43,54,18,31,39,22,47,60,58,22,34,21
52,47,26,52,65,63,26,38,37,16,23,41,59,35,51,48,38,57,35,48,18,36,34,18,44,53,50,20,45,17
66,49,44,39,66,44,26,35,34,12,21,48,53,33,47,40,33,62,43,46,18,35,43,17,47,64,55,17,39,16
61,48,32,35,63,54,19,34,42,15,26,42,50,35,51,47,33,54,41,58,18,26,43,19,46,56,58,21,46,19
64,48,29,36,65,58,20,38,38,17,30,36,58,39,55,39,28,56,42,51,19,39,38,25,40,58,53,18,37,18
54,51,26,41,66,50,20,36,37,19,29,43,55,33,46,52,31,50,46,51,17,32,41,18,53,60,57,16,37,25
60,46,27,45,65,53,18,39,42,14,25,38,50,35,46,44,38,58,42,45,20,36,42,21,46,59,55,18,45,20
60,48,32,44,64,55,17,36,36,15,36,44,55,36,44,42,36,56,48,45,23,34,32,13,53,63,59,23,30,13
50,53,34,41,62,50,19,39,49,21,28,43,53,34,46,54,35,61,39,40,20,25,38,19,37,54,56,15,50,27
53,46,21,41,70,56,28,27,43,19,28,35,49,31,51,47,40,51,37,58,25,28,37,24,46,56,54,20,52,19
59,44,35,41,63,54,16,35,31,18,30,38,50,39,51,46,39,59,50,43,26,31,42,22,38,52,56,24,39,21
51,50,26,39,69,58,31,32,36,19,19,45,48,40,53,39,41,55,41,48,23,26,44,18,55,51,58,15,35,27
64,49,36,43,64,58,19,37,35,16,26,39,52,40,48,51,37,57,39,48,21,32,37,18,45,57,57,22,28,17
64,51,23,46,65,59,27,38,36,13,22,38,45,30,47,41,36,57,38,48,18,32,46,17,48,61,60,16,47,23
53,47,32,46,71,56,26,38,46,19,28,31,51,35,45,43,36,58,50,49,16,26,41,14,47,51,52,16,50,19
58,51,27,41,69,52,22,41,37,17,20,35,51,39,47,41,35,63,51,48,18,34,43,14,51,67,50,14,42,14
52,48,28,49,73,52,25,33,40,15,21,44,50,32,47,46,35,57,44,48,17,34,38,22,46,62,53,17,46,18
59,42,30,44,59,57,23,31,35,15,27,37,51,40,48,48,35,53,42,45,21,31,46,21,48,55,63,23,40,23
61,51,31,52,66,63,14,33,40,17,28,32,54,33,48,41,31,57,43,46,17,30,46,24,47,57,55,18,41,16
53,46,18,48,62,58,24,34,47,19,25,43,54,37,52,49,32,59,51,49,17,27,35,18,41,55,51,25,41,22
55,48,28,50,64,55,19,30,34,14,28,32,59,49,42,40,31,52,49,54,15,33,36,20,41,57,62,27,46,22
59,48,35,33,67,53,16,43,32,18,30,41,61,37,46,57,30,43,46,49,23,36,29,19,44,57,51,19,47,23
59,56,31,41,65,57,19,39,43,22,25,43,47,31,51,53,26,50,44,55,14,21,39,15,41,62,59,17,47,20
56,39,34,51,65,60,23,33,38,14,33,31,50,39,44,39,33,53,45,45,20,34,46,20,45,57,61,23,41,20
55,49,29,47,62,55,24,41,36,19,22,41,56,43,47,38,38,52,49,46,17,32,40,22,48,60,53,8,37,26
66,47,36,39,66,63,23,38,34,12,23,45,57,31,53,44,34,56,40,37,20,33,40,11,53,57,55,22,39,18
61,46,25,45,66,52,18,37,34,22,32,31,56,40,49,43,40,60,48,48,21,30,30,20,48,59,51,24,39,17
65,50,29,41,60,57,20,39,38,18,31,36,52,43,42,44,41,53,38,45,22,36,43,19,49,51,59,15,39,17
56,49,26,50,66,58,18,37,28,19,21,49,44,38,45,47,42,62,44,44,19,29,41,22,48,54,60,18,42,16
57,52,38,40,61,59,15,38,43,15,28,30,48,40,51,45,33,57,49,43,21,28,32,21,52,57,50,22,43,24
56,51,30,43,66,53,19,34,42,17,27,43,50,40,42,43,35,52,44,54,12,38,37,22,47,53,58,15,41,28
59,48,34,41,59,55,18,41,37,11,18,45,52,41,48,50,36,51,46,48,25,35,42,12,37,61,57,21,45,19
61,43,30,56,64,57,22,41,33,20,26,41,60,39,46,44,31,51,47,52,17,26,36,17,44,56,58,19,36,19
57,47,29,38,67,58,20,25,43,17,21,37,50,27,48,45,37,55,49,56,23,30,44,22,44,57,56,23,44,23
62,46,32,47,72,61,23,39,32,16,29,34,47,33,39,39,35,58,45,51,23,29,41,19,49,56,55,15,48,17
58,51,35,49,65,56,22,41,28,14,33,37,48,36,44,53,31,53,46,44,21,25,37,25,48,62,53,21,37,19
62,49,32,47,69,47,20,30,37,20,20,45,53,34,44,55,31,57,48,44,23,31,40,23,41,56,56,22,35,21
59,52,35,39,65,51,21,39,39,12,28,37,53,39,47,49,39,55,43,42,20,33,39,20,44,57,59,19,38,19
57,45,32,50,64,54,14,37,39,21,28,44,49,47,51,49,30,51,45,43,17,34,34,19,43,54,56,22,43,20
65,41,31,39,72,59,24,32,39,24,26,41,54,30,49,48,29,62,48,38,21,30,37,21,44,54,61,21,37,15
52,54,28,48,69,53,17,29,43,20,31,43,55,33,46,52,30,58,42,49,20,29,39,20,47,61,58,21,35,10
60,47,28,44,66,59,28,34,36,13,30,41,55,41,49,45,28,58,40,43,31,35,38,18,38,49,54,16,47,21
57,54,30,39,70,56,27,34,41,22,26,29,52,45,49,40,31,52,45,49,22,31,39,17,42,55,62,17,38,21
61,54,29,52,63,59,22,39,41,15,26,42,54,49,41,42,37,53,41,45,15,23,41,18,42,56,50,21,47,14
65,54,28,47,59,59,18,33,39,20,30,30,55,42,44,39,33,58,42,47,21,38,37,16,51,49,60,20,39,19
56,49,31,36,67,57,19,32,39,17,29,39,48,28,51,47,34,69,45,46,23,36,41,15,42,61,56,17,37,25
58,48,29,47,64,62,21,40,42,14,23,37,49,30,47,47,43,59,48,45,19,27,42,22,41,56,56,20,41,15
57,50,30,41,72,59,25,41,37,12,21,38,49,39,47,42,36,58,46,45,19,23,39,21,56,49,53,17,50,20
58,50,30,47,64,58,27,33,30,23,19,29,53,29,47,47,40,67,53,57,16,31,38,20,42,54,52,20,41,17
58,41,32,52,62,64,21,32,36,16,29,35,53,36,48,43,27,59,43,43,24,29,39,14,50,62,61,20,42,21
53,62,32,44,70,56,30,29,34,13,26,48,48,32,51,42,38,54,43,51,14,30,34,19,43,52,60,18,46,20
57,44,37,47,64,53,25,35,39,11,26,40,51,33,46,45,37,57,47,45,22,28,32,24,46,58,59,22,47,15
55,41,29,46,64,60,21,33,37,14,19,42,54,39,50,46,37,62,43,47,21,33,39,20,57,63,47,15,43,15
63,54,24,50,68,63,21,37,39,14,28,37,46,39,48,48,35,60,50,48,17,26,30,19,48,59,49,15,35,22
58,38,29,39,67,53,20,40,46,17,20,33,58,39,44,43,32,62,45,52,18,41,38,19,49,56,54,19,42,21
57,50,24,48,61,58,21,39,39,13,24,35,47,30,49,45,31,52,44,42,19,39,45,16,46,65,59,26,46,22
57,45,31,34,68,56,23,30,41,21,31,39,54,36,43,51,39,54,45,47,19,28,45,16,41,58,59,19,43,19
59,52,31,52,67,55,23,33,41,18,32,35,62,41,44,49,34,52,43,46,10,36,38,19,49,46,50,13,38,24
55,41,35,48,62,58,22,31,43,19,20,31,51,39,51,45,27,57,47,52,16,36,46,19,53,53,55,18,40,22
64,52,32,51,66,57,23,35,34,17,26,33,47,30,46,45,32,61,54,52,20,24,42,20,43,53,63,15,35,20
58,46,32,44,70,57,20,38,34,15,22,35,59,40,59,46,29,60,36,44,21,30,29,21,49,63,56,18,48,13
55,52,31,50,71,53,21,34,44,15,29,39,47,34,47,43,31,50,52,40,17,31,36,19,57,58,60,21,40,15
65,47,30,45,62,54,23,31,43,17,25,38,50,31,52,46,35,56,39,46,17,35,39,25,48,58,54,17,46,18
53,51,35,42,64,56,29,36,43,15,23,48,57,35,47,51,38,51,49,51,21,26,35,14,42,58,49,23,32,18
60,47,34,43,65,61,16,39,39,20,24,36,48,40,50,49,39,55,49,41,20,29,39,13,50,60,56,10,43,17
55,42,31,43,69,58,26,35,43,23,31,43,45,28,47,45,33,54,39,44,21,30,50,20,48,56,55,18,46,14
59,58,35,40,69,64,17,33,28,15,30,42,53,34,55,44,33,57,40,42,17,33,40,18,54,54,53,17,38,20
63,49,30,47,59,52,18,38,32,18,25,44,47,46,53,37,30,49,42,49,18,33,40,23,53,60,58,17,42,20
56,45,33,45,67,55,20,40,38,17,24,43,57,34,53,54,32,51,49,52,14,27,42,12,46,60,54,21,34,17
56,45,31,43,62,58,14,37,40,19,24,42,50,34,47,52,32,63,44,44,24,33,44,17,51,56,54,16,48,12
62,47,27,37,67,57,25,36,33,13,21,45,56,45,54,45,30,52,44,53,16,30,39,20,46,59,54,21,38,20
64,47,25,45,65,56,22,35,35,18,28,39,54,28,50,42,35,53,41,56,19,34,37,21,54,49,62,18,39,21
56,44,29,47,71,45,22,44,37,16,18,36,61,36,48,43,35,59,53,49,20,29,43,18,50,60,49,17,38,19
58,48,29,43,66,61,20,32,38,20,28,39,57,40,49,45,29,54,32,55,12,45,47,16,41,54,56,24,35,19
55,49,30,48,70,46,17,33,38,18,22,42,55,32,55,46,31,60,43,47,18,29,42,23,52,55,53,21,43,19
56,45,35,46,67,50,20,39,41,19,24,33,55,39,45,48,35,56,42,50,14,31,39,15,48,61,55,19,40,25
62,49,25,45,66,56,23,38,36,20,28,41,43,45,46,46,38,62,47,39,18,32,39,17,45,55,59,12,39,21
57,51,25,46,63,53,20,33,43,21,20,44,56,35,47,46,39,50,45,51,17,26,37,19,54,59,52,17,45,21
60,48,28,47,64,54,21,37,40,18,23,39,47,36,51,44,34,56,42,50,26,33,40,16,52,55,52,18,43,18
57,44,30,40,67,46,18,35,44,21,25,39,51,42,53,49,30,63,37,41,21,29,36,20,55,61,61,17,36,24
62,52,31,41,64,51,26,38,38,19,27,43,41,38,54,51,21,58,56,52,21,23,40,18,45,57,50,13,41,21
60,49,29,42,62,55,16,41,40,21,23,36,49,36,49,49,35,56,47,44,28,30,39,20,47,60,54,17,35,23
53,61,32,44,71,57,18,39,43,18,27,39,45,36,44,42,35,54,45,44,17,27,31,16,56,59,57,17,46,19
54,58,23,47,65,54,25,38,45,18,23,39,51,33,51,44,32,61,41,43,18,35,34,20,43,59,54,19,49,16
58,52,27,46,69,59,22,37,39,16,22,36,49,40,41,47,36,57,51,44,24,31,39,11,56,56,52,13,41,21
57,45,30,43,66,62,24,36,40,23,32,42,55,32,47,41,34,62,44,45,13,22,33,17,48,61,64,15,42,17
60,47,39,44,67,54,29,28,38,22,21,38,51,34,45,44,36,60,33,47,24,34,35,18,49,57,59,23,36,20
55,43,30,40,60,53,25,37,42,13,27,36,50,42,45,49,37,57,52,50,20,32,46,20,42,51,58,20,42,18
57,47,25,52,62,62,21,40,41,22,30,25,53,36,50,43,34,57,49,46,24,28,44,23,46,49,47,20,40,19
62,43,33,49,69,57,29,38,38,13,23,36,59,32,43,34,33,56,42,47,13,32,51,21,43,58,57,15,42,24
58,50,22,41,71,55,19,38,38,23,25,36,50,32,42,57,31,48,55,47,20,31,42,20,51,58,50,24,42,16
57,47,34,47,69,48,23,33,34,20,29,38,55,36,44,40,35,62,44,49,25,38,38,16,49,62,51,18,34,17
53,52,41,54,68,55,25,32,30,14,22,39,48,35,45,52,40,60,34,46,20,26,41,16,48,61,53,28,35,19
59,39,29,48,67,59,26,34,34,22,20,37,46,45,54,44,36,59,45,52,23,31,45,20,41,51,52,24,32,18
58,41,31,42,71,55,22,29,42,20,26,53,51,40,48,42,38,46,40,52,18,29,39,16,50,65,52,16,44,16
60,42,25,45,66,49,19,33,28,15,26,45,57,33,46,45,34,54,50,51,26,29,39,22,41,57,58,25,46,26
64,50,27,48,61,61,22,34,41,20,27,32,52,37,48,39,37,54,44,41,27,28,40,16,48,54,63,18,44,15
55,43,30,45,66,55,17,33,40,11,25,44,54,36,51,52,37,53,39,52,17,37,33,19,51,61,51,20,43,22
53,47,32,49,63,50,21,36,35,21,22,37,47,44,48,37,30,63,48,49,25,38,43,18,54,62,51,20,35,14
58,42,22,44,66,55,22,33,39,14,26,39,55,36,44,43,36,59,47,52,13,31,44,17,46,60,69,17,44,19
60,45,24,42,66,54,24,35,39,16,27,44,53,44,51,44,33,57,37,45,19,28,43,24,45,56,51,23,43,20
59,45,24,46,71,60,21,33,40,23,26,36,53,41,46,38,33,52,41,53,18,29,37,20,43,57,63,24,37,23
64,47,24,42,59,54,24,31,44,15,27,34,58,36,47,38,37,58,41,49,24,34,42,20,46,53,55,19,47,23
59,45,33,46,70,54,16,32,43,22,24,32,51,32,51,45,30,56,39,44,21,30,45,19,47,56,62,19,44,25
62,41,27,45,70,56,14,37,43,21,24,41,51,39,48,48,32,58,41,43,12,27,41,22,47,55,62,24,34,27
58,48,35,45,63,61,17,42,40,21,27,32,56,36,48,46,34,53,38,49,25,27,41,22,44,56,51,19,38,20
54,52,24,38,66,57,23,32,40,18,37,46,58,42,48,47,30,53,41,43,22,30,34,18,45,59,57,18,42,18
59,47,31,41,67,53,25,40,47,14,25,41,52,36,49,35,36,54,42,47,17,28,35,19,42,63,66,21,44,16
57,37,40,47,69,57,22,35,40,16,21,47,46,34,49,41,29,56,42,45,24,27,37,20,49,60,62,20,43,20
57,37,26,46,66,63,18,31,42,23,32,40,55,43,45,42,33,55,38,47,26,29,34,14,47,66,56,21,39,21
61,54,29,38,57,52,17,30,41,16,28,45,56,39,49,47,45,58,48,53,17,26,37,15,45,59,54,21,41,14
50,47,30,45,63,57,17,34,35,14,20,43,54,38,45,49,36,61,43,44,23,38,41,14,49,56,65,18,44,19
61,48,25,38,65,56,27,45,38,11,32,41,54,41,47,48,36,57,39,49,20,21,37,14,44,61,56,14,44,23
61,53,28,45,61,56,22,30,43,12,24,42,52,41,49,46,39,58,56,45,13,29,33,20,43,63,54,19,36,19
61,50,22,48,63,52,24,31,33,22,22,38,61,50,45,47,30,57,52,51,15,32,42,19,40,53,58,19,33,22
64,43,25,39,64,60,21,34,40,15,29,42,52,39,42,52,33,54,44,49,24,30,37,19,37,57,62,26,38,21
59,49,36,40,70,60,18,36,34,18,27,41,53,43,52,40,32,55,45,53,20,26,38,15,45,56,51,18,39,23
57,46,24,49,60,58,21,40,34,20,26,38,54,41,47,45,37,59,49,49,26,30,42,18,36,50,59,23,39,15
53,45,31,47,66,62,20,34,37,15,24,38,56,37,52,48,33,60,46,45,21,42,31,18,41,53,56,15,42,24
64,54,30,45,63,54,26,46,37,16,25,36,56,34,40,47,31,55,47,44,17,29,44,20,44,55,55,15,44,19
61,47,27,39,63,56,21,36,42,15,16,45,59,40,42,50,45,54,45,47,16,22,39,17,56,62,53,21,38,18
60,52,30,47,67,58,21,29,44,17,24,39,53,37,48,40,37,57,46,51,19,34,37,18,42,56,51,17,41,20
53,53,23,40,71,55,18,47,35,20,33,30,47,37,45,46,39,65,38,45,27,31,35,16,47,58,53,24,43,18
52,51,31,38,64,49,23,34,34,20,27,40,57,32,49,42,40,59,45,48,19,33,40,23,44,66,54,17,46,15
59,49,37,47,61,47,31,39,34,20,25,35,59,39,50,48,29,51,43,46,24,31,37,16,38,61,64,21,38,13
51,44,24,46,61,60,25,38,38,16,20,36,58,38,50,44,27,60,49,46,20,42,35,22,49,52,63,20,38,20
60,44,29,51,59,57,26,34,40,12,27,46,52,32,50,45,36,57,46,46,18,30,40,23,36,56,55,22,43,20
57,52,32,37,63,53,27,36,42,20,22,40,54,36,52,46,29,60,47,44,21,29,37,19,48,59,51,16,43,20
48,46,34,46,59,52,24,35,33,19,22,40,62,44,49,45,36,48,42,48,19,40,42,14,42,59,60,22,44,18
63,51,31,43,62,55,22,37,38,17,25,37,51,36,51,53,24,57,52,53,20,37,33,15,38,55,57,19,40,20
45,52,34,51,69,56,25,33,31,20,26,40,49,28,55,49,34,61,42,42,14,36,42,18,44,62,59,18,33,24
56,46,26,48,61,50,21,44,36,18,25,40,50,34,45,51,35,53,58,56,18,27,40,18,46,63,57,13,34,23
58,50,31,42,66,53,21,33,32,22,31,35,52,38,38,46,38,50,50,51,15,35,36,16,47,58,57,18,50,23
57,46,29,42,68,51,19,35,31,15,24,41,52,36,51,52,43,50,46,48,23,30,38,19,51,58,54,17,42,24
62,47,30,34,64,56,19,31,34,17,28,42,56,36,52,42,37,52,47,49,23,34,41,23,43,57,50,26,38,22
59,49,30,45,65,58,19,36,37,13,33,35,52,41,48,34,37,59,49,47,14,34,37,19,51,60,51,20,44,16
67,47,24,39,67,53,23,42,39,17,20,44,45,31,41,51,37,61,46,50,26,29,40,15,54,55,50,20,48,11
60,39,41,47,66,61,24,33,32,17,26,38,47,36,52,46,46,65,34,43,22,35,40,18,33,53,51,26,44,17
61,50,27,46,63,55,21,36,41,11,29,41,51,38,44,44,31,55,42,55,21,35,36,16,55,54,54,17,43,20
67,50,28,45,64,57,17,39,37,22,22,44,60,43,48,36,36,56,37,51,25,24,35,19,37,57,61,10,43,22
63,50,27,44,69,60,21,30,41,13,21,37,56,31,51,47,37,59,42,45,18,33,46,11,45,61,55,19,39,21
55,51,26,52,63,50,32,40,33,17,25,44,45,40,55,46,34,61,37,53,22,36,24,16,44,57,54,20,42,18
61,47,36,44,65,60,20,30,43,16,25,33,54,29,55,38,40,53,44,52,21,22,34,22,47,55,62,22,41,21
57,44,30,42,65,62,19,34,34,20,27,43,54,37,51,38,32,55,40,51,25,32,39,20,48,53,53,22,44,21
50,46,35,43,65,61,27,44,43,14,25,36,49,33,44,43,37,62,45,48,16,31,42,18,45,56,61,12,40,21
62,44,22,45,70,48,18,42,41,20,25,40,49,36,48,47,32,56,35,52,24,25,46,20,53,54,55,23,40,20
54,53,31,49,69,56,14,37,37,17,26,34,50,41,43,52,32,60,42,59,24,28,41,17,49,53,52,12,44,16
59,53,30,39,70,56,27,33,39,20,19,37,57,38,43,39,29,60,41,43,17,34,39,20,43,68,59,17,42,21
63,46,32,47,65,54,25,32,36,19,30,37,55,36,44,47,31,55,42,49,24,27,35,25,47,57,56,15,45,16
57,49,35,48,60,50,25,43,42,15,22,48,49,39,40,48,31,65,52,45,16,27,36,15,48,61,51,18,41,16
59,57,31,40,68,54,31,32,40,19,25,35,51,45,39,45,37,54,40,48,18,25,36,17,48,58,52,20,42,26
60,41,30,46,62,56,20,36,42,13,27,36,53,41,44,51,34,61,45,49,21,35,39,15,45,59,53,20,39,19
58,47,28,56,64,54,24,28,32,18,27,44,51,35,46,55,32,54,45,46,21,30,40,18,37,60,56,19,48,19
61,51,40,40,63,59,19,30,44,17,30,33,47,42,45,44,37,57,45,45,20,34,39,12,41,62,58,17,39,21
60,43,26,36,64,49,29,42,37,26,25,42,56,35,45,45,30,63,51,40,18,33,40,20,47,57,55,21,37,20
58,48,30,43,69,59,25,35,42,18,27,40,50,37,43,34,28,55,46,60,25,29,31,17,41,52,59,25,47,19
57,50,31,44,68,49,21,36,31,15,22,39,59,36,42,40,35,60,51,45,25,32,44,23,40,54,57,24,44,18
57,42,26,41,66,61,21,33,40,22,25,45,53,42,50,45,27,61,47,47,19,30,44,18,47,56,52,18,38,19
60,41,26,40,62,59,21,39,40,16,28,40,51,33,50,39,37,62,50,47,19,36,40,15,43,62,57,20,40,19
62,40,25,48,69,56,23,39,40,22,32,40,46,39,47,44,34,57,53,44,18,32,32,21,43,55,58,17,34,22
65,45,30,50,67,56,23,33,30,15,24,46,46,39,50,46,32,55,42,48,22,32,41,15,49,56,56,15,43,21
60,49,32,47,64,59,30,41,29,16,23,34,51,39,45,46,32,57,42,48,24,36,29,20,43,59,54,20,44,19
57,52,27,48,66,54,25,39,42,17,18,36,61,41,40,49,25,63,45,42,16,30,36,25,49,54,57,16,48,14
57,39,29,50,58,51,29,36,39,21,27,39,53,38,53,50,23,53,50,46,21,29,35,19,44,67,52,19,40,25
55,52,25,34,65,57,19,43,39,21,19,43,53,32,43,38,47,58,45,52,24,23,43,16,48,54,60,21,40,23
58,53,32,42,69,57,22,28,36,15,23,39,57,30,56,48,37,55,49,57,19,32,39,18,43,48,49,17,45,19
58,45,31,42,66,54,18,39,40,23,29,34,46,40,52,45,37,58,44,52,16,28,40,17,39,60,54,19,42,24
57,44,32,47,68,58,23,43,43,21,23,35,55,39,43,44,34,51,39,49,18,30,42,19,47,53,62,20,38,15
62,46,31,41,65,59,18,31,33,20,30,44,53,44,46,39,29,58,41,54,19,37,35,20,44,59,62,17,42,13
55,46,33,46,66,54,20,41,39,22,19,40,51,40,52,43,39,53,40,51,18,37,40,16,49,60,51,16,41,14
64,49,31,44,69,57,21,32,43,22,26,36,57,40,41,41,40,58,38,46,14,29,35,15,38,63,57,24,41,21
60,37,31,42,69,50,15,25,43,23,31,37,62,29,45,47,39,57,39,48,20,34,38,18,51,62,61,17,43,19
61,41,29,39,67,62,27,35,32,18,25,44,52,36,39,45,35,61,47,42,14,40,50,16,50,56,53,20,36,20
57,40,24,46,65,61,18,37,37,15,31,39,61,37,40,42,34,57,48,43,21,32,42,18,48,61,55,22,40,21
55,46,29,49,65,46,27,33,40,11,24,35,50,36,44,58,35,51,45,53,22,35,38,24,50,53,58,18,42,20
56,46,34,43,67,60,19,28,41,17,19,35,50,38,52,41,40,59,42,56,22,34,43,16,45,63,51,20,41,14
60,44,26,45,62,50,25,30,42,21,20,30,53,42,51,47,35,56,51,54,18,29,44,16,43,58,62,17,39,22
59,55,34,49,64,48,22,45,41,17,26,35,48,33,50,46,28,60,35,58,22,28,41,12,45,56,52,13,42,28
62,43,25,45,64,54,18,42,38,18,29,36,45,36,52,42,34,56,48,54,19,31,40,16,43,53,59,23,42,25
50,53,35,41,61,54,19,31,35,17,27,39,49,43,47,50,36,56,40,59,25,30,44,16,41,60,60,18,41,15
57,40,24,49,68,56,21,41,39,21,33,25,54,39,48,49,42,48,38,53,20,27,37,22,41,58,62,19,36,25
58,42,29,45,70,50,25,39,37,15,20,39,56,38,52,44,43,46,50,43,16,38,38,19,46,55,64,14,41,20
62,43,26,48,64,53,21,35,38,17,21,48,63,35,50,48,37,63,40,55,17,28,37,17,40,56,55,18,35,22
62,41,33,51,65,58,25,42,38,24,21,36,53,37,43,45,36,53,43,46,24,23,43,19,45,59,53,17,33,24
55,40,37,37,62,59,23,35,32,18,26,49,48,32,41,50,36,56,49,60,22,39,42,17,43,47,55,16,45,21
60,52,40,42,66,52,23,47,38,17,23,39,53,31,45,51,34,47,45,54,13,27,45,17,44,59,52,12,44,20
61,52,22,42,62,54,19,41,43,18,27,24,52,40,42,43,37,48,51,54,27,29,41,29,39,58,56,20,42,19
59,46,33,45,65,55,24,37,36,19,33,34,60,34,49,45,30,53,42,47,15,29,45,14,46,51,55,21,48,22
56,48,25,44,65,49,18,40,33,15,28,39,53,38,50,49,40,55,46,49,27,40,38,16,41,50,63,16,42,19
56,50,29,44,61,52,9,41,44,15,24,47,51,41,46,37,35,54,42,51,16,32,44,24,50,53,59,19,47,19
54,47,27,47,64,52,19,48,41,19,30,44,50,29,51,50,34,61,40,43,18,34,36,18,47,58,55,13,42,21
59,47,26,40,64,49,18,42,35,23,29,32,57,38,52,44,37,53,46,46,22,25,45,22,52,59,50,26,36,18
55,47,31,46,64,56,25,39,41,19,34,40,57,35,41,51,31,51,40,49,20,27,33,12,49,58,55,21,40,25
59,50,19,49,63,53,14,39,35,17,26,41,44,43,48,44,34,57,47,46,23,33,48,15,55,57,52,17,41,23
54,50,37,42,68,54,23,38,40,16,24,39,53,42,54,54,37,50,39,50,19,25,37,17,50,50,53,19,40,18
50,47,36,43,68,57,20,37,35,15,26,42,60,44,47,40,27,48,54,42,20,24,43,19,45,54,59,23,41,26
55,50,28,43,72,55,19,36,43,15,28,34,52,35,53,49,40,61,49,33,18,30,45,19,38,56,55,25,39,17
62,50,28,49,68,53,17,41,37,20,28,37,49,39,48,41,23,54,38,54,26,23,40,20,48,62,52,20,45,20
56,49,26,52,64,49,22,33,38,20,19,32,56,43,52,50,28,59,48,44,16,31,35,27,50,52,59,20,38,24
55,49,22,45,61,59,24,39,29,16,24,44,50,33,43,48,37,60,47,54,17,32,40,24,43,58,51,23,46,19
60,44,27,54,65,55,28,38,41,16,22,35,49,38,52,48,35,63,52,39,21,32,32,15,47,53,49,24,40,18
55,47,30,48,64,52,23,31,46,20,22,39,54,39,49,47,38,59,41,47,15,24,37,17,44,61,55,20,46,22
50,39,39,50,63,57,21,41,41,19,27,46,49,32,47,39,43,55,47,54,21,31,34,18,46,58,49,21,36,19
62,43,30,39,64,55,29,38,41,22,29,41,48,35,51,44,29,61,48,41,16,33,45,21,40,53,56,14,44,20
51,42,26,53,65,67,24,41,26,20,25,34,48,34,46,47,39,56,52,44,24,30,28,20,51,60,57,23,38,21
60,52,37,40,67,50,18,38,33,17,20,39,53,44,44,38,35,57,44,52,21,30,44,19,51,56,55,16,42,20
60,47,30,40,65,57,21,42,37,13,24,35,57,34,48,41,34,58,39,53,18,43,47,21,45,56,54,24,34,15
54,47,27,47,63,53,23,38,43,24,23,38,50,35,46,37,32,57,51,53,18,35,35,21,47,54,64,17,45,15
59,54,32,38,62,57,28,41,39,13,21,37,52,27,47,55,38,59,45,51,18,41,34,13,49,53,54,24,36,15
60,51,30,38,68,57,24,38,35,18,25,36,53,34,51,36,34,61,43,47,20,34,23,16,50,61,61,21,46,21
58,50,35,40,62,51,22,40,37,17,28,42,55,38,49,44,32,61,44,52,15,35,32,23,44,54,53,20,40,19
61,51,26,49,61,49,23,38,39,16,28,44,52,45,43,46,34,56,35,49,21,24,38,14,45,57,57,20,48,23
55,45,36,47,63,61,21,34,37,17,22,34,56,33,49,45,34,53,40,54,20,30,44,17,41,61,53,20,45,25
61,52,29,45,67,61,21,31,44,25,19,37,53,33,45,41,30,53,29,50,21,26,45,27,42,56,55,23,46,25
49,55,27,41,65,51,21,32,43,21,28,47,57,24,41,48,45,50,47,47,22,31,45,23,42,57,54,17,44,18
57,44,22,49,62,55,30,30,40,16,20,43,48,42,49,39,33,58,53,41,29,35,36,19,44,62,51,19,43,23
57,56,39,40,66,65,17,29,37,15,26,36,55,36,52,43,39,57,42,50,17,27,37,17,39,56,59,19,44,20
47,43,28,49,63,57,29,37,43,15,22,37,55,41,50,44,27,58,49,42,20,31,39,19,49,59,61,13,44,21
58,48,28,47,67,64,20,37,35,19,24,34,52,35,50,42,27,60,56,51,19,29,40,15,42,59,55,17,46,16
55,52,28,41,72,54,24,30,51,15,25,40,55,35,42,40,34,58,51,40,15,36,35,23,48,63,51,25,38,16
64,42,30,45,66,61,21,40,48,22,23,35,48,35,46,51,31,52,51,45,18,34,41,21,39,54,52,13,40,24
65,46,29,51,61,50,28,39,45,19,24,38,51,37,46,41,33,58,45,48,16,33,43,14,49,59,53,14,43,14
63,49,25,50,67,55,23,40,35,16,24,36,52,38,48,46,33,60,46,44,17,24,35,25,45,61,62,13,39,21
65,46,43,41,63,50,25,28,38,17,17,38,50,36,50,44,24,54,40,55,19,33,36,20,49,55,66,27,43,20
62,51,29,42,62,58,18,31,41,17,24,46,56,35,44,50,28,55,45,46,24,25,41,15,43,57,60,24,44,19
57,50,21,46,66,52,16,37,38,23,24,43,49,37,45,43,36,55,51,49,20,27,42,25,44,59,51,20,48,18
54,49,34,45,69,62,19,44,35,12,25,36,54,39,47,47,31,60,42,42,14,35,37,20,53,51,49,26,43,18
61,39,33,49,61,60,22,38,31,19,23,36,55,31,44,46,40,50,40,49,21,25,47,17,44,62,63,22,43,21
62,48,28,42,63,59,21,31,39,17,26,39,57,24,49,46,36,52,39,52,24,28,41,17,41,60,56,24,41,30
58,48,29,52,68,59,20,28,47,15,21,42,53,34,50,43,33,56,38,42,18,35,39,19,45,62,59,20,45,14
63,44,35,44,65,61,24,37,39,16,22,38,49,35,48,55,24,65,45,46,32,29,41,15,43,49,49,12,48,19
62,47,29,51,71,59,14,42,46,24,23,35,45,39,48,45,37,50,45,46,19,27,31,23,34,56,59,20,40,25
59,42,31,41,66,57,22,35,42,19,31,37,53,50,42,43,29,57,44,46,23,38,40,17,45,57,46,17,46,17
54,50,22,47,67,57,20,40,42,20,27,38,52,33,48,49,24,60,41,50,27,23,38,18,53,55,60,21,38,18
63,42,31,40,67,51,24,36,31,16,26,40,57,40,45,43,39,56,40,49,21,38,42,15,44,52,48,22,50,24
62,51,27,37,64,53,24,31,37,21,28,36,57,35,47,48,39,53,50,46,20,38,32,22,51,58,54,17,33,21
47,50,31,37,71,54,20,45,45,17,21,42,58,38,49,39,33,52,48,44,24,28,39,18,54,60,47,11,45,25
56,48,26,36,63,55,22,41,37,17,25,38,53,33,48,43,29,59,48,49,20,33,41,19,52,58,53,21,42,27
62,50,31,44,65,60,28,36,43,17,24,41,50,36,43,45,35,56,47,50,20,33,38,18,39,55,52,16,41,17
58,50,34,55,65,56,23,25,41,13,26,35,55,41,49,46,35,58,37,54,22,38,39,14,36,56,54,19,41,17
62,57,27,43,66,60,20,40,35,14,25,38,54,32,45,41,37,64,33,40,24,32,46,19,49,53,59,20,43,14
59,52,33,37,65,63,22,30,43,15,32,37,55,29,49,44,28,52,51,48,21,35,34,22,48,53,50,16,45,24
63,44,23,41,74,54,21,40,34,22,26,38,49,40,40,45,34,53,44,43,18,37,39,23,42,61,57,18,49,20
49,49,29,40,64,52,18,31,39,16,30,43,55,39,47,47,38,55,51,47,18,36,43,18,42,54,57,20,45,20
63,49,33,44,68,57,17,35,41,18,26,41,44,32,43,51,24,51,47,52,19,35,45,20,51,54,59,16,40,17
62,44,29,40,63,52,20,37,37,16,28,31,48,41,49,53,34,51,44,46,16,35,41,24,52,61,57,20,38,23
56,47,24,49,60,55,20,42,42,16,25,43,49,37,41,45,35,61,45,46,22,29,37,18,38,65,58,21,49,17
54,40,29,48,63,59,22,31,36,15,20,42,53,43,41,51,35,53,46,55,17,33,36,15,49,65,64,17,42,18
60,47,33,37,65,46,29,37,36,17,20,32,61,41,48,44,34,65,45,52,18,30,41,14,55,55,51,17,39,23
62,49,36,42,64,58,24,29,34,17,24,35,52,34,46,39,36,60,45,54,25,29,37,18,43,61,56,20,44,19
63,46,28,42,60,61,23,39,34,14,30,43,49,35,48,48,35,58,38,43,18,41,49,13,46,55,59,19,40,15
61,46,32,45,59,53,24,34,33,19,20,41,55,37,53,43,34,56,50,60,22,33,38,14,48,54,52,18,43,15
63,41,31,38,68,52,30,29,34,17,28,36,58,43,42,40,31,58,49,50,19,36,44,21,42,54,60,20,43,15
50,53,31,42,67,62,25,35,40,16,31,39,51,32,47,41,34,56,40,45,19,37,40,17,46,56,57,28,38,17
64,46,22,48,74,59,28,41,42,14,25,41,49,34,47,38,36,56,47,57,20,22,35,19,43,55,53,15,40,22
59,45,22,39,68,58,26,31,44,21,25,39,50,43,41,42,35,54,43,54,20,31,44,11,46,59,55,19,46,22
56,49,28,54,64,55,23,33,37,16,30,41,49,34,37,46,33,51,52,47,23,32,44,18,50,61,52,18,42,17
61,47,26,48,67,52,25,43,42,18,26,36,52,33,42,42,38,58,40,46,22,29,32,19,42,68,55,16,42,25
54,46,29,46,67,55,20,32,32,16,36,43,58,36,44,47,36,54,39,54,21,36,42,16,43,52,58,18,40,22
54,55,29,41,67,58,21,35,41,22,28,39,55,35,45,48,40,58,38,44,27,29,38,21,44,52,57,21,28,22
58,40,24,54,69,58,17,38,37,15,26,40,48,43,56,42,35,57,39,52,25,25,39,13,45,63,61,16,36,21
60,47,32,50,67,50,25,36,37,19,24,36,57,33,48,50,32,60,46,36,21,32,35,12,46,61,52,17,47,24
62,50,29,40,63,62,24,34,48,15,25,46,52,35,41,38,28,54,51,47,21,33,40,19,56,52,53,17,40,17
57,51,34,40,67,52,23,38,39,15,21,37,62,32,50,51,38,60,41,45,19,35,37,19,45,56,48,17,41,22
55,47,21,52,70,56,14,35,41,21,18,45,51,32,46,45,31,60,41,47,13,40,39,23,49,65,53,16,41,25
65,49,33,51,58,52,26,34,43,16,23,35,60,33,44,52,36,51,42,51,20,26,36,23,39,63,61,14,38,18
58,51,26,49,68,49,17,43,35,13,25,27,51,34,44,51,44,53,38,52,17,34,47,17,45,60,56,14,50,24
55,42,34,43,74,56,17,40,38,14,32,40,56,36,37,41,40,55,44,47,15,38,36,22,46,55,54,19,44,22
58,48,34,44,64,54,23,41,36,16,27,43,47,28,42,45,31,55,43,53,19,37,45,15,39,58,59,16,47,25
57,54,22,52,68,59,21,39,35,16,29,38,48,39,39,45,30,49,47,48,19,29,38,19,57,60,57,14,43,21
57,47,26,49,67,52,27,39,36,16,32,42,48,38,45,46,37,58,43,46,22,25,38,18,46,53,60,14,41,24
61,53,29,42,64,53,20,49,40,12,27,32,55,42,50,42,29,58,41,44,21,27,45,17,46,57,54,22,40,20
57,49,29,41,63,60,31,32,36,16,19,37,59,35,40,49,41,54,38,47,21,33,33,21,39,57,66,26,43,20
56,48,34,43,64,55,25,40,39,21,23,33,51,43,41,44,42,54,53,49,13,31,38,18,42,58,52,21,43,18
64,49,27,43,68,52,25,36,40,21,21,43,52,37,43,46,38,55,40,49,17,33,33,12,46,55,60,17,43,27
57,45,31,39,62,54,25,31,34,13,26,31,45,33,41,50,44,61,47,62,23,39,37,16,49,56,61,21,33,26
60,51,35,46,69,58,23,46,36,18,20,29,51,38,42,50,36,54,47,50,12,31,40,16,47,57,56,21,40,13
52,50,35,47,65,55,19,40,41,20,27,37,52,42,44,43,31,53,36,44,20,40,37,20,52,66,51,17,38,18
59,49,28,49,64,56,26,36,36,18,27,41,49,39,44,41,32,58,43,50,19,34,40,24,45,54,56,21,37,17
63,42,38,41,62,57,20,35,38,20,26,37,59,38,47,42,32,53,47,45,18,32,46,19,44,56,59,15,41,20
54,54,39,39,65,58,19,36,42,18,26,35,41,38,47,53,37,58,47,47,16,31,41,13,44,55,54,23,45,17
52,47,31,50,67,58,16,34,32,17,17,40,58,36,41,33,37,54,44,50,21,41,39,21,52,59,61,22,44,18
56,44,29,40,65,52,26,42,39,13,27,38,49,31,50,40,34,62,50,53,21,34,36,15,48,61,57,19,41,20
57,47,24,46,71,52,25,42,29,15,24,39,47,42,47,47,32,65,43,42,23,32,43,21,43,58,49,22,46,19
53,47,24,46,63,52,22,37,36,16,21,33,57,39,52,40,39,53,44,52,21,36,41,18,50,58,55,17,45,25
61,49,26,46,66,57,11,34,41,17,26,33,53,43,52,50,31,57,42,49,24,35,37,17,44,55,54,23,40,19
57,42,34,42,66,52,20,43,40,18,25,41,47,41,52,38,26,51,41,51,16,36,40,22,50,64,63,13,40,21
65,55,29,50,64,53,26,35,32,17,34,37,53,34,47,49,26,60,47,54,20,31,41,8,44,61,49,22,32,17
62,49,26,41,68,56,24,37,38,16,27,40,51,35,41,42,35,63,47,51,19,27,38,22,49,58,53,23,40,14
59,59,27,55,67,56,18,39,41,24,27,33,55,30,48,49,28,54,47,42,19,28,37,16,37,54,61,19,49,14
60,53,36,44,67,54,24,36,34,21,26,40,51,32,48,40,28,52,45,46,22,37,38,21,43,59,55,21,43,16
57,45,30,52,63,60,19,38,38,20,25,35,55,37,45,46,34,59,45,47,15,29,41,22,47,59,56,15,38,20
62,42,24,45,70,55,19,36,39,25,25,34,48,24,47,44,38,66,35,52,21,34,36,18,48,55,54,26,48,22
52,53,27,42,65,50,17,45,42,12,30,38,53,31,52,46,35,50,50,51,19,39,45,19,37,56,57,19,38,22
50,44,26,41,68,59,22,37,37,19,29,42,55,38,45,45,40,61,42,45,23,37,30,17,52,54,56,17,41,20
61,48,29,42,65,63,15,32,35,19,25,45,48,27,54,49,38,51,40,53,21,33,38,14,48,60,60,21,41,17
55,52,39,45,64,55,23,38,37,12,21,29,52,41,48,41,37,58,48,45,22,39,42,15,46,54,56,15,43,20
57,52,28,41,66,49,28,35,33,22,16,37,55,36,47,35,34,56,47,55,19,37,42,17,39,66,57,21,46,19
64,52,24,41,59,57,22,37,38,14,25,40,56,36,46,45,32,63,45,47,23,32,42,13,54,59,55,15,40,16
53,49,31,39,67,58,19,40,38,23,28,34,59,39,42,46,33,55,44,49,13,35,34,17,48,54,58,24,46,17
58,56,25,38,66,50,27,46,37,21,17,37,46,28,60,41,37,61,50,49,16,28,38,15,45,57,64,23,39,17
59,45,31,41,67,61,28,30,33,14,23,37,54,42,46,47,48,55,50,41,23,30,35,18,40,58,59,18,40,19
59,44,27,40,66,52,24,37,36,20,24,35,51,37,48,38,38,56,40,42,16,33,36,23,52,63,60,20,55,20
55,41,32,43,69,61,29,41,42,12,16,36,48,36,42,51,38,54,47,51,17,29,39,17,42,55,61,25,43,20
57,49,29,39,67,59,21,30,38,17,31,40,51,30,53,48,35,53,42,43,19,30,42,17,50,58,55,25,44,20
50,46,38,40,68,61,14,41,39,16,23,37,62,35,49,41,30,58,44,46,22,29,40,15,47,63,52,26,39,21
53,53,32,50,66,54,22,32,40,17,21,35,55,39,44,42,29,57,44,47,21,35,49,17,41,58,52,19,50,18
58,50,32,50,60,58,22,38,35,17,32,36,58,35,47,41,34,58,40,47,12,31,38,14,52,64,58,15,38,22
56,46,32,48,66,58,26,39,33,12,32,35,55,31,48,45,34,63,42,45,23,32,45,24,40,55,52,21,35,19
63,51,28,36,58,59,26,34,42,17,32,39,47,32,44,49,31,58,40,49,28,30,39,14,47,57,58,22,42,20
58,51,30,40,65,53,27,34,38,15,22,38,56,38,43,43,35,61,50,44,20,31,33,19,42,52,60,20,50,24
53,49,35,51,66,59,22,30,33,15,27,38,63,36,38,36,44,45,49,41,23,37,42,18,51,63,51,18,40,19
63,36,30,44,69,57,20,30,38,23,29,31,51,39,47,48,37,54,49,52,22,35,33,19,42,59,55,22,39,19
58,45,23,49,65,53,17,41,41,19,20,39,56,40,45,42,34,58,44,45,23,40,43,19,45,60,51,20,37,20
56,49,33,48,69,55,27,39,34,22,22,28,45,42,49,49,36,55,40,44,17,32,32,18,42,61,57,18,54,19
57,46,31,41,69,53,18,39,41,16,33,34,53,35,47,43,33,54,45,53,17,34,38,17,49,62,59,14,43,18
61,46,30,34,68,59,25,33,40,23,20,33,59,35,48,56,32,54,38,56,17,27,36,17,46,56,59,23,41,20
61,48,30,40,63,50,19,42,37,20,23,40,50,39,46,46,30,57,52,50,21,29,41,21,51,57,53,23,35,18
53,42,29,39,65,55,19,41,40,19,21,40,51,22,63,53,29,57,42,43,19,37,42,13,54,67,51,24,42,20
51,49,37,43,63,54,28,36,43,16,27,40,49,39,48,45,37,56,30,46,18,23,45,19,48,53,59,20,46,24
53,51,30,48,67,56,17,37,40,17,21,41,51,35,52,43,29,49,39,43,23,28,37,30,46,62,61,20,47,19
60,48,33,45,61,63,17,30,52,14,32,35,50,43,45,37,25,53,47,53,18,23,36,19,52,56,62,20,42,21
59,40,40,47,66,54,18,35,37,18,27,44,50,36,50,49,29,50,47,41,19,33,39,15,50,53,64,21,43,18
62,53,27,51,64,53,25,39,40,18,29,37,52,33,49,45,32,47,43,38,13,31,45,16,58,59,49,18,41,25
56,49,24,46,65,64,20,44,34,20,23,49,52,31,45,43,38,55,39,50,15,33,39,18,43,52,56,21,42,26
63,51,30,50,67,54,23,41,42,19,23,37,46,40,53,44,35,61,40,44,16,35,30,19,44,65,50,14,38,18
57,46,30,45,70,55,18,38,37,14,19,43,43,38,48,56,30,57,47,37,21,34,49,13,56,55,56,26,42,12
57,47,28,40,66,55,19,34,34,24,22,35,50,35,49,52,33,61,45,46,12,40,40,19,53,49,61,22,42,22
58,44,42,40,68,56,22,32,41,18,22,41,50,41,54,49,35,52,47,48,19,31,30,18,42,53,60,20,36,23
61,47,34,43,60,59,14,35,41,21,16,47,48,41,44,45,32,57,43,49,22,28,38,23,54,56,49,21,42,22
57,44,32,38,63,51,15,34,42,13,29,43,56,47,49,58,30,44,45,57,21,23,37,14,58,56,54,25,34,23
61,47,27,42,63,54,24,46,33,21,31,44,52,32,47,46,40,56,39,53,11,24,43,24,48,58,54,18,37,17
55,42,27,44,61,56,16,44,34,22,24,44,62,32,44,54,35,58,47,49,20,28,38,20,45,60,57,20,37,17
55,48,37,49,69,49,19,38,35,19,21,41,56,37,52,45,32,58,43,47,20,28,37,17,41,64,57,20,42,16
64,50,27,42,60,53,18,35,35,17,26,49,56,45,53,44,28,62,52,43,15,30,41,16,58,58,49,15,33,18
50,49,28,42,69,57,18,37,39,17,24,32,55,41,52,46,27,58,45,55,21,40,37,14,41,56,62,17,42,21
62,53,26,39,57,60,13,30,41,18,28,40,51,36,41,40,40,54,42,51,26,34,43,24,40,62,60,25,37,19
56,48,29,46,68,57,22,37,42,21,19,38,48,42,50,51,32,51,42,51,30,29,34,15,45,55,55,17,44,18
55,47,35,48,66,53,20,35,33,14,25,38,50,34,49,46,35,51,49,42,19,28,46,24,41,63,64,18,45,19
57,49,36,48,72,57,27,31,38,17,22,42,52,29,45,43,39,50,47,50,21,26,39,16,50,57,61,19,36,16
56,52,24,49,64,59,27,37,43,22,22,35,51,28,42,52,36,64,41,47,22,30,38,17,48,53,56,17,42,18
58,44,35,39,70,63,19,43,33,19,19,37,57,41,44,45,34,52,41,44,25,34,41,20,43,63,53,13,39,24
58,45,26,48,65,59,24,36,34,10,25,37,54,39,46,50,34,62,41,54,23,34,40,16,42,55,55,16,47,17
57,54,33,46,63,56,26,28,39,17,22,37,51,41,42,41,35,60,51,45,20,31,40,22,48,56,47,13,47,24
57,53,23,39,61,55,22,33,42,18,25,47,52,37,42,55,39,66,50,48,25,31,32,21,44,51,57,18,31,18
60,54,29,39,63,56,21,32,36,20,25,35,47,40,51,47,38,54,51,55,19,28,34,20,42,60,58,18,40,20
59,51,30,43,60,55,22,28,47,20,24,36,49,28,48,51,35,54,45,51,21,36,37,20,50,58,53,16,42,23
63,48,33,39,68,59,21,35,43,17,31,32,45,33,47,45,29,53,43,43,22,33,39,16,52,63,51,15,46,28
56,48,27,38,67,58,24,37,40,18,23,39,49,44,43,43,32,55,41,56,21,24,44,18,46,56,59,21,40,25
50,46,39,49,69,54,24,36,40,15,25,36,50,34,39,53,36,60,31,45,16,32,38,20,46,66,64,20,40,19
64,52,29,49,68,51,27,35,40,17,26,47,43,38,53,42,32,54,52,39,11,22,41,12,40,57,57,23,49,22
60,49,30,48,64,65,16,29,39,21,21,48,51,40,51,40,29,54,46,49,14,37,32,27,44,55,55,18,45,15
61,47,24,48,65,57,18,40,44,16,29,34,52,36,49,45,28,53,45,46,20,36,31,22,43,66,54,15,43,25
63,47,24,47,70,52,20,44,38,13,28,38,49,33,50,49,31,55,40,52,20,32,29,21,48,58,62,18,44,17
58,47,30,48,70,53,16,30,42,17,23,40,52,40,46,44,34,49,51,45,21,29,34,17,51,62,61,22,45,15
59,46,27,53,68,56,15,32,39,16,25,38,50,30,58,49,37,53,38,45,22,30,42,23,45,60,53,19,45,19
53,48,27,40,70,57,23,36,34,13,26,39,54,40,43,39,32,61,52,50,15,32,49,20,51,54,61,14,40,19
64,45,31,38,69,56,22,36,35,19,24,44,54,37,46,48,32,60,45,42,23,33,35,14,42,53,53,22,50,20
56,53,37,39,65,54,21,34,30,20,24,44,50,35,51,46,32,52,45,48,14,34,41,18,51,55,61,23,40,19
57,46,30,47,62,57,21,39,46,18,27,35,51,40,53,46,32,62,44,51,14,24,37,21,52,51,51,15,38,25
57,46,27,51,65,59,21,37,46,20,28,40,51,28,52,52,41,51,47,44,16,29,36,15,48,55,50,15,44,21
58,43,34,42,60,58,23,35,48,17,26,43,59,33,44,44,31,61,41,56,18,26,28,27,45,62,58,20,38,14
60,47,30,49,64,53,19,38,41,17,25,34,53,35,46,43,33,60,35,53,20,39,40,11,48,62,58,17,44,18
52,47,32,38,61,48,26,41,35,17,26,39,51,35,48,51,43,57,47,48,22,34,35,18,46,52,58,19,46,20
58,56,29,44,64,48,22,37,39,16,28,42,57,40,38,36,31,55,46,37,23,31,44,22,44,58,63,19,39,26
53,49,23,52,61,56,23,40,34,13,30,45,51,34,48,55,33,59,46,48,19,25,41,19,49,52,51,20,44,19
55,48,36,46,62,59,20,33,41,18,31,36,55,31,40,38,37,56,42,48,25,34,48,19,47,57,57,12,45,16
65,43,31,42,64,55,24,35,42,20,23,39,54,31,48,49,31,55,37,55,21,38,33,18,53,52,54,21,41,18
63,44,25,43,68,59,19,42,43,18,24,42,53,39,48,47,31,61,42,46,24,24,38,10,53,57,51,17,46,15
56,46,28,41,63,58,16,34,31,18,27,33,56,40,53,49,42,55,55,54,23,25,38,19,47,55,50,17,45,18
52,45,33,45,66,46,25,36,33,10,26,37,56,41,54,50,38,48,51,41,21,31,35,18,47,62,66,15,47,17
54,46,32,51,62,53,23,40,32,19,21,41,53,40,46,50,30,57,49,37,22,33,46,17,46,59,51,19,40,23
57,47,38,49,66,51,14,44,38,13,22,49,60,39,47,46,36,52,42,52,17,28,30,16,53,62,51,19,38,16
62,43,23,35,67,49,25,38,34,20,30,37,52,39,48,40,33,61,49,50,18,40,39,20,50,57,58,19,37,19
62,45,24,46,65,53,22,35,40,22,19,38,50,40,46,42,33,62,47,50,21,27,32,22,53,61,53,23,48,11
62,51,40,46,65,62,25,40,35,16,23,35,44,37,37,43,27,58,45,47,23,35,40,19,48,54,57,16,43,19
67,48,38,47,66,52,18,34,43,18,32,36,52,38,48,40,37,61,38,52,22,24,41,12,52,54,52,21,34,15
54,54,32,37,66,65,26,27,44,18,22,39,61,34,49,42,28,54,45,47,17,31,42,19,46,59,49,18,51,16
60,50,30,44,65,57,17,33,41,13,20,45,50,44,52,54,32,56,41,46,20,31,42,24,38,55,53,21,41,17
60,39,30,39,63,55,28,32,33,22,25,39,54,32,42,48,35,58,42,51,18,32,47,18,50,58,54,25,44,19
64,44,35,49,61,53,22,40,42,15,19,48,50,33,43,42,28,52,43,50,26,32,45,16,40,52,53,24,51,20
55,54,31,40,61,52,22,37,38,18,31,37,52,43,40,50,40,62,39,48,19,34,35,22,53,53,55,17,34,20
60,44,32,52,57,60,18,38,35,15,25,38,49,37,41,41,32,58,43,44,29,35,37,19,46,62,57,18,45,25
57,48,22,43,69,58,21,33,46,14,35,38,51,33,52,49,34,57,40,50,21,27,38,12,48,59,55,16,48,18
56,56,36,35,71,49,27,29,47,15,20,32,59,40,42,49,36,56,42,47,21,23,39,21,47,56,58,17,45,21
52,34,28,41,69,56,21,45,45,21,27,38,62,35,45,44,39,58,43,58,18,29,39,11,46,57,64,18,35,14
61,49,26,43,64,57,20,35,38,11,21,33,49,35,59,42,33,55,44,54,24,35,42,17,46,61,63,18,35,22
60,55,25,42,61,56,20,38,37,17,26,37,52,34,34,47,42,67,40,51,19,36,35,14,48,63,59,17,46,14
62,44,31,44,63,54,31,41,39,18,28,48,54,28,52,41,36,56,45,47,18,35,38,18,47,62,53,13,33,13
57,55,23,45,71,51,20,28,45,22,28,36,49,29,50,49,38,58,45,50,19,34,30,19,52,63,54,20,35,17
63,47,32,48,60,55,23,39,42,17,37,44,51,33,44,45,34,54,42,42,19,32,31,12,50,58,56,20,45,17
59,51,29,46,70,58,21,31,35,14,29,38,50,37,49,47,37,56,44,50,16,29,39,16,47,56,55,17,47,19
67,48,25,51,64,58,22,40,39,21,30,30,44,34,51,34,37,57,38,49,21,35,39,13,45,60,63,14,49,14
61,50,26,44,70,55,18,37,33,11,18,44,51,38,50,52,32,54,42,49,19,36,38,18,44,62,62,17,44,17
62,42,30,46,66,53,20,34,40,11,24,29,41,31,49,55,42,58,47,52,22,32,36,21,49,55,59,23,39,24
57,47,21,49,65,55,24,38,35,15,20,34,63,36,54,45,33,58,49,50,20,33,34,23,49,61,56,18,32,18
57,53,32,47,69,48,25,37,38,24,27,33,48,38,50,47,32,61,37,52,19,28,46,16,44,52,54,21,35,22
57,42,25,45,63,59,20,30,35,27,21,36,55,34,56,51,30,47,44,49,23,27,41,24,48,59,62,18,44,20
55,50,31,41,71,59,22,33,40,20,25,31,53,34,50,44,36,58,44,47,16,35,36,10,55,61,50,18,47,20
66,55,30,49,69,58,21,31,38,22,25,35,52,34,44,38,38,58,42,46,23,30,39,11,46,59,49,24,45,15
63,56,41,38,61,51,20,38,44,16,18,41,51,40,47,39,29,61,43,50,19,26,34,24,46,62,55,21,42,16
63,46,27,38,73,51,23,28,42,18,30,34,57,38,39,41,42,58,42,43,20,24,35,19,49,58,57,23,47,27
55,49,31,45,70,56,21,32,38,15,24,37,56,28,49,48,28,56,39,51,26,29,47,16,49,55,53,22,41,26
59,47,29,47,58,58,15,39,39,18,18,32,52,33,51,56,33,50,44,49,22,33,40,21,46,53,61,20,49,20
62,51,27,46,58,54,23,37,43,17,21,42,53,40,43,41,44,55,40,48,23,34,42,20,37,57,56,18,45,15
62,50,21,39,63,59,27,41,38,14,30,37,52,30,51,39,34,54,48,41,24,31,39,24,46,60,58,20,43,17
63,43,32,46,60,59,22,28,35,13,21,35,52,34,50,49,34,63,61,56,22,28,39,15,47,51,57,20,39,18
56,45,34,47,68,58,20,37,40,19,19,38,52,33,47,45,29,61,45,49,21,30,35,24,56,55,50,19,36,24
59,47,31,40,65,55,30,35,44,14,21,33,48,38,51,45,30,47,46,46,25,28,41,20,48,58,55,28,46,18
56,45,35,41,62,60,15,51,32,15,20,36,46,36,52,52,34,58,47,41,21,31,44,23,49,56,58,11,49,16
58,57,26,41,65,59,21,42,38,21,20,35,50,36,43,40,36,51,48,46,22,25,45,23,47,56,54,22,39,26
57,48,32,43,70,55,20,39,42,13,27,34,53,41,45,53,41,50,46,47,18,27,43,16,42,54,53,21,40,22
53,53,25,44,65,54,29,45,42,15,22,40,50,34,50,47,47,56,45,47,22,31,25,20,45,58,63,17,29,19
54,43,34,38,65,56,22,34,43,20,29,43,59,33,54,39,35,65,40,50,16,20,42,16,42,57,57,20,43,23
52,47,26,44,68,56,19,32,40,19,28,42,44,28,52,50,37,52,43,53,18,32,36,25,48,57,62,23,37,22
62,50,32,45,64,56,25,35,39,21,31,37,49,39,41,46,28,55,48,40,22,26,43,18,40,56,53,24,48,19
49,46,28,53,64,64,21,30,44,18,25,35,55,40,49,45,36,53,45,55,24,27,36,25,41,53,60,20,39,12
52,44,35,35,67,52,21,31,42,20,32,37,55,33,55,50,41,50,51,47,15,29,36,15,47,53,63,22,46,16
56,44,35,40,66,54,24,31,43,12,27,44,54,35,56,42,37,59,43,46,20,38,39,17,36,59,58,18,42,17
55,47,26,43,67,52,22,35,43,16,23,37,63,31,48,47,36,58,46,44,17,36,36,21,49,53,60,20,41,20
59,45,33,38,64,61,18,41,43,20,26,40,50,34,45,44,34,50,44,47,21,37,34,20,50,59,50,15,47,23
53,47,25,45,67,57,24,27,45,23,25,37,54,40,46,44,25,53,41,45,28,41,33,18,46,65,58,16,39,25
61,45,34,47,62,61,17,27,36,20,28,39,52,39,49,43,29,49,45,49,23,35,41,17,52,59,54,21,39,19
58,47,38,50,62,56,29,41,37,17,22,42,48,35,39,48,40,60,37,39,23,27,46,19,45,62,59,15,33,18
54,47,27,39,67,58,26,33,37,24,26,46,59,42,55,36,36,61,44,46,17,27,33,13,44,58,51,26,38,22
52,45,33,51,71,55,24,30,37,15,20,40,55,41,49,52,29,57,39,49,21,29,39,18,41,61,61,15,39,24
65,44,30,38,62,60,23,38,40,19,26,40,56,38,47,45,39,59,49,42,19,25,34,16,47,55,51,25,43,17
58,49,26,50,61,55,17,28,35,21,20,37,56,42,43,41,39,57,55,56,21,31,41,21,49,53,49,16,46,19
61,49,32,42,67,59,22,35,40,17,19,40,51,31,53,41,29,57,46,38,28,32,42,15,41,57,65,23,38,22
56,44,29,44,63,52,27,44,33,18,26,42,53,37,49,51,32,51,38,50,18,37,48,22,42,58,56,12,45,15
58,48,37,41,65,67,26,40,30,15,21,35,57,37,44,49,45,53,46,47,16,27,41,14,43,58,57,20,40,15
57,47,35,34,70,58,21,36,38,14,32,37,59,37,42,52,39,63,43,53,20,24,38,24,35,53,53,15,38,25
49,44,32,46,66,54,19,43,32,14,26,42,55,35,42,39,38,55,51,48,15,34,37,20,55,64,57,15,44,21
62,50,29,39,62,58,21,40,43,16,24,39,53,38,49,53,30,57,51,55,17,21,42,18,45,64,55,16,27,18
58,47,31,46,70,58,23,37,37,21,27,41,44,37,53,41,29,59,46,51,16,30,31,15,45,62,65,18,27,27
57,54,33,44,66,54,28,36,38,19,24,44,48,36,42,49,33,56,39,42,20,35,34,16,50,59,54,12,41,29
59,42,30,49,67,64,21,38,31,14,20,40,54,36,44,45,37,59,42,46,23,23,39,21,54,56,57,19,41,21
65,43,36,41,70,56,23,27,39,18,28,40,51,30,40,44,40,57,33,41,21,25,43,26,44,61,58,23,44,25
58,44,24,45,65,62,14,41,43,15,25,46,49,46,42,48,31,54,44,47,23,37,36,13,46,60,60,13,39,22
56,38,30,47,65,61,25,39,31,16,32,43,52,40,54,50,36,49,42,47,26,32,31,16,42,58,55,17,42,20
66,34,24,50,61,52,25,41,35,18,17,46,57,35,47,47,41,53,38,40,18,27,40,25,47,67,58,19,46,18
55,45,37,42,64,56,15,30,35,13,24,38,59,42,44,51,35,65,47,52,18,34,40,18,39,56,48,26,46,18
62,47,23,41,65,56,19,34,45,12,17,39,53,42,53,45,35,53,41,42,28,28,47,19,41,58,64,20,40,23
63,45,28,47,65,55,19,37,37,25,27,37,53,32,43,47,35,54,49,51,20,28,44,19,37,51,55,21,44,24
58,49,34,39,68,49,22,36,37,19,25,38,49,31,53,48,33,58,42,55,17,35,41,25,48,56,47,21,39,20
58,53,30,46,66,53,23,28,37,13,22,37,55,39,44,52,38,62,40,51,20,28,41,26,51,62,47,13,35,22
56,43,32,46,63,55,31,36,39,13,25,38,54,40,48,41,30,57,52,44,21,33,37,22,43,55,61,21,40,16
55,47,35,36,63,59,19,43,32,17,24,45,50,36,51,44,43,54,46,45,20,30,36,14,49,59,56,16,43,25
53,52,28,47,65,60,19,34,40,17,26,36,46,42,47,50,32,56,46,47,21,31,35,14,55,58,55,20,37,23
58,47,27,51,66,54,21,37,32,13,22,34,60,40,43,44,32,55,47,51,15,35,42,13,51,55,55,21,47,24
54,55,30,47,63,49,24,33,42,19,25,45,49,40,43,44,33,60,44,50,21,26,38,17,50,53,55,17,40,26
60,39,32,48,74,60,32,35,45,18,17,42,62,34,54,39,26,51,39,43,22,33,42,20,52,48,51,19,37,18
59,47,27,42,63,53,21,42,41,19,20,40,48,34,48,35,35,60,47,47,23,37,38,15,48,56,54,24,51,18
64,45,27,37,63,52,22,42,32,14,26,45,49,32,47,49,36,58,42,47,22,35,42,17,52,57,60,16,41,21
45,48,28,45,61,52,20,52,40,16,31,45,46,36,43,50,33,56,47,44,18,31,40,16,49,58,60,17,44,21
61,49,27,41,67,54,19,31,39,13,25,35,55,35,42,40,30,58,47,50,22,31,46,26,42,65,54,18,46,24
52,44,26,40,72,54,24,40,38,23,25,40,57,39,35,43,30,57,48,49,19,28,46,12,51,56,52,21,48,23
64,51,26,41,61,55,24,33,44,15,28,38,49,28,44,49,36,55,53,54,16,34,32,20,45,59,52,19,43,24
59,44,30,40,64,50,22,32,47,17,24,50,54,34,46,47,39,51,46,43,24,31,39,14,42,60,58,22,40,23
52,55,28,51,65,59,18,30,40,15,21,41,56,42,49,42,32,55,42,38,23,32,40,17,50,59,60,20,40,20
54,45,33,38,66,59,20,38,35,13,22,48,55,41,46,44,39,55,45,51,21,28,39,12,49,59,56,22,37,22
66,45,32,41,68,56,27,32,48,20,18,45,53,36,41,51,32,55,34,50,18,40,31,16,43,57,51,20,43,23
58,52,36,47,63,60,19,42,35,20,23,42,45,28,41,51,42,63,39,43,24,30,35,20,44,53,52,13,53,19
58,49,34,43,66,62,24,38,36,19,29,39,50,39,45,43,35,48,43,48,23,32,37,16,45,57,61,18,38,17
68,44,38,46,57,50,27,35,34,19,29,30,49,33,42,46,34,56,46,54,15,34,38,15,42,60,58,19,51,23
65,44,30,41,69,50,15,38,41,19,17,33,51,34,43,42,31,57,50,50,23,29,38,18,49,62,57,22,51,23
58,45,29,40,62,58,30,30,47,19,26,46,56,37,47,38,32,53,38,46,16,39,44,12,52,52,60,23,42,15
63,52,23,44,63,54,26,40,37,20,30,37,56,41,45,36,31,55,43,47,17,32,42,22,47,58,60,20,36,15
57,41,28,47,68,42,19,33,38,19,28,43,58,33,38,46,42,55,46,39,21,33,47,18,55,55,58,13,52,20
54,48,31,47,66,59,20,33,37,16,24,44,51,30,52,44,32,67,41,50,17,28,36,15,49,64,59,21,38,19
55,49,34,46,65,50,31,38,35,18,25,40,50,30,46,48,41,57,41,49,23,31,37,20,49,57,59,15,40,13
52,49,26,41,65,59,23,36,30,25,27,35,57,41,40,50,43,55,57,41,16,29,40,17,43,51,56,20,43,25
58,49,32,40,60,61,27,38,44,14,17,39,50,41,45,44,38,56,49,49,19,26,43,17,43,52,58,17,45,21
64,58,27,48,63,61,17,32,39,16,25,51,46,30,47,45,36,56,41,38,15,36,44,21,47,54,56,17,46,16
62,41,31,44,68,59,21,44,37,20,23,37,44,38,45,40,33,62,42,52,21,30,45,17,46,53,55,21,36,25
65,43,25,52,61,56,25,41,39,22,30,32,50,33,42,43,37,50,47,51,21,30,44,20,43,57,58,11,43,21
63,41,28,51,67,54,29,37,39,16,35,35,52,36,47,42,26,56,45,49,23,26,35,18,47,54,57,22,38,24
59,48,24,47,68,56,19,37,46,11,25,33,63,31,47,46,33,57,42,38,14,29,43,23,50,61,56,23,39,24
63,47,40,43,65,57,15,34,37,18,25,29,54,35,45,52,34,58,37,50,18,36,44,20,46,57,54,21,42,16
59,52,25,50,66,62,17,42,41,17,23,40,49,26,44,46,35,53,55,43,19,33,45,18,51,55,52,17,41,16
53,61,15,44,63,54,21,40,35,19,25,37,52,43,44,45,33,58,51,45,28,35,42,18,42,57,57,18,41,16
51,55,26,49,67,54,24,40,34,17,22,37,53,32,47,49,32,58,48,47,19,29,34,21,47,59,56,21,41,23
60,49,29,45,66,57,27,33,41,21,29,41,52,25,51,39,37,58,38,51,15,25,41,20,43,61,61,13,46,18
56,46,32,43,57,64,28,35,42,17,21,39,59,37,40,53,33,54,46,50,21,30,41,20,33,56,59,22,38,20
55,51,34,38,63,51,24,35,35,19,28,32,57,40,50,46,39,52,46,53,16,31,38,17,41,59,49,20,48,25
62,49,33,43,59,47,18,42,35,18,32,41,52,33,45,44,39,54,44,49,18,27,37,20,54,55,58,20,46,18
51,47,31,43,72,58,27,33,42,17,19,39,53,34,44,42,34,58,37,49,22,32,45,23,45,57,52,25,38,23
62,46,25,47,64,58,23,31,38,13,22,35,60,33,51,51,37,56,48,47,20,26,38,16,41,62,61,17,38,26
55,46,30,37,63,49,19,34,42,16,21,30,56,37,50,48,37,56,47,51,15,43,37,17,46,56,64,24,39,27
59,48,27,50,62,56,22,38,40,18,18,42,50,37,48,46,33,62,46,51,15,27,42,21,46,54,56,18,39,21
59,43,28,43,65,52,23,34,41,18,26,42,50,38,40,40,39,58,41,50,20,35,43,20,51,63,51,18,45,16
56,50,30,44,59,60,20,37,35,15,26,35,57,34,51,50,36,59,47,47,23,30,31,27,41,57,51,20,39,25
51,43,25,45,69,50,19,41,40,22,19,42,56,42,44,51,35,62,50,42,17,28,44,11,49,59,56,18,42,20
59,44,32,38,64,58,21,34,40,17,27,38,51,36,54,38,36,67,48,47,14,23,29,19,49,60,61,23,48,17
54,49,37,49,60,55,28,30,36,24,38,42,62,39,46,44,33,52,43,46,16,29,33,15,48,52,55,14,46,17
57,46,34,42,65,57,24,42,36,24,21,37,52,33,49,43,32,55,42,49,18,32,48,21,45,48,61,18,44,17
56,51,30,45,61,53,31,42,34,14,22,37,49,37,43,55,37,52,51,51,19,32,48,16,41,53,57,14,44,17
63,55,30,41,53,51,21,40,43,14,22,44,61,35,44,45,29,59,44,48,19,31,41,17,47,58,58,16,38,25
53,42,22,50,64,54,24,48,41,13,25,41,51,31,35,52,41,54,50,44,18,32,33,17,58,64,60,21,31,23
56,52,33,46,60,57,11,36,37,16,31,37,52,39,49,37,34,52,43,53,21,33,41,19,52,58,54,18,45,20
51,51,27,41,63,53,26,36,45,18,23,46,52,40,51,41,33,52,46,45,17,30,37,19,54,62,54,15,43,21
62,51,29,47,65,56,18,37,51,16,29,38,47,40,46,38,34,51,46,44,21,26,51,13,46,59,58,17,41,15
61,52,28,46,60,56,23,38,41,14,21,49,52,29,51,43,33,59,45,46,22,32,47,19,37,50,52,20,46,20
62,52,27,48,62,49,22,30,35,14,23,38,54,33,48,48,38,62,49,47,21,35,38,18,49,60,52,19,41,18
57,47,26,43,60,57,19,35,34,21,21,34,57,34,43,45,38,53,47,45,20,36,45,22,51,58,61,19,41,23
55,45,32,49,65,61,17,32,39,19,25,47,57,33,47,43,24,58,41,49,23,27,43,15,50,55,63,20,40,18
57,45,29,45,66,60,20,29,40,16,19,40,55,43,48,41,32,52,44,48,18,23,43,20,49,64,55,22,45,24
61,47,34,38,67,57,23,37,43,16,24,37,45,35,50,47,33,59,41,49,13,38,39,17,44,58,59,20,36,25
63,54,28,42,68,54,17,31,33,20,26,46,51,35,53,45,37,50,34,45,21,32,40,20,44,59,62,20,41,21
59,47,26,50,65,54,25,33,36,15,27,45,53,36,55,47,33,54,44,39,20,31,39,17,40,65,53,16,46,22
53,53,30,52,68,59,20,30,33,25,23,47,45,34,50,44,37,54,44,52,18,28,35,21,44,59,51,20,39,24
56,42,30,42,66,61,22,35,35,22,26,47,52,33,40,53,37,57,46,55,21,29,38,18,47,53,55,13,41,20
61,55,40,44,65,58,20,39,41,16,28,43,54,33,48,46,27,57,45,38,18,33,38,17,47,54,57,13,38,19
58,47,24,44,66,57,20,31,44,23,24,38,58,40,37,38,41,56,51,44,19,34,39,18,46,57,53,21,43,21
61,47,30,53,66,51,23,29,43,20,31,30,53,38,54,41,32,58,46,45,20,35,33,17,51,53,56,17,41,18
64,45,30,48,64,61,26,33,43,22,21,42,51,34,50,48,28,63,40,46,18,29,29,16,41,58,56,25,41,20
65,49,32,34,66,50,26,35,40,10,26,47,53,35,50,35,40,56,51,43,15,30,46,20,47,57,53,17,42,22
60,49,34,37,58,57,15,37,37,21,29,35,54,35,53,47,34,55,43,43,17,27,39,23,55,57,59,18,48,16
58,52,29,48,68,55,21,39,39,20,20,31,56,30,47,45,43,52,41,47,15,28,38,18,50,62,61,18,40,21
58,48,29,50,65,56,22,41,44,15,22,47,52,32,43,47,31,58,42,46,24,26,39,18,45,57,58,18,44,15
58,46,32,45,62,54,25,37,41,14,23,35,51,35,53,44,29,53,51,45,19,38,42,21,49,58,57,17,35,23
66,42,32,43,63,52,23,40,42,16,26,30,51,39,50,48,34,56,49,46,17,31,38,18,41,60,56,23,44,16
49,44,28,47,71,53,24,33,44,16,27,40,50,31,44,48,31,58,54,49,20,30,44,17,50,55,58,19,40,18
56,41,25,41,69,53,24,36,37,21,18,35,55,40,51,46,37,55,54,46,22,30,36,19,47,63,49,27,35,24
58,54,30,41,64,53,27,38,47,20,22,37,55,35,45,45,37,51,49,53,13,23,42,14,51,52,57,15,44,20
58,50,32,40,58,55,33,40,40,17,28,36,57,31,47,43,36,53,55,46,13,32,37,16,44,55,62,18,46,14
66,51,34,47,62,63,17,39,43,19,27,38,47,31,47,46,35,51,40,42,19,30,36,18,43,60,49,22,46,24
53,48,31,42,67,56,24,34,42,17,20,44,55,34,42,38,30,53,49,52,16,34,45,23,46,58,59,16,41,23
57,48,30,39,65,52,19,38,33,19,21,43,52,37,49,40,32,57,41,54,23,36,43,12,46,56,61,19,43,27
52,48,25,45,57,59,27,37,37,16,31,43,60,34,49,47,32,57,45,44,14,33,48,20,50,54,59,17,36,16
52,48,30,48,60,42,25,34,39,20,25,45,52,40,60,52,37,53,47,43,18,26,43,14,51,54,51,17,41,25
65,48,21,42,68,62,17,41,44,22,19,36,49,42,48,46,30,57,52,57,24,31,40,15,47,51,54,17,33,14
53,53,22,44,66,60,18,38,36,18,25,42,54,33,53,43,35,53,49,42,15,32,42,17,45,63,55,19,45,22
56,45,34,44,65,59,22,29,44,15,23,38,48,33,53,46,34,55,48,42,22,31,38,22,49,56,58,16,50,17
62,41,27,43,61,56,23,37,40,16,17,32,53,39,51,45,35,55,56,53,18,33,38,21,48,59,53,19,43,18
62,42,31,46,69,63,18,32,29,17,20,32,50,35,51,46,34,56,47,53,19,34,32,18,46,64,66,16,48,16
50,40,35,39,70,60,21,31,35,19,18,39,55,41,52,42,33,53,50,54,20,29,37,20,46,62,56,22,41,22
61,49,29,45,67,58,23,36,41,21,24,37,43,40,51,43,30,58,42,49,23,31,38,24,40,55,60,11,47,16
63,47,32,49,62,55,18,32,41,10,23,44,45,31,44,44,40,60,42,51,25,33,42,21,39,58,61,17,38,25
66,42,25,49,60,55,18,38,38,15,25,30,48,50,50,49,38,59,49,51,22,33,42,18,44,54,56,15,34,19
57,40,28,47,62,53,23,38,43,18,24,43,54,31,48,44,47,55,40,49,23,33,33,17,45,55,60,19,42,21
56,45,26,37,67,60,22,38,38,16,24,45,56,37,46,45,33,57,45,50,19,32,39,19,49,56,57,18,44,16
55,50,35,40,61,58,22,35,40,21,31,37,59,42,45,43,42,52,39,46,25,32,42,22,37,51,54,15,38,23
56,44,36,47,69,51,17,31,38,18,26,44,53,34,49,42,40,54,47,41,16,30,35,24,53,54,61,24,38,20
61,45,30,47,66,59,19,39,37,14,25,42,52,39,49,38,38,57,43,43,19,34,36,23,44,65,56,19,38,15
52,45,29,46,68,57,19,38,39,16,33,38,48,36,45,49,35,59,37,46,24,38,31,19,44,61,61,18,46,15
61,44,15,47,74,61,19,35,37,18,23,33,59,46,45,44,28,60,49,50,21,34,34,18,44,58,55,18,42,20
59,47,37,42,67,50,22,35,41,16,18,37,46,32,59,43,40,57,49,58,20,30,38,18,48,56,53,17,37,20
53,53,34,46,64,59,22,35,38,14,28,33,55,38,49,41,37,53,42,50,22,28,41,17,44,62,51,17,48,18
57,46,31,48,71,57,23,42,45,20,24,41,53,32,46,48,32,60,40,45,21,24,39,19,49,55,48,19,38,19
57,48,35,37,63,52,26,33,42,14,23,31,57,39,44,39,38,58,48,49,23,33,36,19,49,61,48,17,54,19
50,49,32,47,70,56,20,38,37,12,23,42,53,33,44,43,35,54,45,52,18,35,42,16,48,57,54,24,43,20
65,44,30,43,67,55,22,31,39,15,25,40,48,40,51,45,37,57,45,51,20,32,33,19,42,59,55,18,47,17
56,52,29,47,62,56,22,35,37,15,17,32,53,40,49,52,32,56,41,53,23,34,34,21,43,57,59,25,39,21
57,49,28,51,68,49,22,36,43,13,22,36,55,36,52,45,42,48,39,52,22,26,38,21,50,55,58,18,44,17
51,51,26,46,69,54,18,31,40,17,22,30,52,39,52,51,33,61,41,43,20,34,41,21,45,53,61,21,48,21
56,47,39,43,62,66,17,38,37,22,21,37,48,38,44,45,26,49,50,52,20,34,49,18,39,63,60,18,43,11
58,52,29,44,63,58,23,39,33,19,31,43,58,38,53,38,34,53,41,48,22,27,39,17,49,56,54,17,42,14
53,47,28,43,65,57,21,35,32,23,26,41,50,40,49,36,26,44,54,50,25,43,47,22,47,58,59,15,45,11
60,51,36,46,62,54,23,34,39,20,22,43,51,31,50,49,38,49,43,49,23,32,36,19,49,60,52,18,33,20
64,45,33,50,69,62,22,38,41,15,21,40,47,34,48,48,33,58,39,44,21,31,35,18,48,51,63,13,41,20
62,46,29,41,66,60,26,32,44,15,30,43,53,37,49,41,31,47,40,47,20,23,42,16,46,62,59,16,48,21
60,47,30,53,62,58,22,37,33,19,24,32,57,36,52,50,33,54,42,44,16,31,35,17,50,56,57,30,39,16
61,47,36,38,63,60,24,38,39,22,24,46,47,32,40,45,32,52,49,49,24,30,39,13,44,54,59,22,44,19
63,48,35,44,69,50,25,39,36,21,31,38,50,39,41,34,29,51,49,49,19,28,43,21,45,54,53,19,48,21
54,55,28,42,65,53,19,32,41,13,18,34,54,43,55,52,37,58,40,43,26,30,36,24,46,61,61,17,36,19
59,45,28,40,69,44,17,37,38,13,26,46,54,33,52,42,37,57,36,46,25,29,42,16,51,64,66,18,43,19
51,48,40,38,65,51,25,46,35,21,28,32,59,35,52,48,32,52,43,50,15,28,35,18,46,59,61,16,41,22
62,44,23,46,65,56,20,36,39,20,24,45,45,42,49,53,33,58,33,45,21,32,47,20,50,51,57,20,39,17
58,48,34,53,62,56,18,38,43,13,23,35,47,38,43,41,34,62,47,50,18,32,46,21,44,56,55,13,38,26
63,46,29,41,66,52,24,37,40,11,25,37,62,34,48,46,20,51,45,48,24,37,39,23,48,61,56,15,50,14
56,45,27,41,58,48,25,34,42,20,18,43,60,34,49,34,40,60,44,47,27,29,42,18,48,59,60,22,43,19
57,56,26,41,68,52,28,30,34,18,25,39,52,32,40,43,39,60,48,43,19,35,47,17,47,60,53,19,46,18
57,42,19,38,63,55,26,43,34,26,30,40,49,44,37,46,34,56,47,51,16,31,37,22,51,61,58,16,45,18
55,53,32,43,64,65,23,32,43,14,24,41,55,33,43,45,36,63,43,46,18,28,44,20,46,51,60,16,35,21
59,46,32,44,66,51,24,40,43,16,27,43,53,38,47,54,34,51,42,52,13,30,35,21,47,49,51,17,49,18
59,43,30,49,65,55,31,40,39,20,23,37,46,38,46,41,38,66,56,48,24,29,33,21,45,53,49,18,30,20
55,53,38,54,60,55,20,29,39,16,26,38,43,38,45,38,31,62,47,48,18,34,36,18,44,63,59,24,50,11
58,47,26,48,67,56,28,45,39,20,21,29,54,33,49,42,35,54,44,49,13,31,45,18,53,60,56,21,36,15
60,54,26,43,66,60,20,37,41,19,26,41,55,32,49,47,39,53,36,44,18,32,38,11,46,60,53,29,43,14
59,45,31,41,67,52,25,45,37,18,19,37,51,33,52,52,35,56,42,40,21,33,39,22,48,55,55,23,40,19
69,52,29,45,65,55,20,36,35,17,23,38,59,39,46,44,36,59,43,51,16,26,32,18,48,54,59,18,40,20
56,41,31,44,68,57,21,30,37,21,26,30,52,30,49,48,36,64,44,53,21,30,39,16,51,60,51,18,46,22
58,44,35,44,70,65,23,29,36,15,21,49,53,32,47,36,34,61,44,49,24,30,47,18,43,59,52,21,38,15
56,49,25,47,67,60,19,40,36,23,32,37,52,34,42,47,35,60,40,43,21,33,36,22,41,53,59,15,46,22
57,47,31,36,64,55,20,44,48,18,18,42,50,34,45,46,37,64,45,54,14,33,36,14,53,56,60,21,36,14
52,46,25,47,65,59,20,33,43,23,28,39,56,40,47,54,33,53,41,42,24,33,38,15,50,51,59,22,36,18
51,55,23,45,70,50,19,37,39,23,27,34,55,26,47,50,33,50,47,49,22,29,43,18,49,62,56,20,45,18
63,44,27,39,63,59,23,38,47,17,21,43,49,34,42,49,35,53,42,57,20,30,38,19,45,57,59,19,44,16
60,47,26,43,64,56,20,35,32,17,25,44,54,46,46,41,25,56,39,47,18,38,44,17,58,61,54,19,41,19
60,51,31,44,66,57,21,33,41,17,31,28,48,36,48,41,40,61,50,52,16,36,33,21,42,59,51,18,43,17
49,56,25,37,71,52,30,34,47,15,29,37,52,39,53,40,34,48,44,50,23,29,43,21,49,59,50,23,34,19
58,46,25,43,65,62,20,36,41,13,23,33,52,31,42,44,37,62,46,55,17,35,41,23,50,62,56,14,43,17
56,46,32,46,61,53,18,34,38,14,25,37,59,41,58,42,34,53,41,47,23,35,36,21,40,57,58,26,41,20
62,51,27,42,68,48,15,36,34,13,17,42,59,36,47,47,38,63,43,49,19,32,45,22,49,43,55,21,48,21
58,49,27,36,66,59,23,35,41,21,26,41,51,38,51,50,31,58,44,53,21,29,39,10,38,58,57,19,46,17
62,46,31,41,62,58,19,38,38,15,23,43,56,31,52,52,32,55,39,43,22,33,35,21,53,59,52,22,42,17
55,43,29,37,65,58,24,44,44,18,21,45,53,36,44,51,33,54,46,59,20,31,37,16,42,58,57,14,35,23
59,43,36,53,64,58,26,38,34,16,27,38,46,36,42,49,30,54,42,45,18,32,37,15,48,60,61,23,45,17
57,51,29,48,63,54,25,45,32,18,26,33,61,36,46,41,33,58,38,46,18,33,46,13,44,58,59,20,38,23
58,50,31,49,71,59,25,33,39,10,29,39,55,31,44,43,26,57,48,44,19,37,41,17,47,64,56,18,39,13
65,41,33,44,70,54,28,37,33,20,23,32,49,36,37,39,22,62,42,56,24,40,39,25,38,59,59,21,45,19
54,42,31,44,62,59,18,35,31,18,18,41,57,33,56,48,38,54,49,56,17,27,44,20,51,50,56,22,41,20
63,47,34,41,60,56,20,25,33,18,21,39,51,36,46,45,42,57,50,48,18,33,48,13,50,62,48,19,50,19
57,43,31,45,65,61,26,38,38,16,27,38,56,28,54,36,37,52,45,53,14,27,38,18,50,54,61,18,43,23
58,55,36,46,59,49,24,34,43,20,23,40,55,34,44,50,34,61,39,46,22,34,35,21,42,52,58,16,42,20
59,52,29,40,64,53,23,38,33,16,21,41,54,41,52,50,35,58,55,46,23,28,42,16,40,56,58,14,36,19
62,54,31,41,59,61,24,40,43,22,27,26,50,38,49,37,35,61,37,46,25,33,29,18,46,56,53,22,47,20
62,47,23,48,64,59,20,39,32,23,21,42,53,37,51,47,37,50,51,43,17,41,38,17,49,56,57,15,38,15
54,42,24,47,63,65,22,43,41,20,29,36,42,42,50,41,36,49,55,48,20,32,34,26,52,49,54,16,38,22
55,53,28,42,71,51,29,32,30,18,29,44,53,32,50,39,32,54,45,50,20,24,46,16,43,54,64,22,46,20
62,43,37,45,63,50,24,44,31,20,32,30,53,33,47,44,39,56,48,49,17,31,39,19,49,51,55,21,42,18
60,51,28,43,68,51,17,33,37,17,27,31,51,36,49,43,31,64,39,45,21,44,43,22,42,58,62,20,32,27
61,49,27,41,66,50,23,31,49,19,25,41,57,39,57,39,34,57,50,35,21,27,34,17,49,57,63,17,39,18
60,48,23,46,66,53,31,37,45,11,23,39,58,37,44,48,34,55,47,46,21,36,43,16,44,53,53,14,39,22
53,50,21,46,63,59,25,31,41,14,26,52,41,33,57,53,34,58,49,45,24,30,48,16,39,61,54,19,37,13
64,56,28,44,63,50,24,41,36,20,20,40,54,46,52,45,28,57,43,53,21,30,32,20,44,55,51,23,37,15
61,49,30,49,65,53,19,39,36,17,18,41,49,35,48,42,33,53,50,42,21,31,40,19,50,62,55,18,47,20
45,43,24,54,70,64,23,44,42,21,26,42,50,34,35,45,38,54,47,51,23,32,36,19,43,57,54,18,35,23
57,51,23,48,65,56,18,30,41,22,27,41,62,34,39,40,37,55,42,49,24,31,50,14,43,57,54,21,46,15
58,41,28,44,64,58,21,40,43,18,24,38,51,40,41,50,39,61,42,50,17,29,37,22,45,55,51,21,39,25
63,42,29,46,61,58,18,34,45,19,29,42,58,34,53,52,32,55,45,44,15,21,43,17,52,53,49,21,40,22
60,54,33,43,65,51,25,33,33,18,30,32,57,36,49,42,38,57,44,40,14,27,43,16,47,57,57,23,47,21
57,42,28,43,71,54,20,41,41,23,31,39,54,32,47,40,32,54,46,55,33,23,37,25,42,52,51,18,44,17
61,46,31,37,63,61,24,25,44,23,29,41,62,36,50,42,43,48,42,47,23,28,39,13,51,52,53,22,42,14
53,45,30,39,58,58,17,45,46,17,23,39,51,46,39,50,38,63,41,49,12,39,41,16,44,55,54,21,43,20
61,51,28,43,71,56,24,37,46,12,22,34,52,28,41,43,35,62,44,52,20,34,39,21,47,62,52,18,38,19
60,50,27,41,61,63,26,33,36,17,26,38,55,34,45,50,31,54,51,59,23,30,36,17,44,60,48,19,36,22
55,46,30,55,70,48,20,35,30,16,20,38,51,43,46,42,36,55,53,53,17,35,49,21,42,47,58,22,45,14
54,43,32,41,67,59,25,39,35,22,24,34,55,37,41,50,37,56,48,48,24,35,37,16,48,54,49,20,45,17
53,40,27,46,65,58,23,39,50,15,31,37,51,41,45,47,39,54,52,44,22,22,39,11,43,58,54,18,45,23
62,57,41,44,63,42,27,28,31,13,24,36,48,36,52,45,36,56,45,44,25,31,39,15,55,64,50,24,36,23
62,47,26,40,66,55,25,43,43,21,24,35,55,37,45,54,35,55,37,46,14,32,33,16,45,52,53,19,53,24
62,46,37,40,59,57,21,30,35,16,28,43,54,38,52,42,32,54,40,51,23,30,47,15,47,60,55,21,37,20
62,52,28,50,64,61,22,43,30,12,22,38,45,34,47,44,39,47,48,52,20,36,30,20,44,62,56,19,42,23
52,45,24,41,65,53,31,37,45,18,24,45,45,37,44,44,39,55,37,49,29,33,40,22,40,60,60,16,38,24
55,49,27,47,66,61,20,24,41,20,27,39,54,35,44,52,37,55,40,46,19,29,39,28,44,55,60,15,42,22
59,48,27,43,67,53,26,35,41,19,24,38,56,34,48,47,35,55,43,50,17,31,32,16,40,63,61,20,45,19
53,42,31,45,68,50,21,53,44,22,22,43,51,33,49,39,30,59,35,43,21,36,35,17,49,62,60,19,39,21
58,53,21,47,61,56,20,29,45,18,23,39,56,41,43,42,38,56,39,52,23,29,46,23,48,57,57,15,40,17
60,50,30,55,63,56,25,37,35,16,27,32,50,38,51,42,40,53,44,54,17,25,34,15,44,58,50,17,56,18
61,50,32,42,61,57,26,38,41,22,19,44,41,40,46,45,31,57,51,44,19,35,43,11,45,51,59,16,45,20
60,50,29,50,64,54,20,31,40,17,19,40,57,31,40,43,35,65,41,54,18,35,51,15,48,54,56,22,33,20
54,48,26,45,68,57,19,41,47,15,17,42,57,37,44,49,31,52,42,40,16,27,47,22,52,56,55,23,49,14
58,46,20,46,65,56,23,34,45,18,27,42,55,37,46,49,35,52,46,51,16,29,43,17,40,54,59,18,42,23
56,56,36,47,61,53,15,34,39,7,21,43,54,39,51,42,37,56,39,52,24,26,42,25,44,59,52,18,41,23
54,49,34,40,68,58,24,33,33,19,27,47,45,34,49,49,34,57,46,51,23,36,32,17,51,52,58,18,33,21
54,47,28,45,63,66,21,35,43,13,24,38,56,40,46,52,31,55,42,48,20,29,39,18,41,53,48,23,49,25
58,50,32,50,66,60,19,39,41,13,27,40,41,36,46,41,33,61,42,51,21,27,43,22,53,48,60,21,32,19
60,50,25,52,67,58,24,29,45,22,27,45,52,33,45,47,30,52,39,49,20,28,35,15,45,63,55,17,47,16
58,42,28,48,60,56,23,32,36,18,25,43,50,38,41,44,29,54,52,44,23,34,46,17,52,60,62,15,44,18
63,45,27,40,66,53,17,40,33,19,28,39,55,31,44,41,38,60,47,39,27,34,41,18,46,64,54,20,41,22
59,55,28,41,64,52,24,39,46,19,28,42,61,38,43,44,27,44,51,49,23,28,34,17,49,53,54,19,43,18
59,47,31,44,70,56,22,34,40,23,26,34,48,32,49,50,36,58,42,42,15,28,43,23,46,55,57,24,43,15
59,50,28,48,63,61,24,32,30,19,23,42,56,36,48,43,31,54,46,55,27,30,40,17,47,50,52,15,48,18
59,44,24,46,61,56,28,32,41,16,27,44,56,35,53,46,37,54,43,46,22,29,38,20,55,62,52,14,41,11
53,47,26,35,71,50,25,35,35,24,27,43,47,37,49,44,34,58,50,46,19,33,37,19,50,60,54,16,49,19
56,45,32,42,68,49,25,34,30,19,22,40,56,33,50,51,33,55,51,44,19,36,33,23,52,60,51,15,43,25
62,47,20,44,66,53,22,36,40,19,27,34,54,34,47,50,32,60,47,51,21,25,35,23,48,53,67,18,39,18
46,41,25,50,61,55,23,41,42,15,24,35,54,35,50,47,42,52,48,51,27,38,37,18,46,62,53,20,36,18
57,41,30,46,62,50,21,36,37,18,23,37,55,39,52,45,42,67,44,39,21,22,46,20,54,59,53,16,38,22
60,54,32,44,64,53,26,32,35,22,17,42,46,42,46,34,35,54,40,44,16,36,36,23,53,58,59,22,45,22
58,46,30,50,64,58,23,32,39,17,19,37,47,37,42,51,42,54,48,46,17,35,41,16,37,64,61,22,40,19
53,47,35,41,70,59,24,41,42,17,26,43,53,39,48,41,30,56,42,47,14,28,45,16,51,57,51,15,41,20
64,56,31,40,65,56,23,31,41,16,23,42,48,35,44,47,32,57,39,48,15,36,36,14,48,63,64,18,43,17
51,52,22,50,67,57,27,36,28,15,20,43,53,33,53,46,31,62,40,51,22,35,35,18,55,56,56,24,36,18
49,51,23,40,65,46,32,38,40,20,25,45,54,35,47,44,28,66,45,48,17,36,38,18,46,61,52,21,47,15
54,49,36,40,66,58,26,35,37,18,22,46,59,32,43,44,29,58,50,48,22,35,32,17,44,57,54,20,41,20
59,43,37,44,65,53,22,39,30,17,31,37,52,35,54,42,35,57,50,45,21,25,40,23,44,56,58,21,45,12
56,42,29,39,70,58,25,36,46,22,25,41,50,29,52,47,35,55,37,55,17,32,42,19,41,62,53,18,41,18
60,51,28,43,65,61,14,35,34,18,21,43,52,34,52,43,35,56,41,51,14,33,42,19,50,66,55,24,37,15
61,45,25,45,68,47,22,38,42,19,26,39,52,35,46,44,31,57,43,45,26,33,48,20,52,55,49,18,42,19
66,47,23,40,69,59,18,36,31,15,21,36,53,36,52,50,36,54,46,45,20,35,37,15,47,58,55,19,52,21
58,41,40,43,67,55,23,41,35,19,24,45,46,31,50,46,41,54,48,44,22,31,36,20,45,61,53,18,44,11
60,45,29,37,62,52,18,41,39,20,25,41,50,39,43,48,36,62,48,49,23,30,40,20,44,56,56,18,44,17
52,44,30,40,62,57,23,32,33,24,19,38,53,34,60,43,25,57,50,53,21,35,43,23,50,62,58,11,45,15
57,47,28,55,61,60,23,36,33,21,30,33,49,33,52,45,36,55,46,50,24,26,34,15,46,58,56,22,45,16
61,48,36,34,66,56,19,33,41,20,24,38,53,39,46,46,40,54,51,42,27,31,35,20,42,57,58,12,42,21
64,50,26,44,62,56,25,42,40,23,24,34,45,36,50,39,39,47,41,57,21,28,41,23,46,60,51,14,38,26
59,47,31,43,67,55,24,32,41,16,22,35,57,38,50,39,39,57,44,44,19,33,40,20,43,63,55,16,45,18
58,51,29,39,66,49,23,35,41,15,31,41,50,36,52,37,36,56,46,43,21,30,45,18,57,48,58,23,38,20
59,50,36,40,64,61,20,31,32,20,24,36,49,32,47,52,32,60,45,57,18,33,38,25,43,56,62,14,39,17
60,42,31,35,71,51,22,34,34,24,26,32,58,46,44,46,29,58,57,49,19,22,35,19,52,58,53,20,41,24
58,43,34,39,67,57,19,33,39,18,20,31,51,33,52,49,36,55,47,44,21,35,38,19,48,55,56,24,47,24
53,46,29,52,54,60,20,33,33,22,24,39,54,43,48,45,38,58,40,51,16,32,34,25,47,58,49,24,41,24
60,50,28,38,68,55,21,41,46,17,23,44,47,27,44,45,38,61,53,53,21,26,39,16,42,51,58,19,42,19
54,50,29,44,64,56,24,45,37,14,25,38,51,39,46,35,44,55,41,48,18,40,32,18,48,61,58,18,44,16
66,49,31,41,61,58,20,33,39,9,28,41,56,34,54,42,35,59,41,41,18,27,40,19,53,63,54,18,44,18
55,44,26,47,69,55,34,40,38,17,26,39,56,36,41,43,33,60,46,40,17,36,32,15,45,57,53,21,47,24
58,50,27,38,61,59,23,43,44,10,23,36,57,32,53,50,37,53,50,44,19,23,42,21,51,52,49,17,43,27
53,44,30,44,63,48,33,31,39,17,24,36,55,33,50,54,39,54,45,41,28,26,51,17,46,58,60,17,30,26
60,42,31,44,67,56,17,43,37,20,25,35,47,32,48,46,37,62,41,49,17,31,34,23,51,62,60,14,40,21
63,45,32,44,65,57,26,37,38,18,21,49,49,40,51,39,34,62,43,45,27,28,39,15,49,56,57,15,32,16
60,46,27,46,66,57,26,32,37,16,21,33,51,34,49,60,29,52,47,48,20,31,37,20,48,59,58,19,46,17
58,42,39,45,58,51,22,35,43,24,26,33,50,40,45,45,35,50,39,53,22,32,34,19,48,58,59,18,44,25
53,47,24,41,65,52,19,39,40,16,14,45,50,38,49,54,35,57,43,51,21,33,41,19,42,60,60,22,37,25
63,41,33,41,60,59,23,40,35,16,26,33,52,33,48,40,31,54,41,52,20,35,32,10,52,61,56,23,54,28
58,36,29,39,62,56,28,36,38,11,29,42,48,33,54,45,40,58,55,47,28,36,40,18,44,52,52,21,43,14
57,48,30,42,66,59,28,47,35,11,21,38,51,34,46,41,42,59,46,44,18,27,42,16,47,58,54,20,51,14
61,53,27,45,71,49,24,34,37,13,23,37,47,32,47,45,33,62,48,51,19,30,41,20,56,60,51,14,37,25
60,47,29,50,64,60,17,40,34,16,23,47,52,39,50,44,33,55,42,47,19,33,45,17,44,54,56,18,46,11
61,52,30,40,60,58,18,36,37,19,28,44,60,32,48,53,32,53,39,44,19,33,30,22,39,60,58,19,53,15
59,46,24,46,67,55,21,38,43,19,19,36,52,33,47,49,34,53,49,46,18,31,36,19,42,61,61,20,46,22
59,47,34,38,66,59,20,37,30,21,23,39,58,33,50,44,40,52,40,41,22,33,38,26,42,59,59,19,42,21
55,46,28,46,68,59,20,39,38,19,25,40,50,38,51,53,30,52,50,52,19,24,32,15,46,54,58,19,47,19
57,46,26,44,66,46,16,38,39,13,23,43,53,30,41,51,38,60,42,56,27,28,46,14,43,57,58,26,44,21
52,48,36,50,63,56,23,32,36,11,31,41,48,35,45,44,36,57,40,56,19,27,45,19,49,60,54,20,42,17
51,42,33,43,62,56,24,34,34,15,24,55,62,34,50,48,36,52,44,49,22,29,40,14,37,63,54,15,48,22
58,42,34,48,64,60,23,38,43,17,20,36,37,41,60,43,36,57,38,47,25,32,43,18,46,52,60,18,41,15
62,47,27,54,63,47,19,35,38,10,27,36,50,43,49,49,33,63,51,47,14,30,43,12,46,59,56,22,41,19
55,52,28,48,61,48,30,51,38,20,34,40,44,37,45,52,30,49,36,49,16,34,37,16,51,64,54,18,37,18
50,43,32,43,71,63,18,38,46,18,23,43,55,27,43,41,39,55,43,55,16,28,41,21,50,59,61,17,38,15
55,47,31,41,68,54,29,37,27,17,22,49,56,33,40,45,30,53,43,51,26,27,45,20,60,58,48,20,33,27
57,48,26,47,63,56,22,38,44,20,26,38,51,33,48,41,36,55,46,54,17,27,38,24,49,53,58,20,41,16
57,45,33,53,66,53,18,33,40,18,25,37,52,43,46,41,30,53,40,51,20,27,41,25,43,63,55,13,48,23
58,49,30,41,69,55,21,41,29,22,22,44,52,35,54,45,37,57,33,44,16,27,39,24,45,56,62,21,43,21
62,47,30,45,64,56,18,37,41,21,22,42,57,28,47,48,34,61,41,47,15,33,45,17,44,54,55,19,40,22
57,52,29,42,65,58,26,33,45,15,20,29,50,38,49,41,33,53,46,45,24,23,40,24,49,57,58,20,48,23
54,47,30,40,59,56,17,34,43,19,26,51,55,31,46,53,45,46,43,44,24,34,41,14,42,58,58,25,40,17
57,43,34,43,65,52,20,39,45,11,24,45,51,41,46,50,32,53,48,45,22,30,36,16,45,57,50,21,45,26
53,46,23,44,63,55,25,34,45,16,26,52,54,38,50,45,36,55,37,50,21,27,45,18,43,56,56,20,35,24
54,55,38,49,65,46,23,30,41,16,30,46,52,31,52,41,30,48,51,52,20,31,39,17,50,62,51,15,42,15
58,51,33,40,58,49,18,38,39,20,28,33,51,47,55,38,35,56,45,49,19,24,40,19,49,61,58,18,45,18
56,45,26,41,69,52,24,32,36,25,19,35,47,33,55,48,33,60,42,55,22,29,35,24,45,61,58,22,43,20
56,49,30,43,65,56,24,40,39,12,27,42,47,42,49,36,24,54,48,49,23,37,38,22,45,59,51,19,49,17
63,47,33,50,64,55,22,31,44,18,26,42,46,40,44,47,33,64,52,43,16,29,38,11,45,60,53,23,35,18
51,47,26,44,70,64,21,41,40,20,22,36,49,30,51,47,37,62,46,42,16,31,36,20,45,60,52,25,47,14
57,48,30,38,64,61,26,37,45,21,23,40,52,32,51,49,29,64,44,46,21,33,46,18,42,54,49,20,37,15
58,45,31,53,63,56,16,32,42,12,23,41,53,38,55,50,30,63,41,45,20,28,35,21,53,58,56,14,38,22
56,44,29,36,67,59,16,30,38,15,27,42,62,43,41,45,32,56,47,46,27,33,42,16,50,60,54,17,41,21
62,43,30,46,61,55,26,34,42,19,22,33,54,35,45,42,24,61,41,50,19,41,32,24,49,61,59,16,40,26
56,51,32,43,67,58,25,32,42,14,26,44,53,38,50,51,31,51,40,47,20,33,39,13,41,54,55,19,45,22
60,41,27,42,71,57,24,42,34,15,18,29,48,42,51,47,35,56,40,48,21,31,42,19,50,58,63,22,42,17
63,44,33,47,67,53,26,37,42,19,26,37,49,31,49,42,28,57,42,39,25,32,47,18,47,54,55,16,47,20
62,51,30,47,63,63,24,37,34,20,19,37,57,41,48,42,33,58,48,36,21,26,47,25,50,48,59,18,32,16
60,47,31,45,67,55,25,32,40,20,19,40,51,31,43,52,32,59,44,50,17,36,38,19,50,64,54,18,41,12
55,46,33,50,67,58,17,33,42,15,24,33,57,39,50,42,36,59,39,46,27,35,27,19,49,60,56,21,42,15
61,44,34,45,72,59,19,33,42,17,29,45,45,31,49,41,21,49,42,48,21,32,47,20,52,60,56,20,39,19
58,39,24,48,67,51,23,39,38,17,23,41,49,39,52,48,36,61,49,50,21,26,39,13,42,61,55,17,49,17
60,48,32,47,69,57,22,41,38,19,24,34,57,31,46,45,33,61,40,54,19,29,40,23,37,59,54,20,36,17
59,50,32,44,64,54,22,30,39,15,24,40,53,39,50,41,35,67,40,54,24,26,37,21,50,49,58,14,37,24
63,48,28,52,65,51,24,39,38,13,28,42,50,36,47,36,36,54,40,39,17,27,48,16,46,61,56,21,47,24
61,47,32,50,67,56,20,44,32,18,24,38,59,31,52,41,38,62,42,48,17,32,34,15,39,49,57,23,45,19
58,47,25,45,59,55,24,38,40,17,29,39,52,31,50,43,37,57,41,50,24,32,40,14,42,56,56,26,43,22
63,56,29,41,68,55,19,36,36,18,25,36,52,37,47,53,26,58,40,55,19,25,41,20,44,57,58,23,32,23
57,48,28,41,60,62,16,38,42,21,23,42,55,44,50,48,37,54,46,37,24,32,38,20,42,61,51,17,41,17
59,57,24,38,69,58,20,27,37,16,25,41,57,39,49,46,34,56,42,52,17,25,36,19,48,52,60,21,47,21
60,49,30,47,64,46,24,31,42,22,23,43,51,44,49,45,21,49,49,44,29,27,36,17,53,54,57,18,43,25
58,52,27,48,64,53,27,39,40,17,24,50,50,40,42,40,25,59,39,46,24,33,41,21,49,55,52,20,40,17
53,49,27,39,63,56,22,36,31,20,26,41,55,33,46,45,37,56,38,47,20,34,37,22,46,65,60,21,45,22
55,48,34,49,62,56,24,53,36,15,26,43,50,41,48,43,31,50,45,50,21,23,42,22,44,61,54,16,24,26
66,51,28,44,63,53,17,37,41,15,27,43,55,36,50,43,36,59,46,53,13,29,38,19,42,60,53,14,41,20
54,53,28,45,67,55,25,38,32,15,24,34,57,44,46,37,29,62,43,50,15,29,41,23,40,63,54,21,45,23
63,40,34,45,66,54,22,45,36,18,26,34,53,37,45,47,38,57,42,48,17,24,35,18,44,50,65,19,47,23
64,51,26,43,69,56,26,30,35,17,23,30,57,34,49,47,37,62,36,52,19,24,37,19,43,55,58,24,48,21
65,42,25,43,60,59,24,41,40,15,26,43,58,38,47,40,37,58,41,46,23,36,41,21,40,57,53,20,44,9
61,41,23,46,61,57,18,31,40,19,21,39,58,38,46,45,32,61,37,45,22,37,36,23,48,60,49,21,55,22
60,46,29,44,66,56,30,42,36,10,30,39,55,37,51,45,36,45,43,44,24,32,34,19,42,62,58,14,40,23
57,53,28,45,66,54,21,42,34,25,23,39,54,32,53,44,31,54,45,46,16,22,43,22,42,59,59,22,40,21
63,47,29,39,63,54,27,41,42,17,18,42,57,35,45,33,29,50,43,53,17,33,40,20,55,59,59,24,41,17
55,47,27,42,70,48,28,33,43,15,32,37,50,30,47,47,38,58,53,47,22,32,39,23,48,64,44,20,36,17
58,49,32,48,64,58,19,35,38,15,30,29,47,36,52,50,30,60,45,52,23,27,34,17,43,58,58,18,45,22
55,48,31,46,63,57,17,26,46,12,28,42,54,41,53,37,32,61,42,44,22,34,50,17,39,55,61,14,42,23
58,54,29,48,67,49,28,39,40,18,26,43,57,35,42,47,26,50,48,49,19,23,38,16,48,56,60,18,42,19
53,44,28,38,69,63,15,41,39,21,22,38,56,40,52,45,31,58,38,47,21,33,42,22,51,52,55,16,39,23
57,47,28,45,63,49,25,38,37,18,26,39,53,32,53,45,37,52,42,59,19,33,48,17,41,57,53,19,40,20
60,54,33,50,68,52,13,31,41,20,27,42,51,43,51,52,35,52,37,49,19,27,37,19,45,48,59,18,42,17
62,43,29,43,67,56,26,38,26,23,21,40,53,32,49,43,42,57,53,44,19,25,37,16,50,57,55,20,47,19
55,50,25,46,65,61,20,39,39,12,25,34,54,35,50,45,31,60,44,52,19,34,36,17,51,63,49,18,46,17
61,46,29,49,67,56,24,33,41,23,32,37,46,36,39,50,39,50,39,48,26,28,35,15,41,61,59,21,41,20
62,48,28,48,67,56,28,35,28,16,26,30,49,31,47,45,31,57,48,48,20,33,44,19,38,61,60,20,46,23
59,40,27,45,62,60,21,43,33,16,23,44,49,39,47,50,31,65,46,54,19,23,39,17,42,60,64,14,40,20
58,50,28,44,63,52,25,40,38,18,22,38,63,39,48,45,37,56,47,46,17,31,33,20,49,54,54,19,41,17
60,50,29,43,62,60,18,30,42,14,22,37,55,42,48,50,33,50,44,52,23,38,34,15,55,58,52,22,37,17
66,50,26,38,63,62,12,40,45,18,28,40,48,43,38,46,32,61,51,56,17,24,38,19,41,56,56,19,41,18
59,40,26,42,66,62,19,29,41,19,26,32,66,38,40,49,39,48,50,51,21,33,41,22,44,57,57,17,40,18
59,54,35,42,62,53,26,35,39,18,31,33,58,32,45,42,36,59,39,52,18,30,46,13,52,53,56,25,30,19
62,51,26,48,63,55,17,47,40,21,20,36,52,31,43,48,44,57,44,52,19,26,39,17,41,62,56,17,39,19
51,47,30,44,68,53,20,32,44,23,19,34,57,30,47,53,40,53,41,54,16,28,42,21,42,58,58,21,46,20
55,50,24,46,70,56,18,35,36,17,21,36,58,32,44,47,33,56,50,59,21,32,47,19,48,53,57,14,38,20
60,45,32,43,68,55,34,38,34,10,26,36,54,37,50,48,37,60,51,41,21,30,38,16,38,54,65,16,37,18
55,50,31,42,58,57,22,44,37,16,25,41,51,34,47,45,42,52,35,43,19,28,40,17,56,63,62,16,39,25
60,59,28,49,68,59,21,40,36,18,23,42,50,24,48,37,37,52,38,56,19,27,40,14,47,61,53,18,47,21
62,44,23,44,68,62,22,28,39,16,20,30,58,37,52,46,37,56,37,45,26,35,41,16,48,53,62,19,45,21
58,48,24,41,62,61,22,34,37,19,23,40,54,37,50,52,35,58,46,48,22,33,39,16,48,52,52,19,42,20
66,46,28,40,61,54,22,32,41,19,28,46,49,35,51,50,37,55,37,46,21,30,42,19,43,55,61,17,42,19
60,51,27,47,65,54,17,35,40,21,23,39,41,40,56,47,32,57,40,50,26,34,37,19,44,55,53,14,50,18
65,55,24,53,73,59,16,31,37,19,26,39,50,32,44,51,30,55,44,45,22,27,40,20,40,53,60,15,42,25
59,42,36,50,64,55,23,34,44,11,25,46,47,32,47,41,35,52,40,50,20,32,44,16,55,54,58,18,43,19
56,49,32,43,68,59,19,33,36,15,24,32,51,40,53,43,35,62,39,53,19,32,32,23,46,62,55,16,45,20
59,47,33,39,69,47,18,39,39,18,25,42,52,38,49,40,34,53,56,50,20,24,36,12,45,64,58,19,45,22
63,45,26,45,67,55,23,43,32,18,25,39,51,37,45,43,38,57,45,57,19,25,38,15,38,58,60,18,41,26
63,49,24,45,62,57,18,39,34,17,18,33,51,43,38,39,33,62,48,53,17,37,37,23,51,61,53,19,44,24
65,43,31,37,65,55,25,39,39,20,19,35,54,35,45,43,35,59,46,47,19,33,33,20,48,51,69,22,38,22
53,41,26,48,67,57,28,44,39,15,20,44,58,28,42,49,34,55,36,50,19,35,36,19,47,58,56,17,43,28
64,46,30,45,59,63,17,39,33,19,20,43,52,39,43,51,33,64,47,49,16,23,38,21,47,59,53,16,40,23
57,54,32,49,63,50,24,38,32,22,23,43,57,37,39,48,37,56,48,39,20,23,37,18,43,61,59,20,41,22
58,51,36,42,68,52,23,41,30,14,15,31,56,39,52,54,29,60,41,47,14,33,41,21,47,61,54,20,40,22
60,43,31,51,67,51,20,34,37,23,19,44,51,38,53,48,37,57,36,46,22,31,33,13,45,49,60,23,41,29
59,48,35,50,65,53,22,44,35,12,28,40,54,35,43,40,37,59,41,48,28,26,43,13,45,58,57,16,41,17
53,50,26,42,68,57,24,37,38,24,29,39,53,31,48,51,41,57,41,46,20,24,37,19,40,67,47,22,42,19
65,45,32,46,59,58,18,35,40,19,25,38,50,37,47,42,27,55,49,45,25,33,37,19,52,58,54,25,41,16
64,47,26,46,67,58,13,34,39,19,30,45,36,34,47,42,29,61,49,44,17,38,44,19,44,60,57,17,45,21
61,39,24,47,61,54,22,39,50,15,24,41,52,32,46,47,37,61,35,47,23,27,35,19,47,59,63,18,46,21
58,50,30,45,69,56,28,37,46,20,26,38,45,29,66,43,41,52,37,40,14,28,38,20,40,57,54,21,43,21
57,55,30,38,66,62,23,41,30,20,32,33,55,36,41,53,38,49,45,48,20,31,36,17,50,53,48,23,43,19
58,48,20,48,65,50,28,37,35,21,24,36,45,45,53,38,35,59,39,40,23,23,46,19,49,64,59,17,47,21
52,50,29,43,59,55,19,44,37,21,22,39,46,39,44,40,38,63,44,50,17,31,39,25,49,58,53,21,42,23
62,47,28,41,61,60,24,42,39,12,23,42,51,38,52,46,30,54,38,47,26,27,39,16,54,56,60,15,44,18
51,47,27,47,65,61,10,42,35,17,32,36,62,37,48,42,35,57,41,49,24,42,42,18,38,53,59,17,40,18
56,44,31,35,68,51,22,43,35,13,23,34,52,40,54,45,32,61,48,46,21,32,43,21,48,60,51,25,42,16
58,46,29,52,64,52,23,40,41,20,27,37,52,30,48,46,37,54,37,46,17,33,41,23,43,59,57,20,42,18
59,46,27,47,72,55,22,39,38,14,20,42,51,43,45,52,34,58,44,42,18,35,38,18,46,56,62,13,38,18
58,38,29,47,61,54,17,36,36,21,23,38,44,42,48,43,31,55,47,44,24,39,44,16,50,58,59,20,46,24
58,46,31,40,65,60,24,36,40,16,19,42,54,40,47,54,33,53,43,50,19,28,39,19,39,55,60,18,43,21
54,46,33,45,68,64,18,28,44,18,21,40,48,36,51,37,34,58,44,47,19,28,38,21,46,59,53,23,48,23
64,41,28,38,63,55,19,34,46,14,28,36,55,36,50,52,36,57,49,47,17,28,41,21,48,59,47,19,45,19
55,45,27,50,65,60,29,37,39,23,22,40,60,34,46,38,37,62,41,55,23,25,41,20,41,54,47,21,35,20
53,52,35,37,66,54,25,40,34,15,22,41,50,38,50,44,40,49,47,46,23,35,32,20,41,57,58,22,39,27
57,47,30,52,61,54,25,31,41,16,27,39,53,38,42,44,32,48,51,52,18,36,39,16,47,64,56,12,46,18
63,48,28,39,70,67,22,41,34,15,21,37,50,44,49,42,36,58,37,49,22,27,35,24,44,56,60,18,41,15
56,43,35,45,63,52,12,29,35,13,26,30,63,40,44,41,35,61,47,51,16,38,44,24,51,57,48,21,47,25
64,51,33,44,60,51,20,35,32,18,28,42,46,43,48,54,33,57,46,47,19,28,38,12,41,62,57,21,47,15
54,51,30,43,60,59,26,32,44,14,26,35,51,35,56,43,33,54,42,54,19,35,35,16,45,54,63,26,36,21
59,49,37,43,59,64,23,37,34,18,25,41,54,31,47,43,29,63,43,48,13,26,38,21,51,58,55,18,44,21
55,47,32,43,69,60,15,27,34,20,22,41,54,38,53,48,44,60,44,50,17,24,38,17,39,56,60,14,48,23
55,52,28,46,59,51,26,46,42,16,25,40,56,30,42,49,36,46,45,51,17,35,44,16,55,56,58,14,34,22
59,47,27,45,67,61,22,38,41,15,20,39,54,46,47,42,29,56,47,50,14,30,36,17,50,62,57,17,37,20
64,46,39,40,64,52,19,42,41,12,30,33,52,30,49,45,39,55,56,45,16,22,38,16,50,53,64,18,42,20
57,54,31,44,67,56,16,36,44,17,33,46,57,26,50,47,33,61,39,37,23,33,39,19,42,57,53,19,38,18
60,42,33,47,68,55,26,45,36,21,26,40,57,32,50,43,37,55,43,43,21,21,43,16,48,56,60,15,38,15
61,54,27,45,68,60,19,37,32,18,28,44,56,38,47,37,32,55,47,48,20,29,33,24,42,63,54,16,41,17
60,49,32,39,64,52,18,41,37,15,34,41,48,39,59,44,36,60,44,45,18,26,44,15,42,57,53,17,42,21
53,56,26,41,66,58,18,38,36,21,21,39,48,38,55,36,37,55,46,51,22,31,40,19,48,54,64,15,40,20
63,50,32,39,65,61,22,38,44,23,31,38,46,31,45,50,33,55,37,42,22,37,34,21,51,54,56,18,38,16
56,41,28,41,71,58,24,35,40,25,25,36,54,32,47,50,41,51,50,52,21,27,39,17,40,65,58,26,26,16
61,45,35,37,69,54,20,37,43,12,24,39,53,34,47,45,41,54,46,49,19,28,39,14,51,55,58,23,43,17
54,50,24,46,64,56,24,36,42,21,20,46,52,39,57,40,33,56,38,45,19,32,36,16,44,61,64,15,39,23
56,50,23,40,62,56,25,33,39,20,25,44,56,36,55,38,41,59,45,54,23,34,43,19,47,56,58,11,31,13
57,48,35,45,65,52,19,34,54,19,32,31,55,36,52,45,32,51,41,48,18,26,24,21,34,63,57,23,56,19
49,41,28,45,71,51,19,37,44,21,22,41,47,40,50,44,32,63,51,45,15,35,37,21,48,59,50,18,49,19
64,50,27,47,63,58,19,28,39,18,25,38,51,26,53,45,37,56,36,51,24,31,35,23,48,57,52,21,45,25
59,45,21,41,63,55,24,37,34,14,23,48,50,40,45,42,34,57,47,49,26,30,41,13,54,63,57,19,45,16
57,45,33,44,63,53,26,43,38,16,21,37,49,34,47,54,36,60,44,41,19,30,36,11,47,61,68,22,41,16
57,40,39,37,67,58,24,36,38,16,16,37,61,29,49,47,34,56,42,53,21,33,40,19,45,57,60,16,44,21
57,51,25,38,61,54,26,35,42,13,32,38,51,41,45,46,32,59,50,51,21,29,36,19,39,54,58,24,42,23
59,48,28,42,67,59,29,29,43,10,28,43,54,39,43,43,31,63,37,52,19,34,36,14,42,52,67,15,44,22
58,45,37,40,67,59,21,36,41,19,25,41,56,35,45,42,34,58,39,48,16,32,36,17,41,63,57,26,36,22
51,46,31,39,64,53,20,32,44,18,21,38,54,36,51,37,37,50,44,54,24,35,46,16,56,53,60,26,38,18
54,49,26,45,65,59,20,29,43,15,25,39,54,38,40,47,39,55,43,51,20,36,35,19,49,58,58,24,40,17
61,40,31,41,62,47,20,27,38,16,26,39,56,39,52,46,41,58,44,44,24,35,40,15,44,61,58,17,42,28
62,46,25,45,68,58,18,39,40,17,25,38,50,36,48,43,33,59,49,53,21,33,36,17,43,57,53,19,44,17
52,48,25,40,66,63,18,35,46,12,27,41,56,30,44,46,38,51,49,40,20,39,38,24,48,63,49,18,44,22
50,50,31,47,62,55,21,40,40,20,27,39,55,35,51,45,39,56,36,54,18,22,30,17,50,54,60,19,48,21
63,51,33,37,72,55,27,31,36,12,29,41,54,32,49,48,41,52,50,45,22,32,32,17,44,51,52,23,41,20
66,51,30,46,66,57,24,33,33,23,25,43,50,35,49,37,30,62,38,51,25,27,41,20,45,55,54,20,40,16
58,47,27,39,63,52,22,42,39,21,14,37,50,41,49,47,33,59,49,49,23,31,33,15,42,60,60,28,38,24
60,49,33,51,63,59,20,35,37,21,26,36,52,32,46,45,29,51,55,51,18,28,43,17,39,61,57,25,32,21
58,51,32,44,71,59,15,39,35,16,23,42,49,36,45,43,32,59,41,47,16,31,38,19,45,58,60,27,43,18
63,48,40,37,57,51,15,30,42,17,25,43,48,39,40,53,37,59,48,42,28,34,30,21,44,58,67,23,38,15
64,55,29,44,64,54,25,35,35,17,19,49,48,38,50,42,39,52,41,40,19,27,46,16,47,65,55,16,38,23
53,51,29,46,62,59,21,42,40,20,23,34,55,42,48,44,34,60,39,46,19,29,42,16,43,64,58,13,45,15
57,49,35,47,69,51,21,37,34,16,29,32,55,28,53,40,34,56,48,43,23,25,47,17,51,58,53,17,43,24
60,41,28,44,61,56,16,31,44,19,25,37,54,32,50,49,35,57,47,54,22,31,34,22,49,60,55,20,39,20
60,52,35,39,67,63,15,37,36,14,27,28,53,36,49,48,36,59,40,45,19,28,38,17,47,58,55,24,44,23
64,44,21,42,62,52,21,27,43,18,25,36,55,27,52,43,39,59,45,49,33,27,39,18,50,58,57,20,43,23
61,45,29,43,71,56,19,38,42,15,17,41,56,38,50,38,35,64,41,55,19,27,43,16,50,54,53,22,39,15
63,45,31,41,61,58,21,34,45,17,23,43,51,35,43,52,35,60,41,46,15,34,44,18,50,58,61,18,24,25
55,44,26,45,63,60,17,26,39,18,20,41,58,34,45,47,40,62,46,46,19,39,42,20,47,53,54,22,43,21
50,43,30,51,62,63,16,39,40,18,22,39,59,34,48,49,31,58,44,46,18,31,43,15,48,62,53,22,40,18
54,51,33,47,62,53,26,34,32,18,25,41,49,36,45,50,35,55,54,43,23,25,40,13,41,65,60,17,45,20
58,45,29,45,69,60,17,33,44,13,31,32,63,32,43,47,29,63,45,49,18,30,42,21,45,58,60,21,36,14
54,44,29,38,61,60,19,40,37,17,23,41,51,37,51,49,41,57,44,47,23,28,35,19,43,55,58,22,48,21
50,51,38,43,64,60,21,44,35,19,30,36,50,39,46,42,41,57,45,47,19,26,31,19,47,60,55,19,40,18
64,47,30,41,60,61,22,38,35,19,22,39,53,34,45,51,26,57,50,42,20,31,44,17,54,53,57,14,51,15
55,43,32,42,64,54,24,40,42,14,27,42,47,41,55,40,30,56,46,43,17,34,52,17,48,59,54,18,37,19
54,48,26,46,71,50,19,36,47,18,25,38,54,45,46,45,32,52,37,47,17,33,43,22,49,60,54,17,40,21
64,45,36,48,71,49,21,35,39,18,30,36,53,46,51,48,27,54,38,45,26,29,43,20,39,57,53,14,40,17
48,50,33,38,67,58,30,45,34,17,23,31,52,42,48,49,35,58,33,47,18,29,40,21,47,56,64,21,35,23
58,54,38,41,65,55,27,42,35,18,23,40,52,34,41,40,38,59,45,50,15,24,38,14,50,56,56,20,41,23
61,48,35,41,63,61,23,46,32,15,25,44,54,41,44,47,30,58,38,49,18,34,40,16,46,58,50,21,34,20
59,47,35,45,69,58,12,35,41,17,25,32,47,40,43,52,40,58,47,50,20,37,37,18,40,60,55,17,41,15
50,41,26,47,66,58,28,33,45,17,25,39,57,32,53,48,31,55,44,46,23,31,42,19,48,53,59,18,39,19
56,46,29,43,70,62,21,33,35,15,26,37,49,46,50,40,39,55,50,45,21,30,32,21,50,55,55,14,45,22
56,52,31,41,66,53,22,34,32,17,19,47,47,37,54,41,32,52,46,53,21,32,39,15,50,56,58,22,40,27
58,52,33,45,63,55,19,35,34,15,24,36,52,37,51,42,39,60,33,43,19,34,30,20,51,61,66,23,40,22
54,50,34,37,69,56,23,35,35,23,21,31,55,44,45,41,41,56,43,46,20,25,44,25,46,54,53,20,49,17
57,50,24,47,60,56,19,36,36,16,23,41,56,36,51,52,32,56,47,44,15,32,37,24,49,59,51,22,36,28
59,46,33,38,69,57,21,38,41,18,22,38,53,28,49,44,33,50,49,51,16,30,40,22,45,54,59,23,43,23
63,50,34,40,65,57,25,43,31,16,27,40,50,36,47,47,36,60,54,51,17,33,35,17,45,46,54,16,41,16
58,50,32,41,68,59,21,37,34,18,25,37,54,29,41,51,39,59,50,50,19,31,28,17,45,59,51,16,52,21
58,52,34,38,73,51,19,35,38,12,23,38,58,40,48,43,30,56,45,53,20,33,39,21,45,56,60,18,36,20
56,52,34,41,64,56,20,29,43,16,26,35,57,36,49,46,38,56,39,54,22,38,35,15,44,59,51,17,41,23
60,50,36,46,61,55,19,39,49,13,27,35,51,40,49,45,30,64,35,47,23,30,43,16,47,57,48,21,33,23
52,53,27,41,68,54,18,33,43,15,25,35,54,35,45,45,36,54,45,50,24,28,44,19,50,49,62,20,49,19
65,47,30,46,68,52,22,32,33,19,26,44,47,31,49,43,30,57,55,44,16,33,38,19,45,54,66,10,45,26
61,54,42,42,62,58,25,40,27,17,25,35,43,32,42,38,33,60,51,53,23,30,42,14,41,54,59,19,48,22
52,44,33,46,65,56,24,31,32,17,25,48,54,36,48,45,36,57,41,49,23,29,39,19,44,61,62,18,38,20
54,44,30,46,65,52,27,33,36,20,32,34,51,37,45,47,39,61,48,37,21,31,40,19,45,60,58,13,44,23
60,40,27,41,73,55,23,41,39,22,20,40,54,33,39,46,22,63,49,51,21,33,38,19,42,63,58,16,41,23
51,51,31,52,65,49,22,36,36,19,24,31,53,35,48,46,31,48,53,52,25,25,39,20,48,53,62,22,41,24
55,50,29,44,66,46,21,35,40,20,27,41,51,29,42,38,37,57,49,47,20,42,38,23,46,53,58,24,42,22
69,43,27,35,64,60,20,42,39,15,26,40,52,43,51,38,41,58,44,48,16,29,41,17,43,63,54,21,34,19
57,48,35,45,67,52,24,33,33,18,30,43,55,38,46,44,33,50,45,50,22,28,46,20,36,60,52,17,41,24
58,43,34,46,68,57,18,28,47,19,28,33,53,36,45,51,40,60,46,54,13,38,36,23,38,57,60,18,35,10
53,49,36,43,65,64,31,30,41,17,23,39,51,31,45,47,37,52,49,38,17,28,42,17,48,54,65,14,46,20
60,43,28,48,71,61,24,38,36,13,22,41,50,36,57,48,39,56,44,35,18,27,46,19,48,53,62,12,41,16
60,50,30,40,66,55,19,40,35,23,27,40,52,36,52,48,30,55,46,43,17,31,35,25,53,51,55,22,35,21
58,54,31,48,69,52,23,39,35,23,18,42,51,37,52,47,37,56,41,53,13,32,41,12,43,55,55,25,33,17
61,39,29,48,70,58,25,35,42,21,24,40,45,32,60,39,30,53,42,46,26,32,39,21,46,58,58,15,40,18
55,42,24,45,65,64,24,35,34,23,27,41,51,34,50,44,33,55,45,53,25,35,34,17,51,55,53,16,45,17
56,48,36,39,59,58,14,34,36,13,24,36,47,38,51,46,40,54,49,47,26,32,37,16,47,61,57,23,45,23
65,45,27,41,64,56,23,35,41,18,20,48,48,36,50,38,39,56,41,43,15,36,40,16,45,68,64,17,41,16
55,35,40,46,62,56,21,34,40,17,35,38,61,27,49,51,38,55,49,51,16,28,45,20,41,58,54,15,36,19
59,50,31,47,66,56,23,40,42,13,20,40,57,30,41,41,38,53,47,53,16,24,36,19,48,68,54,16,47,17
62,49,20,42,68,58,12,39,37,19,20,33,54,36,44,50,35,51,53,48,26,40,45,15,42,53,56,19,47,19
60,51,34,49,63,52,22,34,38,15,27,36,55,30,46,40,35,54,45,45,17,38,43,18,48,58,52,16,51,20
57,42,31,42,62,64,24,37,36,17,26,40,52,33,51,36,47,59,50,38,18,23,36,22,49,62,59,20,43,16
53,51,24,48,66,53,20,41,36,17,27,34,46,36,51,48,39,52,39,51,22,32,46,16,50,58,56,24,41,15
58,45,31,52,64,57,23,26,42,14,30,45,50,33,54,47,29,49,26,48,19,36,39,18,44,64,59,20,48,22
65,43,24,40,69,59,18,33,39,17,24,42,61,32,52,47,41,54,46,55,20,29,38,14,43,56,54,16,41,20
63,45,31,40,66,53,20,36,37,14,24,38,52,37,46,55,38,52,45,48,18,30,35,17,47,63,60,17,45,20
61,42,23,51,64,54,13,38,40,18,32,39,49,41,48,46,43,52,48,48,16,34,43,13,44,55,59,21,42,15
65,52,33,48,71,63,25,30,38,15,23,40,47,44,45,35,36,64,41,39,18,32,29,17,51,65,52,14,42,18
53,52,29,44,68,48,21,34,35,15,27,32,53,30,52,46,38,54,52,44,16,40,44,18,44,63,61,15,45,19
55,47,34,42,65,54,23,38,44,14,29,43,59,30,43,43,35,53,41,48,18,34,36,22,46,58,59,18,39,22
53,46,23,45,64,54,18,34,39,13,21,36,58,34,40,47,40,55,55,52,22,38,38,19,46,66,52,22,40,22
59,47,29,43,68,52,26,35,42,11,22,46,52,39,52,48,28,51,43,40,31,24,42,17,52,56,58,16,50,13
58,51,26,43,61,64,22,34,38,19,20,35,53,37,49,50,39,58,40,42,16,30,33,21,42,63,61,21,45,21
55,53,28,43,67,58,18,27,39,20,23,40,50,35,41,52,35,57,44,50,23,35,38,21,48,59,54,18,39,22
67,53,33,43,66,55,28,38,43,22,20,34,50,42,49,47,29,49,43,47,15,27,32,18,43,62,57,17,39,24
61,51,34,41,61,57,22,33,37,20,24,38,49,33,48,45,33,50,48,51,25,28,36,16,45,62,58,20,39,27
64,42,28,47,68,57,21,41,41,17,23,36,53,32,41,52,37,55,42,48,21,30,40,24,40,56,54,22,39,21
63,45,25,50,64,55,17,28,41,21,26,37,57,38,48,50,34,60,39,45,23,29,42,19,47,58,51,21,41,18
50,49,30,45,62,57,17,39,53,17,24,28,57,33,50,52,40,58,42,42,19,29,37,15,52,56,58,22,38,21
57,44,24,44,64,52,16,33,41,18,30,33,49,39,46,45,35,54,49,51,22,32,41,24,45,57,62,21,45,19
64,52,29,45,65,61,26,28,45,18,19,42,53,26,38,47,30,56,48,44,19,41,39,18,45,52,52,19,46,25
63,40,25,55,62,61,17,31,32,14,26,48,49,40,46,40,38,55,49,48,27,29,46,21,42,57,60,14,41,16
53,51,26,39,69,55,19,37,37,19,28,39,55,33,53,51,30,54,41,52,17,33,37,21,45,60,50,20,45,23
61,47,22,53,66,61,23,34,34,12,24,39,54,41,53,49,29,54,49,42,15,31,39,17,39,53,62,27,41,21
55,43,23,49,67,58,20,33,41,15,34,43,49,28,43,42,37,53,55,49,20,31,42,19,47,65,56,16,39,20
52,44,41,44,66,55,23,42,35,21,27,41,50,23,42,38,37,53,46,49,21,31,46,14,43,58,58,26,42,24
59,44,38,35,67,53,22,33,37,22,26,37,59,41,48,46,30,51,45,42,16,27,46,18,42,55,63,24,46,20
52,49,25,46,63,56,23,34,32,18,24,28,60,41,45,37,40,59,49,56,16,33,49,19,53,53,52,24,39,17
61,35,36,46,67,57,20,36,47,14,22,35,53,40,45,49,29,55,39,63,20,32,40,17,52,52,56,18,38,18
55,42,27,47,59,55,28,32,43,19,19,46,57,36,43,46,37,57,51,46,19,33,32,18,59,59,55,18,36,18
61,52,30,37,61,55,19,42,38,22,22,36,50,33,44,50,36,54,38,53,18,38,40,21,49,66,46,17,44,20
59,53,31,37,63,65,15,37,43,15,22,34,55,42,47,50,36,51,42,51,24,28,37,25,45,61,53,16,35,20
57,52,29,47,69,48,29,37,39,17,22,51,51,33,51,40,41,59,39,42,16,25,41,18,52,56,52,25,31,23
62,50,34,50,67,61,18,33,35,17,28,37,51,33,40,42,33,64,41,52,18,36,40,19,44,57,60,16,43,11
51,50,27,51,68,52,23,42,43,17,29,36,54,34,45,48,33,54,46,52,22,28,36,17,46,55,58,18,40,17
60,47,35,38,69,49,20,29,53,23,30,40,55,30,42,50,40,56,40,39,17,35,40,20,49,57,56,15,41,17
58,52,29,43,65,53,24,34,38,15,24,40,56,39,47,51,33,53,43,41,17,28,45,18,43,54,61,21,45,22
55,55,33,41,64,56,20,39,36,14,25,40,52,23,46,45,33,64,33,48,23,39,41,24,52,59,54,21,37,20
61,50,35,46,64,49,21,37,36,19,25,39,54,40,53,38,38,54,48,51,15,27,40,18,40,52,59,19,47,17
57,52,27,45,67,56,23,39,37,21,21,33,53,32,49,46,30,64,41,51,20,30,43,17,39,59,56,20,41,23
66,50,32,49,66,52,24,40,36,15,20,35,53,36,48,51,35,60,37,56,13,30,37,17,40,60,58,24,38,14
62,48,30,46,64,50,22,37,41,16,24,45,50,31,45,47,41,61,49,47,19,27,43,19,43,52,57,14,41,21
59,47,24,42,61,56,21,40,44,22,25,37,53,37,49,47,35,54,45,52,23,28,30,18,41,65,56,21,41,19
63,45,33,45,64,59,23,39,38,16,24,38,54,37,48,38,36,55,37,54,25,30,37,20,53,57,51,20,34,19
55,44,24,42,70,62,26,39,35,15,30,40,56,32,41,42,41,59,45,57,21,28,43,11,45,58,58,12,40,21
61,47,41,45,68,51,20,35,38,19,25,39,56,29,54,50,29,54,41,50,15,27,35,16,55,59,56,17,45,15
54,47,32,42,66,56,19,37,38,13,28,42,50,40,53,44,32,59,48,45,26,32,39,20,45,58,49,16,45,17
54,45,32,41,69,54,26,31,39,15,26,36,56,44,49,44,29,60,49,50,25,31,38,16,46,56,50,20,44,17
56,46,30,37,64,52,22,39,38,18,30,39,55,36,55,44,37,63,40,55,18,36,32,20,46,56,55,18,39,16
58,52,32,44,64,57,19,47,45,10,25,40,47,28,50,51,29,56,45,46,19,27,39,18,45,57,52,23,45,22
62,55,30,44,64,57,24,42,30,19,21,35,48,36,46,47,32,58,46,51,20,28,43,21,39,54,50,20,43,27
62,46,34,47,59,54,22,41,33,17,28,35,46,35,45,42,31,61,47,47,23,33,38,20,46,62,54,18,41,25
66,44,30,44,66,54,21,37,41,12,28,42,50,43,46,49,34,51,43,52,15,31,39,17,36,54,61,23,40,23
55,47,30,50,65,55,28,26,46,21,24,45,43,34,40,49,35,57,45,47,20,34,36,14,42,61,61,20,43,19
52,47,28,44,63,57,22,33,33,15,35,45,46,33,56,39,32,50,49,51,24,34,38,17,48,55,54,23,50,19
64,45,27,39,63,59,23,43,39,17,23,38,58,43,39,38,32,60,43,53,18,29,41,13,48,65,54,21,39,18
63,37,29,52,63,55,26,36,37,20,20,39,50,33,49,45,38,55,43,37,21,36,35,17,52,60,63,19,38,24
53,47,26,44,70,51,26,40,37,21,23,33,54,35,38,48,33,58,50,46,15,34,41,19,52,60,61,22,35,20
53,47,27,47,66,57,23,32,44,17,24,34,49,36,52,52,30,63,40,43,23,29,36,17,55,54,59,23,39,21
56,51,23,41,59,55,21,34,34,19,30,42,48,38,53,46,34,57,44,50,23,29,31,22,46,58,58,23,43,24
65,43,37,37,70,53,19,44,37,14,25,35,51,35,46,46,38,59,41,51,23,35,35,14,48,48,59,13,50,21
56,49,31,47,63,52,31,34,38,22,18,39,54,35,52,43,40,53,39,57,25,24,30,15,44,51,56,22,49,23
54,51,36,48,63,59,26,27,44,16,37,43,53,28,39,46,41,53,45,42,25,32,45,14,44,58,55,14,38,16
59,53,28,43,61,56,28,39,38,18,22,42,60,34,48,44,27,54,46,49,17,31,36,18,39,55,63,21,41,22
59,45,29,45,64,55,25,37,38,15,33,47,52,40,49,36,30,52,46,46,16,35,40,13,46,57,60,24,43,15
51,52,27,46,61,48,21,39,41,15,24,42,55,39,48,47,38,62,42,45,20,32,43,21,42,55,50,22,45,19
60,46,25,51,67,54,19,33,35,20,19,45,46,35,51,46,32,55,48,53,24,29,43,23,50,54,56,23,38,12
54,49,31,46,59,58,25,45,40,16,28,41,48,33,53,47,38,48,40,37,21,42,40,18,39,50,60,20,47,19
64,43,30,47,69,58,22,36,37,19,20,35,45,38,47,49,42,59,45,54,18,34,41,13,45,57,55,16,36,18
62,47,30,48,59,56,23,40,35,15,32,40,56,34,43,46,41,59,48,48,18,41,37,16,38,53,51,20,42,14
58,52,28,40,63,57,15,40,39,19,28,42,52,35,42,43,39,59,47,41,20,29,43,18,48,55,51,17,47,25
58,44,29,40,67,53,17,36,33,18,30,33,55,43,41,42,31,61,44,57,20,36,39,14,52,56,49,23,51,20
66,57,22,45,65,49,25,35,31,16,26,34,55,36,50,34,33,56,45,55,23,39,38,18,47,56,62,16,42,16
60,42,29,49,68,60,27,31,43,21,17,40,54,25,44,50,34,50,48,44,21,37,41,16,42,59,60,22,37,21
59,51,31,44,58,53,27,37,40,16,27,41,53,32,52,48,35,54,50,47,21,28,34,21,45,56,60,13,42,17
59,41,26,40,60,52,19,39,49,19,28,44,52,38,43,40,33,55,51,51,22,33,38,17,51,57,62,16,43,14
58,52,34,40,66,50,22,39,31,19,30,36,48,37,48,52,36,57,47,53,26,27,40,19,42,50,62,14,40,17
56,47,31,45,66,55,22,33,37,20,26,46,54,42,44,50,34,51,40,56,19,26,38,19,46,56,62,16,34,21
58,48,26,42,60,57,21,35,39,11,20,39,49,38,41,45,36,58,44,46,19,35,49,18,57,57,57,20,45,22
56,46,26,49,67,55,21,38,38,12,22,40,53,38,45,39,39,54,55,49,18,39,37,18,46,57,61,20,40,14
56,52,29,43,66,50,25,37,32,19,35,40,48,35,45,47,29,59,46,53,11,33,41,23,47,59,57,18,37,20
62,51,29,52,61,52,20,31,32,17,27,39,54,38,46,47,37,59,41,55,21,25,48,18,40,58,55,12,45,20
55,36,36,34,63,52,27,34,36,20,24,44,52,41,50,39,38,60,44,42,26,31,39,19,47,55,55,24,47,22
58,51,25,39,67,56,30,29,38,17,28,45,54,39,49,51,29,55,43,39,27,30,40,14,47,59,55,20,41,17
57,44,27,41,66,62,16,43,33,16,22,41,57,40,52,46,38,63,34,45,20,31,40,18,42,58,56,27,40,17
53,58,27,45,68,52,23,34,38,15,20,30,51,35,40,49,33,57,41,46,20,36,47,21,46,60,55,25,46,21
57,34,33,48,67,54,20,40,46,16,28,39,57,36,53,44,29,51,41,47,22,29,37,17,52,59,56,19,42,19
57,43,37,52,68,55,20,41,41,16,23,30,51,31,39,51,38,63,38,57,19,40,32,16,41,56,53,23,43,18
60,40,39,41,66,63,27,31,36,15,30,28,50,32,51,47,28,54,49,47,21,31,34,16,42,65,51,23,48,27
58,50,31,39,70,53,21,40,28,19,17,40,52,41,53,50,28,64,38,47,21,32,42,17,41,50,62,16,41,31
57,46,31,49,71,50,19,37,37,17,28,38,53,30,50,37,26,59,43,56,22,31,43,21,46,56,52,20,48,19
60,47,29,41,63,63,23,40,34,16,14,38,48,44,51,50,36,58,40,54,28,29,42,24,45,53,44,15,39,24
55,45,26,52,60,55,22,32,39,16,24,40,50,30,44,52,32,62,46,53,21,25,50,21,42,60,64,15,42,17
66,52,34,46,59,51,29,26,36,13,27,45,49,39,47,42,33,59,46,43,13,39,42,20,47,59,52,17,42,19
58,48,33,52,64,54,22,40,43,15,24,36,48,31,47,42,29,57,50,55,25,30,33,14,44,63,58,16,38,23
55,50,27,51,66,53,23,25,37,15,16,43,50,35,53,50,36,63,41,47,22,24,35,20,48,62,64,17,42,22
55,45,26,50,65,54,20,36,51,14,23,44,48,35,46,45,33,58,47,48,20,34,39,19,35,62,65,19,44,12
58,46,22,39,69,57,20,41,30,18,24,39,49,36,51,45,39,49,45,52,21,34,40,20,48,57,61,19,40,23
57,50,26,46,68,54,21,40,41,20,26,34,45,32,39,44,32,57,47,45,19,32,45,24,52,57,55,22,39,23
57,40,21,43,66,52,25,32,47,12,28,40,48,42,52,39,36,56,47,47,26,32,41,21,50,57,59,19,39,18
64,46,29,47,67,57,30,33,37,14,30,32,51,32,47,50,29,58,45,45,23,31,43,13,39,58,59,19,43,21
60,38,25,49,63,51,25,43,33,24,16,46,52,40,45,48,28,60,44,50,13,34,44,25,40,57,62,21,39,17
59,48,30,47,60,60,21,27,37,15,30,41,54,31,46,41,39,54,33,50,21,33,39,21,51,55,58,18,47,26
56,53,29,43,67,56,22,44,47,19,19,44,53,35,50,45,31,51,45,48,19,28,38,18,49,55,55,18,38,17
57,42,29,49,62,53,24,38,40,17,25,43,44,36,58,41,29,57,51,56,24,30,49,18,45,50,58,14,36,17
51,50,29,48,65,57,27,28,45,16,26,36,54,31,55,43,38,49,43,52,20,28,33,17,42,60,61,20,42,26
56,52,27,41,72,58,19,36,36,20,31,38,51,32,48,50,33,62,48,43,21,24,37,14,42,59,56,23,42,21
59,52,25,47,65,53,22,33,35,19,31,32,57,37,44,39,44,66,44,55,18,24,38,21,40,55,58,19,44,16
50,50,28,47,63,49,20,29,42,19,25,43,49,39,49,45,32,57,39,51,13,33,43,20,54,59,62,26,39,17
57,45,31,38,65,59,22,36,38,15,34,38,47,28,46,49,30,62,46,52,13,35,44,21,36,62,61,22,46,14
61,54,27,41,70,49,33,29,40,15,19,33,52,35,43,43,44,59,49,51,22,26,38,21,44,57,55,19,45,18
52,55,30,39,67,58,23,33,44,25,24,37,61,46,42,43,35,57,39,36,23,26,36,14,50,63,58,15,41,20
59,53,26,44,67,52,19,29,45,25,25,43,57,35,46,51,39,56,36,48,18,30,34,17,54,55,59,18,36,16
60,46,32,43,69,49,24,42,29,20,24,41,54,29,53,42,28,57,40,51,23,39,38,13,43,57,59,25,42,20
55,54,33,51,62,58,20,38,30,19,28,36,56,43,46,47,34,49,51,41,19,36,35,14,47,52,62,22,37,17
55,50,24,48,70,58,18,33,37,14,32,41,51,30,49,46,34,55,42,53,20,35,31,24,48,60,53,20,42,19
54,48,35,44,60,63,20,31,25,15,31,32,58,43,51,47,28,54,50,55,19,31,41,24,42,52,58,18,45,18
56,45,34,45,63,62,25,38,44,18,21,23,53,40,48,51,29,57,47,57,16,29,38,18,46,55,56,16,41,21
55,47,31,53,65,53,23,43,32,16,31,36,53,40,52,45,32,53,39,52,19,30,37,24,47,51,55,22,39,17
57,48,32,49,62,50,23,38,34,16,18,41,48,30,49,50,35,59,48,50,20,37,44,19,40,63,57,17,42,16
56,50,26,48,68,56,26,38,29,13,22,44,51,36,47,44,29,50,44,48,22,34,39,19,49,60,59,18,46,21
62,43,30,44,63,56,23,41,34,19,24,37,56,29,41,43,35,55,45,52,17,34,44,22,37,64,66,18,38,20
60,53,35,45,65,53,20,44,42,19,25,47,51,37,42,38,38,53,38,51,25,29,37,15,42,60,56,14,41,17
53,44,28,45,70,59,25,39,38,16,18,39,54,37,48,48,37,52,45,46,19,33,40,19,46,58,54,19,39,24
61,42,34,42,69,60,23,36,38,18,21,38,55,38,57,39,27,57,44,51,19,31,44,22,46,54,46,20,46,14
55,46,28,47,61,61,23,31,40,20,28,42,50,38,43,51,38,63,45,41,23,30,45,13,46,63,50,15,42,14
59,52,29,50,66,62,16,38,42,20,24,34,52,38,39,39,37,54,50,44,24,29,40,17,42,55,54,20,42,24
62,48,29,40,64,62,17,37,40,18,26,40,49,36,44,47,37,52,41,44,18,31,37,20,48,64,54,21,43,23
55,50,25,50,64,57,19,29,33,22,24,42,57,33,44,43,40,53,42,53,20,30,38,20,45,56,60,21,47,20
56,49,28,50,56,55,23,30,43,17,19,39,51,41,50,47,35,54,47,50,19,24,38,21,51,65,50,18,49,17
61,43,23,44,63,56,24,35,39,16,25,45,50,36,53,38,28,63,39,52,25,31,38,15,50,62,61,18,38,21
56,46,25,43,62,57,22,25,35,22,21,35,56,29,55,52,31,56,49,41,24,35,43,17,47,58,61,17,47,25
57,50,27,44,67,54,14,40,41,15,16,45,59,35,47,47,39,62,47,43,18,31,40,21,37,61,59,19,36,21
57,51,24,44,63,63,31,40,40,23,17,39,43,36,49,45,37,52,48,51,17,19,43,18,45,59,52,16,49,21
60,57,37,43,72,56,15,34,44,21,30,48,51,29,44,49,25,57,46,45,20,30,45,18,51,50,44,16,39,16
52,43,34,42,64,57,23,35,35,19,31,36,64,44,54,43,40,55,43,52,17,30,39,18,41,49,51,21,38,22
53,52,34,46,65,51,13,38,39,13,24,39,51,37,46,47,39,56,40,48,19,30,47,22,46,52,59,19,46,21
58,50,37,45,66,57,23,44,35,13,18,34,51,30,48,45,37,56,43,52,23,35,35,21,42,57,55,24,42,16
56,47,28,47,70,54,19,32,46,15,21,43,50,27,39,49,37,53,44,42,25,37,37,20,50,61,56,19,51,17
57,58,27,46,63,62,19,35,33,21,27,31,52,35,43,42,33,56,47,42,25,32,41,20,55,57,60,19,34,20
52,44,35,42,72,57,21,28,37,16,30,44,59,38,41,38,36,64,56,41,19,25,36,13,48,55,55,21,43,26
60,48,26,46,68,58,22,36,42,18,28,39,50,38,45,38,37,51,39,46,21,29,39,16,53,57,58,17,45,22
55,48,33,41,69,55,19,41,39,17,30,41,49,37,42,54,29,57,33,43,22,31,46,19,52,59,55,18,37,21
48,45,33,34,71,51,18,48,43,15,22,39,54,43,52,45,39,54,47,45,15,30,37,20,49,62,58,21,37,17
55,46,31,44,62,54,21,32,44,19,25,43,54,30,48,43,36,63,43,46,26,29,40,15,40,64,54,19,45,21
60,45,27,39,71,49,28,35,44,21,26,43,53,33,44,43,39,55,39,45,14,33,41,21,44,64,55,18,44,19
60,47,28,39,70,51,22,38,46,13,25,33,52,36,54,45,28,51,41,54,25,26,46,20,45,61,59,14,40,23
57,54,27,50,62,57,26,32,39,18,29,45,52,38,41,44,34,54,45,50,11,35,39,17,54,57,48,16,36,25
60,45,29,44,69,51,18,39,31,14,20,41,58,36,47,43,42,56,48,46,17,25,44,17,36,65,62,17,45,27
54,53,29,45,66,53,17,34,47,17,22,47,49,44,52,44,34,56,50,45,28,24,40,19,36,57,56,17,37,20
58,48,33,41,71,54,24,33,37,12,30,37,49,32,49,49,37,53,46,47,18,35,40,20,43,62,57,16,40,21
66,45,33,40,63,59,24,33,42,18,22,41,54,35,49,44,28,58,45,44,22,30,45,25,42,56,51,18,40,20
59,46,29,45,64,52,23,40,41,18,28,42,47,36,53,57,40,51,44,41,15,27,38,15,52,52,58,19,44,16
60,50,26,37,60,56,22,34,40,21,27,37,53,36,54,45,38,58,42,42,18,30,46,19,45,63,55,20,38,20
60,54,33,42,63,51,13,42,35,19,34,41,56,36,43,47,35,58,53,43,21,34,35,21,49,56,47,14,36,21
59,49,30,42,64,55,22,42,49,24,28,39,55,37,47,48,34,47,43,43,12,35,40,21,44,53,62,18,34,16
52,56,25,49,66,49,19,32,37,11,22,36,44,40,52,49,35,56,46,52,23,34,36,20,42,52,63,23,40,31
55,46,30,50,60,56,15,34,48,21,28,34,47,35,47,48,32,52,43,47,20,30,39,29,42,61,61,20,44,18
54,36,26,52,62,52,22,32,38,17,25,45,55,39,46,54,38,54,39,49,20,31,34,19,43,63,64,22,34,27
61,36,32,51,60,55,25,38,34,19,22,35,54,34,47,52,35,59,48,51,17,36,38,17,48,64,51,19,30,24
60,48,28,40,62,52,26,42,43,18,28,52,47,35,46,49,38,53,45,45,16,27,36,18,43,60,51,20,45,19
58,48,29,45,66,59,23,46,32,13,30,34,51,37,49,38,33,48,42,51,22,39,40,25,47,60,49,18,42,18
55,49,31,45,68,55,22,38,34,19,25,34,58,33,42,42,28,58,54,48,17,35,37,21,47,56,62,22,42,15
63,42,31,42,65,55,21,27,45,10,34,39,62,32,44,45,32,47,47,48,15,32,42,17,50,61,56,22,44,22
62,51,30,49,60,51,19,33,35,21,30,41,51,43,48,45,28,63,44,50,13,24,43,19,48,54,60,18,42,17
59,40,29,51,61,60,27,30,38,15,29,41,50,31,45,44,38,52,44,50,21,28,38,22,38,57,58,29,43,24
56,51,31,45,62,52,22,52,36,18,20,40,47,37,48,44,30,51,48,42,20,29,39,17,48,61,58,17,48,23
66,43,26,52,65,52,30,37,39,17,24,40,53,38,49,53,27,53,47,56,24,21,39,16,46,49,56,20,34,20
60,44,29,42,66,57,23,30,46,19,26,37,56,33,44,53,34,62,40,48,17,31,39,18,50,56,64,18,36,14
58,40,29,43,59,59,28,39,39,24,28,37,54,42,49,47,32,52,49,49,19,33,39,13,45,59,52,14,44,17
59,52,26,48,69,59,23,30,43,19,22,32,45,38,49,53,35,55,43,49,13,27,36,15,54,54,56,19,43,26
63,47,35,33,64,62,16,35,47,21,28,46,46,40,47,42,38,61,41,41,17,27,34,20,56,61,52,21,37,14
51,58,24,36,65,57,25,21,33,19,23,45,46,32,45,47,37,61,52,47,25,34,49,18,46,59,57,20,37,23
59,45,35,48,71,51,21,38,32,15,21,38,59,39,47,44,25,52,49,48,20,33,36,19,38,61,58,20,50,20
56,41,29,47,60,59,20,35,36,20,24,35,48,31,52,48,41,59,50,50,15,26,45,19,55,57,56,19,40,19
59,57,26,39,64,55,20,36,44,12,25,26,54,40,51,44,38,55,46,44,16,34,42,23,41,61,55,24,43,18
65,43,25,46,62,55,26,40,45,15,27,51,47,41,47,38,30,59,33,40,26,30,50,22,38,59,57,17,40,18
62,48,33,41,66,61,20,29,32,18,20,41,52,36,41,38,33,57,40,48,28,34,39,21,45,63,56,26,42,22
59,59,26,44,69,53,19,32,37,21,29,37,57,38,45,50,35,55,41,45,16,30,31,18,41,65,57,20,47,16
56,50,29,42,60,51,28,32,36,21,27,39,51,37,52,43,30,53,42,51,19,40,40,19,49,59,54,16,46,20
60,49,29,40,59,52,29,38,35,23,24,46,48,32,53,43,35,60,51,51,24,31,32,17,43,59,48,12,48,21
66,43,38,39,74,62,16,42,37,16,26,39,50,26,50,40,32,54,44,49,22,31,40,15,37,56,64,23,40,21
53,48,35,40,65,52,21,34,42,21,24,43,52,34,56,40,33,57,43,50,19,40,41,21,47,58,45,20,38,20
54,49,33,46,65,42,27,32,38,21,25,40,46,35,50,37,35,63,49,54,13,27,37,18,44,65,63,20,43,21
59,42,31,42,60,62,23,37,40,18,20,33,40,37,57,46,41,60,50,48,16,29,41,18,44,60,58,16,42,22
61,45,32,46,63,57,18,42,40,20,22,39,50,30,54,44,29,54,46,51,24,29,44,19,39,56,56,18,44,20
60,52,27,40,63,54,15,37,40,16,26,40,52,37,52,41,38,55,51,57,21,29,44,11,41,64,54,16,43,16
57,53,31,48,67,55,23,34,36,19,24,38,53,33,44,49,32,55,47,50,27,24,43,27,45,59,43,13,40,23
54,52,30,43,63,59,18,41,40,27,30,41,57,39,46,44,34,52,48,41,27,31,34,17,43,57,56,19,36,13
62,52,32,43,71,56,23,36,35,15,20,49,53,41,49,41,39,57,38,51,16,23,37,14,47,57,61,19,35,20
59,52,23,47,60,58,25,35,35,20,28,41,48,42,52,41,37,60,46,40,20,28,42,17,42,59,57,18,39,21
57,50,31,45,71,62,23,29,45,13,32,35,60,37,41,39,42,54,37,48,23,30,42,15,42,58,56,17,38,20
59,44,31,35,65,51,21,31,35,21,30,44,60,31,47,50,34,57,46,49,19,38,39,24,37,57,57,15,48,17
57,43,20,41,63,60,23,28,45,21,24,42,63,37,52,35,34,59,43,56,21,31,36,16,47,56,52,20,43,24
59,50,35,44,66,56,26,30,29,17,21,41,54,41,55,40,34,52,42,49,24,36,38,18,40,57,61,17,42,18
56,46,22,45,65,57,17,44,40,20,32,36,52,37,55,34,27,57,47,47,16,30,48,23,49,56,61,16,37,20
58,45,22,40,65,61,17,42,35,18,25,39,51,34,48,48,35,58,31,54,19,34,39,20,51,57,57,22,49,18
54,41,35,47,59,56,22,36,42,17,18,35,53,45,42,44,35,50,47,47,21,31,46,22,51,53,62,18,46,17
61,49,31,42,67,61,30,38,35,13,20,41,58,35,43,41,37,57,49,52,19,40,42,18,33,59,53,16,33,19
62,46,37,48,64,54,15,31,43,19,28,37,48,46,46,48,31,52,45,42,16,29,43,20,44,57,58,16,47,20
57,46,29,39,63,54,24,37,35,19,27,39,51,41,45,39,28,62,47,48,22,27,43,17,48,57,65,19,43,21
59,53,20,43,65,55,27,44,31,18,28,36,48,41,47,44,33,59,42,48,24,25,33,16,54,62,58,18,40,21
60,43,31,45,64,56,16,37,36,18,28,36,51,28,55,41,36,55,42,50,17,33,46,17,50,64,57,22,38,20
56,45,30,48,68,61,20,31,49,15,25,36,54,36,35,42,35,56,48,46,19,31,43,25,51,56,60,20,29,22
66,49,34,38,66,56,26,39,34,12,23,35,51,35,46,46,35,54,45,42,21,38,35,21,52,54,61,20,39,19
67,47,32,43,64,50,31,34,39,17,30,37,50,34,46,47,33,55,42,41,27,23,41,23,45,58,51,18,42,25
61,54,28,45,67,58,25,35,48,17,29,34,45,34,49,32,37,57,40,48,15,30,48,14,48,59,58,22,37,18
56,50,28,39,61,57,23,35,38,14,34,39,59,33,46,42,29,56,47,47,23,30,38,24,37,54,61,22,47,23
61,42,26,32,67,53,22,41,43,18,24,41,52,45,44,44,35,58,45,47,18,29,38,18,48,65,61,13,49,13
48,48,30,38,72,55,23,39,41,12,21,46,49,34,48,37,37,57,43,48,20,31,44,23,42,66,55,15,43,27
65,43,22,35,64,52,25,30,42,24,27,38,48,35,44,50,40,63,51,44,16,29,44,18,37,69,58,18,39,22
58,44,28,43,63,51,24,38,42,14,24,44,54,36,41,42,42,59,52,48,23,32,30,19,48,57,57,21,42,16
60,48,31,41,70,55,24,40,33,12,26,34,50,37,45,45,34,62,48,48,21,27,42,16,38,60,52,24,49,20
55,46,37,44,67,53,25,34,28,18,26,45,58,31,49,45,32,53,46,51,24,26,44,16,47,59,59,15,45,14
48,42,29,44,71,62,23,31,37,20,18,39,50,31,50,46,43,61,44,54,23,31,45,19,44,54,57,15,41,20
60,51,31,41,62,57,20,35,41,15,27,39,55,28,43,50,38,59,47,52,19,27,40,22,41,56,56,17,43,20
54,42,28,54,70,58,19,40,32,15,18,44,51,34,51,46,32,55,45,49,18,29,44,14,46,55,59,22,50,18
59,44,33,46,66,52,20,37,43,17,18,43,54,29,55,45,31,59,44,46,23,26,38,21,45,58,59,13,49,19
58,53,35,46,63,52,18,29,43,23,26,41,48,38,49,54,32,56,44,50,22,33,36,20,48,54,54,13,37,17
61,51,30,43,63,57,24,36,36,11,26,31,59,38,54,35,38,68,39,47,20,34,32,14,49,56,59,25,42,14
60,44,30,47,60,52,17,40,36,16,27,37,47,28,47,45,42,60,53,48,24,30,40,20,56,57,56,17,38,18
60,40,30,39,74,52,21,38,35,9,24,36,54,41,48,37,39,57,49,41,26,30,36,18,41,64,61,24,42,26
53,54,37,47,66,58,17,40,33,15,20,43,52,32,45,45,42,50,39,44,20,36,46,17,52,55,55,16,45,18
65,43,34,43,66,51,26,45,36,15,25,33,47,39,44,46,36,51,51,54,28,20,35,20,45,53,58,20,43,20
55,48,28,47,67,62,25,37,37,20,27,41,52,40,49,48,27,54,44,45,13,28,33,20,43,53,60,20,43,26
56,42,36,50,69,64,30,34,31,16,24,35,53,33,51,47,25,53,37,48,20,29,34,14,53,60,52,26,48,22
64,53,35,37,62,59,20,37,35,19,24,38,55,41,42,43,32,52,48,49,26,34,37,13,45,56,60,19,40,17
59,43,33,41,63,61,25,36,37,20,25,34,62,32,46,40,37,53,40,45,13,34,48,16,43,57,53,23,46,27
61,44,30,39,64,55,25,38,37,19,21,41,53,40,44,44,35,46,45,52,17,35,42,23,45,63,57,14,43,20
52,43,27,46,68,54,24,30,40,20,25,41,57,35,47,44,41,58,44,57,22,30,44,15,46,62,51,15,37,17
61,54,30,39,62,55,19,33,30,21,28,38,55,39,51,58,30,58,44,41,21,29,32,24,49,54,55,17,44,21
56,57,26,49,67,63,26,38,34,17,22,40,52,34,53,49,31,55,47,45,19,31,37,19,40,59,58,19,32,17
53,47,30,41,68,47,21,37,38,17,30,35,48,45,49,44,36,59,45,52,16,38,30,20,50,65,51,22,40,18
55,51,25,42,66,56,28,37,46,17,29,39,53,34,47,50,29,52,40,48,18,29,49,15,44,56,57,20,41,19
62,47,26,48,67,58,20,31,30,24,28,39,47,37,45,44,39,51,37,48,18,32,39,18,53,65,64,18,32,25
60,52,31,51,67,53,29,32,36,19,27,41,53,30,51,45,32,53,44,44,17,35,37,23,47,54,49,21,35,24
54,49,33,44,64,57,23,36,41,21,25,41,52,43,39,52,34,54,38,41,22,29,41,23,47,55,55,19,42,18
65,47,26,33,66,57,23,34,35,14,28,43,50,41,51,45,38,59,42,45,20,31,38,21,42,57,56,13,46,26
62,42,28,39,65,55,29,29,37,23,24,43,51,29,44,45,35,55,50,52,21,29,40,13,48,57,59,25,40,23
61,46,31,40,62,64,29,32,33,14,21,51,55,37,50,47,38,53,35,49,20,32,42,14,40,58,52,19,48,19
52,44,32,45,67,58,24,39,37,14,25,36,56,29,43,42,31,62,46,53,19,32,34,20,50,64,55,23,39,21
54,55,22,41,67,52,25,45,43,19,24,43,43,43,42,43,32,51,48,48,23,38,34,20,45,59,58,14,38,23
54,54,24,43,66,61,21,37,41,20,26,35,57,37,51,47,32,54,43,45,24,30,37,19,49,55,55,18,42,15
57,50,31,50,66,62,21,29,39,14,25,40,55,30,53,43,41,59,42,41,20,34,40,23,51,62,48,15,36,15
64,44,36,42,64,51,22,29,40,20,29,46,50,35,51,52,31,59,34,40,22,26,42,13,52,62,50,13,48,25
57,45,30,49,60,62,19,34,41,19,25,32,54,38,42,48,43,55,40,46,19,30,39,17,48,57,61,17,37,28
55,48,30,50,69,59,27,32,43,14,18,30,52,33,48,46,29,53,43,55,23,31,29,25,43,62,65,14,41,25
61,55,38,47,64,58,21,38,37,14,21,42,48,40,50,42,35,57,53,55,21,26,29,21,44,55,58,13,36,13
58,39,29,36,69,58,27,29,48,20,27,39,51,42,46,44,35,53,50,52,21,26,43,16,55,58,45,18,41,17
53,44,32,48,63,59,24,34,30,15,30,44,50,43,48,41,37,57,46,46,10,34,38,19,50,58,60,16,42,21
46,54,36,40,67,55,23,40,39,12,24,43,46,28,54,46,36,59,45,50,18,30,41,17,45,57,59,24,40,18
64,54,29,43,70,60,25,38,42,16,22,33,43,37,47,36,35,55,44,50,23,32,46,14,43,53,59,22,42,15
61,42,31,41,61,58,25,29,47,21,22,33,50,36,45,52,31,59,46,54,23,27,42,22,49,56,59,18,34,18
63,40,29,41,67,52,20,43,43,23,21,40,57,35,50,52,36,49,49,42,23,37,41,11,46,53,49,18,43,19
55,42,35,41,68,49,14,33,41,17,18,36,57,37,47,50,33,62,36,51,17,36,41,20,51,59,69,24,33,20
58,51,31,36,65,51,19,39,37,15,27,41,52,32,44,46,28,58,51,48,29,34,35,22,45,53,63,23,43,16
64,50,31,45,69,59,23,34,39,20,25,31,44,36,45,55,32,54,41,48,24,29,35,20,54,55,54,21,34,21
52,47,34,44,66,52,25,32,36,15,21,44,46,37,53,48,35,60,48,49,16,30,46,19,44,57,55,20,35,26
49,51,34,46,65,50,12,42,40,20,25,38,51,38,47,47,29,55,48,49,22,36,44,12,43,60,55,24,43,17
52,44,30,41,58,55,22,38,43,26,25,40,53,31,56,46,37,57,43,46,18,30,39,17,57,54,50,19,44,21
65,40,27,39,68,52,22,38,35,24,31,43,55,35,45,53,38,55,42,43,20,28,38,20,49,54,57,17,39,20
65,46,42,52,65,56,25,37,42,12,19,39,52,38,44,35,32,58,44,48,26,31,42,15,34,59,60,19,37,18
60,44,29,40,65,55,17,29,37,16,25,32,50,42,50,47,34,60,52,49,23,26,37,24,46,59,52,26,51,15
57,41,30,49,60,57,32,37,34,14,30,44,51,38,44,47,30,51,45,47,17,30,38,15,44,69,65,12,45,19
56,50,32,49,63,55,26,36,48,17,25,38,49,37,45,47,36,51,36,56,16,32,33,15,44,60,58,19,43,20
64,51,25,45,65,56,18,28,41,20,31,44,57,40,42,36,28,49,48,52,22,37,43,18,41,56,56,22,39,18
55,49,27,44,66,43,22,28,39,17,29,40,49,41,50,42,32,56,47,40,18,29,48,22,51,62,57,20,45,24
56,57,33,43,65,52,22,36,39,15,21,40,50,38,45,50,41,64,48,42,16,24,40,18,44,59,54,16,41,23
63,42,35,46,71,53,15,41,45,16,17,35,50,43,46,46,33,58,39,42,22,25,40,16,48,56,57,24,45,23
55,47,35,49,66,61,19,39,35,15,28,42,51,37,40,48,41,59,44,42,22,32,36,17,45,55,51,21,40,20
56,50,30,37,58,56,30,41,38,15,31,40,57,34,46,52,32,49,42,44,24,38,38,22,37,60,56,23,34,22
62,45,33,40,70,57,17,35,35,22,17,34,56,47,50,44,41,51,48,46,20,29,48,20,49,60,52,16,32,16
59,50,38,45,65,58,18,38,41,16,27,40,51,30,50,41,25,57,41,56,17,32,38,22,43,59,54,18,45,18
60,48,29,49,65,58,21,35,41,12,22,42,48,41,48,47,37,54,48,46,18,40,38,19,46,55,52,13,42,18
59,47,27,43,66,61,23,43,42,17,26,31,52,37,44,49,39,57,48,44,20,34,37,14,36,61,56,21,40,18
53,48,26,49,62,56,24,32,35,17,25,43,64,43,52,39,30,48,48,47,21,32,40,20,43,61,55,19,39,21
54,56,36,44,69,54,20,42,36,14,18,35,54,35,49,49,39,51,51,49,19,23,36,24,52,51,55,14,41,22
63,46,36,40,64,51,19,40,37,14,24,42,50,35,46,40,39,55,40,44,21,31,46,24,47,56,59,16,47,20
57,43,27,47,62,52,28,42,49,17,23,43,48,38,40,49,42,52,43,48,23,28,40,18,39,60,55,14,50,15
62,49,32,49,60,52,31,40,35,12,22,38,54,33,41,43,29,56,48,46,22,33,45,17,49,57,57,19,41,20
61,51,34,44,65,53,24,33,35,13,33,42,47,36,45,43,39,53,51,55,17,27,39,19,43,53,66,15,39,17
56,51,26,50,64,58,24,37,46,15,33,42,52,31,46,43,39,56,51,49,19,34,31,17,41,58,48,17,35,23
57,38,29,50,67,63,22,40,39,22,21,40,54,36,45,43,32,49,42,42,16,36,46,16,58,63,55,17,37,17
61,46,29,45,63,61,28,32,37,20,22,34,57,33,53,45,33,55,46,51,23,17,45,17,48,58,56,14,40,23
55,50,43,48,61,55,22,32,35,20,27,41,53,35,46,45,30,47,37,52,26,39,45,12,47,54,60,16,43,16
57,51,28,46,68,61,19,36,41,14,24,47,59,35,43,48,42,63,44,46,14,28,36,16,44,53,45,15,47,22
61,47,26,51,61,55,21,30,38,16,27,45,45,34,51,37,35,49,45,53,23,30,39,18,49,66,54,28,43,15
59,48,33,46,64,60,20,35,41,17,23,39,56,30,43,47,37,53,40,46,17,32,39,20,58,56,55,23,43,12
60,54,30,44,65,58,24,42,29,16,24,36,50,38,47,43,44,54,41,44,23,26,39,15,51,57,56,14,43,25
63,48,34,41,71,59,15,30,29,24,28,42,52,31,35,40,34,57,42,48,20,41,38,21,46,63,59,18,37,26
59,51,26,40,58,65,18,28,42,28,23,38,60,40,48,49,32,58,44,49,20,35,35,20,47,51,51,20,40,17
51,50,29,44,64,61,17,38,35,20,23,36,55,36,48,43,37,57,46,50,22,35,35,18,41,56,60,21,45,19
60,44,30,44,68,62,26,43,43,18,22,38,50,33,45,36,37,56,40,50,22,24,43,16,46,64,56,18,39,19
60,44,35,46,63,54,16,33,42,19,24,45,56,36,40,50,36,46,48,46,16,37,35,18,50,59,56,22,37,23
57,52,23,47,68,56,15,35,45,13,27,44,47,47,45,39,33,53,47,50,18,35,37,24,49,63,58,16,32,17
55,42,25,54,68,62,22,37,38,17,24,41,61,35,48,54,31,62,42,50,15,31,33,19,51,56,55,14,33,17
57,46,40,43,56,55,26,26,29,19,20,46,48,33,50,43,36,55,48,50,27,40,41,24,51,58,45,19,45,16
62,43,30,47,59,52,21,37,45,15,27,40,60,37,42,47,28,59,39,46,18,29,45,19,48,57,54,24,36,26
58,48,37,47,61,55,26,39,27,24,21,39,58,36,46,44,30,49,44,49,24,32,41,18,43,57,59,21,40,19
59,45,25,44,64,65,29,36,34,18,15,38,57,42,44,46,35,55,37,54,29,30,39,16,52,52,55,19,39,19
55,44,40,39,67,55,23,36,30,21,26,37,54,39,51,52,34,54,35,57,13,32,44,18,49,59,52,19,39,18
67,42,29,47,70,53,17,39,39,14,29,44,49,41,49,45,31,52,43,49,18,27,40,20,44,57,53,23,39,22
65,47,22,43,73,58,25,42,35,24,28,38,52,33,43,44,33,53,39,47,25,30,44,19,45,50,51,19,42,23
64,50,31,43,66,56,25,35,39,14,18,35,54,38,46,45,30,60,51,52,17,32,37,14,42,57,61,21,40,19
66,48,27,39,69,54,27,35,38,14,22,40,50,36,48,42,41,54,47,46,19,37,40,21,44,57,59,15,41,16
59,56,26,44,67,57,23,36,39,17,25,36,56,38,44,46,25,61,40,48,15,34,39,17,43,56,60,26,43,16
54,50,27,42,71,48,25,39,40,19,25,51,48,30,48,44,44,48,45,50,24,22,33,16,46,57,64,22,42,18
63,49,27,40,68,52,26,44,34,23,28,37,47,42,53,49,25,59,37,47,20,36,37,16,45,54,56,17,41,20
61,44,26,50,64,58,22,30,41,21,28,38,53,43,58,37,35,59,46,53,17,24,43,12,53,45,58,19,40,14
56,44,32,45,60,60,23,32,31,15,24,37,56,38,49,58,36,60,39,43,24,24,42,17,51,60,63,17,40,16
56,42,39,35,70,49,22,39,38,20,21,37,47,38,49,49,42,56,51,43,23,38,33,14,43,61,61,17,42,17
58,48,26,43,64,48,21,35,33,18,21,45,60,36,47,52,37,58,45,45,16,35,41,24,46,56,57,25,37,15
54,42,31,42,69,57,24,33,30,19,23,35,55,36,49,49,38,55,50,51,18,28,39,22,49,56,64,13,43,18
63,42,30,41,63,53,21,39,35,17,29,40,46,36,52,48,31,55,41,55,21,29,41,24,47,62,59,16,38,18
59,45,31,50,66,54,22,35,43,13,28,41,47,40,46,43,27,57,36,42,24,35,43,20,50,58,59,22,40,16
58,46,29,54,64,52,18,34,41,18,24,32,55,45,51,43,38,58,43,37,22,29,41,18,47,60,47,22,43,23
62,49,27,47,63,52,15,39,38,10,25,35,49,46,44,55,36,58,38,42,17,31,33,19,51,59,61,27,42,22
63,44,30,53,60,56,26,35,38,19,24,42,59,31,50,39,31,58,39,47,20,33,36,18,43,51,67,20,46,14
65,47,33,48,66,53,20,30,32,15,27,46,58,26,45,42,35,53,49,45,21,30,46,18,40,60,56,17,48,21
57,46,30,40,65,49,28,38,38,12,27,42,56,37,49,52,28,52,49,52,17,31,35,21,46,58,53,13,49,22
60,44,22,44,65,55,25,41,32,21,29,44,47,40,46,42,32,63,45,45,27,33,34,17,50,58,54,15,44,18
60,48,29,43,66,51,27,37,34,19,27,36,56,28,38,46,35,63,48,47,16,29,40,13,53,64,59,13,40,27
65,51,26,46,62,56,24,33,40,19,25,44,48,34,49,43,34,61,45,53,16,36,37,18,42,62,57,18,37,11
58,55,29,39,63,58,28,38,36,18,21,43,51,33,48,49,29,61,48,44,18,35,41,20,47,51,54,14,41,22
59,41,32,51,62,58,18,38,49,9,23,44,56,35,38,45,25,51,50,48,19,30,38,20,52,56,63,20,44,18
63,47,30,44,65,55,27,34,36,18,24,44,51,35,49,49,40,55,36,47,14,26,41,19,40,60,59,16,47,21
60,45,33,40,71,53,29,27,41,13,16,37,49,36,41,47,35,65,44,53,29,29,43,27,43,58,54,20,38,16
56,48,26,46,66,58,17,34,34,15,27,41,52,29,49,43,36,60,42,44,24,30,46,22,49,52,55,30,42,19
57,46,28,40,67,60,22,40,36,19,29,43,48,38,45,48,34,57,43,47,26,20,43,15,49,55,61,18,42,16
52,43,27,47,69,52,16,30,43,22,21,41,57,34,48,51,37,61,42,48,24,36,38,20,43,55,55,15,45,20
50,44,30,48,65,57,20,36,41,16,28,44,50,32,41,47,42,53,47,54,21,32,39,13,39,58,54,18,50,23
59,40,31,36,66,51,24,35,40,16,27,45,55,35,48,41,25,51,47,50,28,27,43,20,49,55,64,16,45,23
57,45,38,40,63,54,28,31,41,15,27,46,52,29,49,46,45,52,40,52,17,29,45,24,50,52,53,16,38,18
58,46,29,44,60,49,22,43,38,20,32,40,49,32,48,42,35,56,35,57,17,37,44,16,51,53,61,14,40,24
65,53,34,37,64,58,18,34,36,20,31,34,54,37,47,44,29,59,41,49,26,21,33,22,45,60,57,24,37,23
57,49,31,45,67,48,25,39,41,13,28,35,54,35,42,48,34,50,39,45,22,29,42,21,42,64,51,21,56,19
60,40,37,40,74,49,16,30,33,21,28,39,50,41,47,43,34,59,41,48,22,40,39,24,41,59,61,22,33,21
59,49,31,38,65,55,24,43,38,21,24,36,52,40,52,47,35,60,42,52,18,26,39,20,42,55,56,12,40,21
58,41,42,39,63,58,25,31,38,20,20,43,58,30,49,43,36,56,43,50,20,30,38,22,52,57,61,15,35,19
61,50,27,50,69,58,27,38,41,20,28,36,44,35,40,40,35,59,48,44,24,26,33,17,45,57,56,15,50,19
59,46,35,49,64,57,16,29,47,13,28,44,55,34,50,40,45,61,42,44,16,34,39,19,45,54,54,17,40,16
57,48,26,51,59,55,21,35,35,19,32,39,58,35,45,46,25,60,40,46,21,33,42,17,42,59,60,21,46,19
58,51,35,43,65,49,20,42,34,14,20,39,46,38,54,48,31,53,42,51,24,26,45,17,42,59,59,22,37,28
62,49,29,48,62,60,20,37,35,20,30,42,49,36,45,53,35,57,47,38,22,28,35,18,40,59,60,17,32,27
60,52,37,35,73,53,19,36,38,19,22,38,51,41,42,49,39,58,45,42,16,36,44,13,46,60,54,19,33,22
59,40,25,56,63,58,24,32,44,16,28,38,52,36,42,42,36,48,57,48,21,27,42,21,46,53,55,21,45,17
60,53,30,37,67,53,30,39,46,18,24,35,57,35,39,48,31,53,43,53,20,31,40,18,41,57,58,15,43,18
56,49,32,43,70,54,25,32,48,21,25,35,57,41,53,38,30,52,42,48,20,28,38,15,41,63,58,16,47,15
60,48,34,45,67,50,23,34,39,13,24,41,51,37,48,44,36,55,47,46,20,28,39,20,43,67,55,16,44,18
59,55,32,42,60,62,23,35,46,15,20,43,55,38,39,52,32,58,39,42,26,27,47,17,48,57,49,16,39,19
59,42,28,40,62,61,16,42,38,18,25,43,56,44,45,47,30,58,42,49,20,34,33,18,42,59,58,23,40,20
53,42,31,44,72,60,19,38,34,20,23,34,51,36,53,52,41,55,43,44,18,32,31,20,43,54,63,22,42,22
53,52,23,45,68,51,23,34,40,17,24,44,50,35,48,47,36,55,38,45,17,28,41,24,52,57,60,16,47,22
59,48,23,33,66,69,22,35,39,24,31,34,48,36,39,41,39,62,56,50,20,25,35,14,48,63,52,18,44,19
54,41,28,40,66,57,21,41,37,17,17,30,61,35,50,45,42,60,39,46,16,37,36,23,43,63,57,19,48,23
61,49,27,36,65,62,14,37,37,15,22,43,55,33,42,52,35,60,45,46,20,29,38,18,41,61,59,21,44,25
54,44,23,48,64,59,24,32,43,20,25,38,57,42,48,37,31,58,44,45,16,22,46,20,55,54,56,23,43,21
55,41,33,42,63,59,19,31,36,20,25,39,53,39,55,45,43,62,44,38,20,35,36,16,47,55,57,21,39,24
57,48,32,49,68,58,16,44,34,16,21,38,53,40,45,45,42,55,42,59,15,29,34,16,50,57,51,20,40,18
61,50,26,46,67,52,21,38,35,20,27,32,47,45,41,50,41,52,40,46,18,32,39,19,45,62,56,13,51,20
59,44,35,43,67,65,24,40,37,18,30,40,48,28,46,47,38,58,34,47,21,27,31,21,44,56,60,19,45,20
61,43,24,42,66,57,15,38,33,22,27,47,60,41,51,45,35,48,50,47,24,28,33,19,52,50,56,17,44,17
62,44,32,43,63,56,27,30,38,19,20,38,58,42,45,44,34,52,47,49,25,33,36,19,42,58,58,20,41,17
61,56,25,39,67,67,31,35,39,20,23,37,46,36,45,46,35,60,49,39,19,33,30,22,42,61,61,16,37,15
48,48,30,40,70,55,19,37,42,16,30,31,51,42,55,39,33,55,44,49,22,26,38,24,44,62,52,26,42,22
57,47,29,45,66,54,27,37,28,21,24,39,53,42,51,37,31,58,48,47,22,27,42,20,43,56,59,19,47,16
53,50,30,42,62,53,24,33,44,16,27,43,57,35,43,50,33,66,50,50,23,21,33,18,43,59,55,19,42,18
52,51,26,48,63,61,20,33,36,14,17,36,61,43,48,40,38,50,41,44,17,31,34,24,51,60,65,23,44,21
59,49,28,50,65,51,26,45,38,12,26,39,54,30,45,45,37,59,44,48,16,26,39,17,46,62,57,14,43,22
54,46,30,44,64,55,15,45,32,18,21,36,50,38,50,44,35,52,50,51,29,28,45,19,49,53,58,23,37,21
52,42,32,37,67,59,20,34,45,18,21,36,56,37,43,43,33,61,42,53,17,33,40,19,44,64,64,19,39,22
59,41,30,46,71,47,21,39,37,12,21,45,52,43,46,45,39,54,44,46,31,28,36,22,43,61,49,23,43,18
56,44,30,37,70,48,24,34,35,23,28,38,54,44,46,41,34,59,44,57,22,32,34,19,50,58,49,18,40,24
58,45,27,47,62,56,25,33,45,14,26,40,47,32,47,48,39,54,43,46,28,34,32,20,42,62,56,22,43,19
52,40,38,44,67,63,17,30,46,18,26,46,50,34,55,42,27,55,47,46,20,32,39,19,45,57,53,21,41,22
55,49,32,40,64,54,24,38,37,20,26,41,56,34,48,49,35,58,54,48,20,28,35,18,39,59,58,21,37,15
64,43,33,50,62,60,23,33,41,20,34,31,59,40,43,43,29,58,38,47,17,24,35,16,43,57,52,29,42,26
51,44,28,39,67,56,26,36,49,20,30,41,45,36,51,39,38,58,50,49,16,23,37,20,46,53,54,25,43,22
54,45,27,38,67,52,23,36,49,16,20,41,54,29,52,47,40,66,45,50,19,31,44,20,35,49,58,21,44,20
62,42,32,43,62,57,26,36,32,22,24,38,60,36,52,48,28,60,42,51,22,35,33,17,48,55,56,13,41,19
57,43,36,37,66,54,27,37,37,19,20,47,55,37,41,45,33,54,50,49,24,36,44,17,36,62,54,17,37,21
57,50,26,45,64,61,21,41,39,16,26,41,53,36,46,48,30,47,42,42,24,33,31,22,48,63,55,18,43,24
54,46,30,47,62,54,23,44,37,15,22,40,56,39,43,53,41,61,43,51,27,25,41,14,44,54,54,22,31,19
66,45,27,49,65,50,28,28,37,18,29,48,46,35,42,42,37,54,46,43,14,29,43,18,44,60,58,22,47,22
65,42,21,51,62,63,21,30,40,21,19,42,55,36,38,43,37,55,44,57,22,32,39,15,51,61,60,20,38,12
61,47,38,40,64,55,20,37,45,17,14,38,56,41,37,47,33,52,49,45,22,33,36,24,41,58,57,19,43,23
54,44,32,48,68,57,20,39,39,19,22,41,52,34,49,47,33,61,44,48,16,27,43,15,48,54,55,25,38,20
56,47,27,42,68,61,26,35,42,14,21,37,53,39,52,35,37,59,43,45,25,26,41,21,45,61,52,21,39,22
59,49,28,45,65,62,23,33,39,22,26,43,47,32,44,45,42,43,52,48,17,33,40,15,48,58,60,16,43,15
58,47,28,49,62,62,20,35,42,19,25,41,55,26,39,44,33,53,45,59,22,31,45,16,39,60,53,23,40,21
56,53,36,48,63,63,18,33,35,13,22,38,55,44,46,48,35,56,45,47,17,26,41,18,41,58,57,18,42,20
52,52,30,45,67,59,32,34,34,15,15,42,55,39,44,45,40,53,42,40,18,29,43,20,49,59,59,18,44,18
42,44,33,45,66,57,18,49,31,25,22,32,53,42,46,44,30,54,48,56,20,26,43,24,53,59,57,13,42,18
60,49,31,40,60,63,17,34,33,19,25,38,61,37,39,43,30,61,44,44,14,35,40,20,54,63,61,15,41,21
55,40,28,48,62,56,24,36,38,18,25,40,58,48,43,46,41,52,42,52,19,29,35,20,42,56,57,15,47,20
65,45,28,41,63,52,25,35,39,17,28,42,54,35,45,44,30,63,43,56,22,36,36,16,46,52,54,19,39,22
62,52,31,42,67,61,15,40,39,20,27,35,51,37,47,41,40,56,41,47,21,26,40,14,45,64,57,17,40,17
56,45,33,52,65,61,22,37,39,20,22,42,57,34,43,43,38,52,41,50,24,24,46,21,44,60,56,15,35,15
55,55,35,37,64,52,22,33,38,21,28,36,46,39,46,48,39,62,43,52,19,33,43,19,46,57,52,8,46,18
61,38,32,46,66,62,21,29,41,20,24,41,48,35,41,38,38,60,45,49,24,30,47,21,40,58,52,19,43,23
63,47,27,44,65,57,25,39,41,11,21,39,60,41,49,35,40,57,53,44,20,22,39,26,36,58,55,21,39,18
61,50,32,47,67,55,30,39,34,18,25,41,49,35,56,42,26,54,42,49,20,24,44,20,44,56,51,15,42,24
57,47,31,50,68,52,23,42,40,18,29,39,46,31,51,45,34,59,42,52,25,37,44,20,46,55,53,18,27,11
59,54,33,48,67,51,15,34,37,22,24,39,56,33,40,46,31,56,47,43,23,33,43,20,46,58,57,15,43,19
66,44,30,46,70,58,20,26,50,19,20,37,50,36,39,46,43,59,40,48,19,32,43,16,47,54,57,18,37,22
63,46,27,51,59,63,23,30,44,23,21,38,52,43,44,37,35,56,42,44,20,25,43,17,48,57,62,16,40,23
70,38,31,52,63,52,28,35,36,19,25,36,57,37,48,54,37,54,46,45,19,26,36,18,37,51,62,18,39,23
60,47,27,42,61,53,19,39,42,14,26,46,55,39,45,46,32,57,49,43,15,31,45,18,49,59,53,17,42,21
55,46,27,37,67,63,24,42,43,14,21,44,50,37,47,37,35,53,45,52,26,32,42,19,47,54,56,20,41,16
61,52,36,47,68,56,25,35,42,15,21,37,49,36,44,45,35,60,56,49,20,30,32,13,44,53,51,20,46,14
55,43,23,48,65,57,23,37,39,12,18,44,41,41,50,47,35,55,47,50,17,37,36,19,47,65,63,20,38,20
64,48,33,48,65,50,16,35,42,18,25,35,45,35,58,44,25,61,41,49,23,27,44,18,33,61,54,24,50,21
58,49,35,43,64,53,24,39,39,12,29,36,49,37,53,43,41,57,45,48,23,35,29,14,48,53,55,18,42,21
55,53,29,43,66,55,17,41,37,16,24,37,57,34,43,44,36,54,46,52,18,25,45,20,44,62,61,17,42,19
54,43,34,41,69,57,24,35,44,20,15,40,49,41,48,44,34,63,51,51,17,23,42,15,46,58,59,16,40,19
57,46,23,45,69,60,17,31,34,18,23,30,60,33,47,45,28,57,51,47,24,37,43,22,52,56,58,18,43,18
49,52,30,47,72,49,14,43,36,15,19,39,50,38,51,45,29,64,47,43,17,32,39,16,50,59,55,27,49,16
57,55,35,41,62,52,17,33,47,14,21,35,49,37,48,48,45,59,49,48,27,21,33,17,48,57,51,23,42,21
59,43,35,41,68,54,22,44,46,23,23,46,53,36,45,54,28,52,47,51,21,31,38,17,46,60,45,16,33,15
60,53,24,44,64,50,16,36,37,22,23,39,58,43,47,48,35,61,50,49,19,30,40,16,43,58,53,20,35,19
60,50,27,46,66,61,29,41,35,18,20,33,52,37,49,57,33,59,47,47,12,32,32,19,48,60,47,17,40,18
57,46,28,43,70,52,21,35,42,12,26,40,52,27,59,51,38,58,38,53,19,37,35,14,46,55,55,18,51,14
56,50,29,47,65,58,19,41,48,15,22,35,53,29,46,37,32,57,44,51,26,35,37,15,40,58,55,22,49,21
64,50,21,41,58,57,27,43,47,16,28,42,57,41,47,42,35,59,43,44,17,34,31,14,47,58,53,19,43,14
64,49,31,39,67,56,16,38,39,19,27,40,56,38,44,49,31,59,43,54,18,24,41,15,48,59,57,17,38,16
62,48,35,44,61,60,28,39,46,15,21,45,60,34,46,50,37,62,38,46,21,30,25,20,39,50,56,14,42,18
57,45,26,46,68,54,23,35,33,15,28,37,56,26,45,52,41,55,50,45,21,31,33,22,54,54,60,15,51,14
62,48,30,44,59,58,22,38,41,13,30,38,53,37,49,44,41,50,38,44,18,32,43,18,45,59,52,15,51,20
59,48,27,42,59,57,22,34,49,24,26,36,47,38,47,37,24,65,44,52,17,39,38,25,42,67,54,16,36,21
60,45,24,42,62,52,23,39,35,23,26,42,52,43,46,49,34,52,45,47,18,35,37,17,50,55,57,15,44,23
65,45,31,36,65,56,18,36,44,21,18,39,50,39,42,49,29,55,45,50,20,31,43,22,41,58,54,21,47,22
55,47,34,46,63,58,21,34,42,11,33,46,51,36,48,45,33,56,49,48,17,36,40,15,48,50,53,22,44,11
63,49,30,42,64,47,22,31,37,18,29,40,51,42,56,45,32,59,44,42,23,38,39,15,37,58,65,17,37,20
59,50,35,41,69,57,18,32,33,16,24,45,53,35,53,44,31,60,42,48,25,30,38,22,41,54,58,17,40,22
50,45,35,42,66,59,16,35,40,16,19,38,52,36,48,50,40,54,53,52,25,32,37,22,45,54,54,18,40,19
59,53,27,30,67,54,23,39,31,18,26,43,54,32,47,40,36,57,53,51,19,32,45,19,42,61,53,18,45,18
55,52,26,41,60,53,17,28,39,18,29,36,55,37,50,44,31,59,44,55,21,33,43,18,46,54,55,23,46,24
56,44,27,39,65,50,26,41,36,13,23,41,52,41,44,45,35,53,40,54,34,31,44,20,47,58,61,14,39,19
64,43,29,50,62,46,22,38,41,16,22,44,48,37,49,39,33,60,46,51,22,34,34,18,49,57,51,19,47,21
53,42,36,51,65,56,19,39,33,16,33,38,54,40,42,43,25,51,46,47,22,36,45,14,53,61,58,14,33,27
51,54,32,41,63,51,23,36,45,16,27,43,53,35,46,43,39,47,37,52,26,30,40,15,48,58,61,19,43,18
56,52,22,35,64,52,24,35,39,16,32,41,57,42,52,39,33,59,52,45,21,25,39,20,51,54,54,18,42,21
55,45,26,45,71,59,19,28,39,11,22,45,54,35,48,43,39,62,47,48,22,35,45,10,43,57,58,21,39,21
48,46,35,41,68,57,19,36,32,22,26,31,60,40,47,50,29,57,44,51,23,34,41,17,40,58,61,17,42,20
59,51,30,42,67,54,16,42,46,14,19,41,45,35,52,46,36,63,49,48,14,28,35,21,52,56,54,16,40,21
55,45,19,48,61,54,24,35,48,16,23,40,54,33,51,38,33,55,42,55,22,36,42,16,50,57,55,15,48,22
57,47,24,44,62,55,23,38,40,16,28,34,61,31,59,44,33,49,43,53,28,29,34,24,45,59,53,23,36,20
56,50,28,50,67,57,23,31,41,19,25,34,57,36,42,38,35,60,46,50,26,35,43,20,39,53,55,14,39,23
60,44,28,52,64,55,20,39,35,19,23,37,55,35,45,54,34,58,47,53,15,34,30,17,44,54,63,20,41,17
58,46,38,46,67,59,20,35,37,19,27,42,46,35,46,43,30,60,45,53,13,35,41,12,45,60,60,20,35,19
60,56,28,43,64,50,19,36,35,20,22,43,52,34,50,48,34,60,44,51,26,26,40,17,49,51,56,21,36,21
63,50,30,37,60,54,21,27,36,19,25,47,55,34,44,47,37,54,43,48,16,35,42,18,51,58,56,17,47,21
53,52,35,42,63,51,22,37,36,12,26,40,49,35,44,51,41,62,44,54,22,29,40,15,45,58,56,20,40,18
57,50,29,50,57,55,18,38,35,19,31,42,56,44,52,43,31,54,39,49,20,33,35,18,42,61,58,16,43,17
64,54,20,39,65,52,29,35,38,17,23,36,55,44,50,40,30,54,37,50,19,34,47,22,41,61,54,22,40,20
60,53,29,40,71,55,14,32,38,23,22,43,57,38,44,46,36,56,44,50,17,32,40,18,45,59,53,14,45,18
61,45,31,43,62,52,24,38,37,12,31,38,51,43,52,40,34,50,49,46,21,24,35,20,56,53,57,20,45,22
57,49,41,44,70,51,23,30,41,23,23,40,52,36,43,44,37,55,48,46,19,33,35,23,45,54,52,16,45,17
60,48,32,45,60,54,29,39,42,19,29,36,48,30,49,44,33,62,41,49,21,30,38,18,48,55,51,22,40,20
64,43,26,49,61,50,25,36,45,21,19,33,49,36,45,47,37,64,46,49,23,33,36,17,44,60,54,18,44,18
65,49,27,45,62,53,18,34,41,18,23,43,49,38,46,50,38,59,38,44,18,30,43,16,45,59,55,15,46,25
70,51,37,45,62,55,22,36,33,18,29,40,43,38,47,40,33,59,47,44,24,32,43,17,42,51,56,21,33,24
61,47,24,46,67,56,24,37,42,15,26,34,56,37,46,40,23,65,46,57,23,29,38,28,46,59,53,21,30,16
55,54,26,41,64,59,20,32,40,20,27,35,50,37,49,56,27,57,38,49,19,31,36,25,43,55,58,25,45,19
52,42,30,49,67,61,21,37,41,22,27,42,50,45,47,44,32,58,35,46,17,37,35,13,49,53,58,19,43,20
61,51,32,42,68,57,19,33,42,22,26,41,53,41,51,40,31,56,43,53,14,25,38,20,52,55,55,19,34,18
63,51,30,40,64,57,22,33,33,20,26,33,44,38,45,46,34,64,42,47,25,26,38,18,43,56,56,24,49,25
54,48,32,47,67,45,18,30,43,18,19,37,58,34,48,46,33,57,51,54,24,28,31,18,45,60,65,21,44,17
56,47,25,47,67,57,27,38,46,20,27,30,53,41,40,50,31,53,48,46,13,27,37,22,45,62,61,12,43,21
57,46,39,47,62,55,23,31,37,15,27,42,62,39,40,53,31,54,47,48,18,28,43,17,47,53,51,22,38,20
61,53,27,46,58,62,21,38,31,20,22,33,51,41,50,43,31,59,49,50,18,34,42,24,49,53,52,12,40,22
60,48,32,46,63,50,20,43,37,18,21,45,45,28,44,43,35,55,48,41,23,28,44,20,51,61,53,26,44,20
57,53,22,48,65,62,17,36,35,16,22,38,54,36,43,48,38,58,41,44,17,34,39,19,48,54,51,20,51,26
58,42,33,52,59,51,24,40,45,16,27,40,44,38,50,42,42,60,46,46,21,33,34,13,46,47,61,19,40,23
60,49,29,40,63,53,16,38,27,13,25,38,59,35,46,50,27,58,44,46,26,35,44,17,53,56,56,25,45,19
54,49,27,47,65,53,21,33,43,18,27,42,54,28,51,49,32,61,51,42,17,31,39,14,41,66,56,19,42,20
61,41,34,41,64,54,30,31,41,17,24,43,51,37,55,41,38,55,44,46,22,38,41,18,42,59,50,21,37,16
54,44,26,43,68,58,19,37,39,21,24,41,53,33,42,49,34,59,47,45,17,26,37,21,52,59,60,21,41,22
49,53,38,46,61,61,21,35,39,22,26,43,49,32,44,40,33,59,47,48,28,37,39,15,43,50,49,17,48,20
52,56,29,40,60,54,17,35,45,25,20,43,50,26,47,46,38,61,42,53,15,28,45,23,52,55,59,25,34,17
61,51,32,38,64,60,25,36,32,15,27,42,51,36,48,41,34,61,47,46,22,34,38,20,48,51,56,14,41,21
55,40,23,44,62,56,28,35,43,16,25,40,62,34,48,42,34,59,39,44,26,35,39,19,46,55,62,24,37,20
59,49,33,41,68,59,25,33,42,14,25,43,48,37,50,48,40,54,47,44,18,29,35,17,40,62,53,16,46,17
58,40,26,42,65,53,20,29,42,23,22,44,62,37,47,36,31,57,43,53,19,35,43,22,41,60,54,25,47,16
62,48,27,46,62,59,24,33,37,17,27,36,51,32,50,43,36,60,46,49,24,33,39,15,44,59,49,17,46,21
67,41,26,47,60,51,19,40,28,21,21,38,53,43,50,46,42,54,47,50,20,37,42,20,42,58,51,19,39,20
58,47,28,35,66,49,26,40,36,19,31,36,52,39,48,42,35,63,49,50,27,29,39,18,44,63,57,15,37,14
48,52,30,46,64,59,19,36,44,19,21,34,52,26,44,50,43,58,35,52,20,29,36,19,48,60,61,14,53,20
59,44,30,42,61,50,15,28,48,16,30,43,62,38,53,51,38,54,38,47,20,32,43,19,38,51,55,25,40,22
57,54,36,47,64,59,20,37,45,17,18,30,54,36,51,45,30,55,52,50,19,28,41,16,42,56,51,16,46,20
57,60,26,45,69,53,33,38,38,16,22,36,61,36,49,48,40,54,44,47,14,23,40,15,45,52,51,14,47,19
57,48,32,41,68,50,25,29,37,16,26,37,57,39,48,46,32,56,45,43,26,24,46,16,41,61,59,20,44,23
55,47,31,43,69,53,20,44,41,12,20,37,57,38,49,45,40,59,46,58,22,29,39,16,42,55,61,18,35,11
60,47,32,45,63,52,24,37,43,20,29,43,59,33,48,47,34,59,42,47,16,29,33,16,49,58,49,19,42,17
60,45,34,37,67,59,25,39,39,18,19,44,52,39,49,39,34,50,47,48,21,29,38,24,42,61,61,14,35,23
58,55,26,44,65,51,29,31,42,22,23,34,52,42,47,42,37,58,41,50,18,30,33,22,41,59,61,22,39,18
61,46,26,53,57,54,22,33,36,18,25,47,52,32,60,43,34,56,46,42,23,25,41,20,42,56,51,22,53,16
60,39,32,47,62,55,27,40,45,19,16,44,52,33,49,46,29,50,55,51,16,31,38,18,46,56,54,15,46,21
56,47,25,49,67,55,19,35,43,19,28,47,46,32,53,46,36,57,46,45,18,28,40,18,38,60,61,23,35,20
57,48,23,40,66,55,26,27,33,18,26,40,61,30,54,45,29,60,50,49,29,29,33,18,38,56,63,17,47,25
57,50,34,36,67,59,22,40,38,20,31,34,45,32,50,43,38,55,44,46,20,34,35,14,47,64,66,17,35,19
61,37,34,39,64,61,17,40,46,22,28,46,47,39,54,47,30,56,41,45,18,23,37,17,56,60,48,25,32,22
59,56,40,39,65,50,22,33,31,18,23,37,49,33,46,47,36,57,50,48,23,39,44,21,38,64,55,15,38,16
59,47,30,48,66,53,20,36,33,15,18,40,51,27,50,44,35,55,56,52,20,29,38,22,50,64,49,21,43,21
59,47,24,48,69,49,23,42,38,21,29,42,57,30,53,48,38,53,32,52,19,27,44,18,42,60,46,20,45,17
58,47,30,41,72,51,22,46,41,20,26,41,47,36,47,48,33,56,40,44,17,28,32,14,46,62,53,23,46,25
61,50,30,52,66,58,24,31,34,16,24,34,51,35,56,46,33,56,39,45,22,36,37,17,48,53,54,23,44,17
59,51,32,44,61,57,29,45,40,14,24,38,44,41,46,41,34,53,56,46,25,31,32,19,45,61,48,19,39,18
58,53,31,48,64,63,21,31,44,17,23,41,51,31,54,46,36,54,46,45,24,24,43,16,43,63,54,19,37,12
57,42,32,41,67,56,21,39,41,19,23,40,50,35,44,49,35,60,38,47,22,30,38,19,50,65,53,8,44,27
52,47,30,48,64,55,17,35,37,12,27,45,49,41,46,44,38,57,39,46,23,32,37,17,51,58,62,24,41,18
58,43,31,38,61,59,25,44,32,16,26,36,55,38,55,35,36,60,43,48,23,35,42,16,41,59,59,19,46,13
61,54,30,42,65,56,23,38,40,14,20,41,52,34,47,44,32,55,40,46,21,33,33,23,49,54,61,23,40,21
62,50,30,44,63,56,21,31,38,16,27,38,57,39,48,42,39,53,45,53,18,30,42,17,51,56,52,22,41,11
60,49,31,50,65,62,21,39,36,13,28,38,51,37,44,47,32,54,48,46,16,29,40,14,49,54,66,14,44,15
57,48,35,47,66,52,22,34,33,17,18,34,59,41,48,42,28,52,46,54,17,29,35,23,54,66,56,18,41,20
47,53,28,45,66,46,16,37,37,17,24,41,49,40,51,48,30,64,43,53,21,32,40,21,44,63,53,16,46,21
63,47,35,43,66,55,22,38,33,19,18,46,50,31,47,47,30,56,39,39,20,27,48,16,51,61,60,22,39,24
52,46,25,47,63,50,25,39,32,18,29,46,54,43,52,40,41,55,48,44,19,32,40,13,47,58,53,21,43,17
58,48,30,44,65,60,23,38,39,9,19,41,52,35,44,45,35,62,43,44,18,35,42,19,47,54,57,17,53,16
53,46,32,47,61,61,24,44,34,15,26,39,51,44,45,42,33,54,50,49,17,32,37,18,50,53,57,19,39,20
53,38,29,38,62,51,24,36,35,17,24,35,51,38,48,42,35,56,45,56,19,35,51,22,53,54,55,21,44,25
56,43,30,45,61,48,28,39,40,21,23,38,51,35,52,44,32,62,44,50,21,28,37,25,45,57,61,23,35,18
64,55,28,47,63,54,29,33,37,17,24,41,57,35,50,45,31,58,40,45,17,30,40,16,41,62,57,18,39,19
60,52,28,40,67,58,29,43,41,18,26,44,44,38,46,50,32,58,47,50,17,27,35,14,43,53,59,17,43,13
54,44,29,44,67,51,28,35,36,17,29,43,49,34,55,41,33,58,47,50,21,34,39,12,52,57,52,18,47,16
63,46,25,48,63,55,15,38,43,16,20,43,54,39,46,51,44,52,44,50,10,29,34,19,51,60,62,20,36,16
51,52,33,49,67,57,14,34,38,16,23,43,43,34,51,38,37,55,49,56,24,26,37,19,40,63,57,18,45,23
55,40,35,51,64,60,22,32,42,17,20,36,59,34,49,48,30,60,49,45,15,30,37,16,53,57,57,20,41,18
59,49,26,42,67,61,21,45,39,18,26,34,47,34,40,48,38,58,38,54,21,37,39,21,47,61,54,14,36,18
61,54,28,45,73,55,22,36,33,16,25,36,41,32,45,48,27,55,43,45,21,31,42,20,49,61,60,14,52,22
64,45,25,39,68,61,24,40,38,16,23,40,52,29,44,54,38,53,39,52,17,41,40,18,35,53,57,17,51,19
56,41,24,38,69,55,22,44,34,23,21,41,52,37,47,34,37,61,47,43,29,33,43,19,45,64,55,21,40,17
52,58,24,37,69,52,18,38,39,14,26,47,53,33,39,50,41,55,50,39,18,35,46,19,43,58,55,18,42,24
62,44,26,45,71,59,24,42,32,22,30,33,52,34,51,48,29,64,45,45,16,26,40,18,39,55,57,17,42,24
64,46,26,45,73,58,21,42,37,16,29,38,51,39,53,40,30,49,33,45,21,34,37,18,46,59,57,21,43,21
60,48,35,45,67,60,21,42,32,19,23,36,51,34,41,40,40,60,43,52,19,28,38,17,48,59,58,17,40,19
57,48,35,39,68,54,22,35,38,20,22,41,58,32,54,36,24,59,50,49,22,28,45,20,43,56,55,16,45,21
56,41,28,50,63,61,25,43,35,12,29,39,48,29,52,44,38,54,34,47,21,34,43,17,49,62,57,22,39,20
64,53,32,41,65,53,27,34,41,16,24,39,51,42,47,40,39,54,43,42,16,29,41,19,44,56,56,23,42,19
61,44,30,46,66,51,25,37,35,17,23,43,46,39,48,46,35,57,39,49,22,30,38,17,55,53,63,19,35,23
55,47,29,44,60,58,15,35,36,20,22,38,52,44,44,45,39,58,47,43,23,32,40,15,51,62,61,18,44,15
56,50,24,41,65,54,27,38,41,20,30,42,51,32,45,36,36,58,48,59,18,31,40,13,51,60,53,16,39,18
66,50,29,47,67,52,19,36,37,17,34,40,58,33,41,43,33,54,45,44,20,25,35,15,49,59,57,26,44,17
55,41,35,48,62,59,20,40,34,21,28,42,48,39,50,45,33,58,49,43,27,33,35,14,43,55,60,18,43,14
59,43,43,43,66,51,20,38,43,17,23,33,51,40,45,47,32,57,37,52,17,28,37,20,42,65,59,22,42,20
59,44,34,44,68,55,26,31,38,24,28,38,51,32,51,43,38,57,32,42,18,29,41,18,49,58,61,18,43,22
59,46,28,45,71,54,24,38,41,10,21,37,53,41,45,41,29,57,48,47,18,29,44,18,39,65,60,18,46,20
56,49,27,45,60,56,22,48,48,17,28,39,52,36,51,49,39,45,48,52,13,29,35,17,50,55,50,14,43,19
57,44,33,43,67,57,27,41,39,17,21,37,51,36,43,46,34,54,46,50,19,29,41,20,49,63,56,20,36,16
57,49,33,47,67,48,26,33,38,15,30,36,54,47,46,47,32,50,45,51,19,35,39,14,50,56,55,19,35,19
62,51,35,42,63,61,22,42,39,20,29,36,50,36,45,46,40,54,44,52,22,28,36,20,43,59,44,15,42,14
58,54,27,43,63,62,24,36,33,19,24,48,50,28,53,47,39,50,41,45,16,30,30,26,40,64,59,18,45,20
64,50,32,47,66,50,23,30,28,16,23,41,54,28,44,42,37,58,45,47,26,28,47,17,40,55,60,18,51,25
51,46,26,38,63,54,27,38,45,18,18,38,53,41,50,47,31,62,52,51,21,27,36,17,49,62,55,20,35,21
62,39,30,45,64,58,24,34,42,18,29,30,53,39,55,38,37,60,48,49,19,35,38,12,43,50,59,18,50,14
56,46,37,35,66,53,17,34,37,16,28,40,52,43,43,35,37,63,51,52,18,30,43,13,47,60,61,18,38,23
59,41,28,46,69,64,25,33,39,19,29,34,48,31,50,43,39,60,45,40,27,28,42,14,43,59,63,17,39,18
63,52,31,43,66,50,24,31,41,18,29,32,54,38,47,39,35,60,40,46,21,34,38,20,46,55,64,14,49,12
56,60,27,42,64,60,21,43,34,16,22,45,47,39,44,40,25,52,41,53,25,32,46,14,52,48,60,22,43,19
52,45,29,40,73,55,21,38,39,21,24,28,53,35,48,52,46,54,42,44,23,23,38,21,44,61,60,18,41,24
60,44,28,40,65,59,25,36,44,19,26,34,55,35,51,45,33,54,42,45,21,35,39,19,43,56,54,16,48,21
56,45,28,41,67,57,27,40,29,20,25,38,57,35,45,42,32,61,41,53,22,34,42,12,41,66,54,19,42,21
57,47,28,49,66,62,24,36,36,15,23,44,56,37,42,42,29,62,44,47,15,26,42,21,43,59,54,27,38,21
64,47,25,43,69,53,16,37,35,21,26,39,58,38,51,39,36,59,46,50,13,35,33,19,44,58,49,20,44,25
65,50,31,44,66,50,21,31,41,16,25,44,56,34,49,45,32,52,49,49,22,28,39,15,48,57,54,15,45,19
56,55,29,49,66,58,21,35,37,22,20,42,50,42,45,38,39,54,41,51,19,28,34,16,43,59,55,25,40,23
54,48,21,47,62,54,26,43,31,21,25,39,49,36,46,47,33,49,46,46,20,36,35,19,46,67,55,21,47,23
54,40,34,42,58,56,28,43,49,17,26,30,50,39,50,48,33,54,38,44,21,27,41,14,51,62,64,16,40,23
53,51,29,38,65,59,19,44,43,25,25,32,49,38,46,41,31,59,45,47,20,28,46,22,50,53,58,15,44,17
56,57,32,43,63,58,18,33,41,21,20,38,50,34,43,52,29,53,43,54,20,35,32,21,43,60,61,21,42,19
58,39,29,43,67,59,24,42,42,13,30,37,54,35,51,42,42,62,46,49,17,29,37,23,46,51,55,17,38,15
52,53,32,42,67,55,16,33,49,18,24,38,56,42,46,38,38,62,40,50,20,29,37,18,50,50,59,20,40,18
62,43,25,41,63,51,22,29,44,12,28,39,51,42,46,46,36,55,44,51,27,29,40,14,48,63,58,21,45,17
71,53,28,44,61,59,24,40,32,17,30,37,45,34,50,45,34,53,39,46,20,32,47,19,38,69,57,16,34,18
58,48,27,48,64,54,24,30,45,22,26,34,52,37,50,46,32,62,36,46,25,36,39,11,47,59,55,19,41,19
59,43,30,44,70,60,20,39,34,16,25,36,55,36,56,33,38,60,43,46,24,27,38,21,45,54,65,19,36,20
56,49,33,45,67,60,18,42,41,21,26,40,53,32,45,43,36,46,38,49,22,18,39,19,55,63,58,21,41,16
57,47,31,46,65,58,17,43,39,18,28,36,50,34,49,45,33,54,32,55,23,29,35,23,45,57,55,21,43,24
58,49,33,34,71,60,19,39,35,16,28,37,53,38,39,43,32,56,56,49,18,30,41,17,44,57,60,15,44,21
59,50,25,42,59,62,28,34,43,21,28,39,50,30,53,44,38,60,45,43,16,31,37,17,44,56,56,23,40,19
54,44,34,51,64,52,19,35,38,16,26,52,56,28,45,42,37,56,44,45,23,30,31,20,51,66,52,20,35,26
59,47,24,46,67,51,20,40,39,22,28,38,53,36,48,44,33,52,40,47,19,33,34,26,53,52,59,18,48,16
60,48,36,41,65,55,19,39,33,16,26,41,50,41,47,43,37,56,43,50,19,31,42,16,44,64,55,16,40,19
61,51,24,40,61,52,25,40,42,18,21,34,50,24,49,52,41,55,37,54,28,30,37,20,51,62,54,21,43,15
54,39,31,45,67,59,24,42,44,17,25,44,54,42,43,50,29,56,43,54,20,34,36,14,46,60,51,15,32,22
61,50,33,44,67,53,27,41,40,14,28,36,54,37,52,47,33,53,44,41,21,28,38,22,45,53,56,15,37,22
60,51,23,46,68,56,20,38,38,20,34,36,43,28,48,52,29,59,47,48,18,34,47,16,44,56,58,17,45,13
55,44,31,38,65,60,19,35,46,21,31,25,58,37,47,48,38,59,37,49,21,30,40,14,50,64,48,20,47,15
62,51,28,37,66,46,15,41,37,19,21,39,53,37,39,60,28,54,44,51,30,32,38,17,51,58,49,23,43,23
57,49,31,41,66,63,19,36,39,23,23,35,52,45,45,46,31,54,50,47,25,28,37,18,46,60,53,18,37,18
57,49,28,36,64,52,29,31,45,21,30,40,48,42,43,40,40,57,40,45,20,33,44,16,54,54,55,15,42,22
61,47,24,43,67,53,19,37,31,26,27,37,52,34,43,59,37,57,48,44,15,31,46,15,44,59,60,21,35,20
63,39,31,43,64,58,20,36,39,15,29,40,49,37,46,42,45,56,45,37,24,35,38,21,54,58,53,20,40,15
57,51,32,39,66,51,15,35,35,16,29,45,53,40,49,52,31,58,50,42,18,28,33,22,40,66,56,16,46,21
57,39,25,45,66,53,18,38,35,16,27,39,64,39,55,45,31,62,42,56,19,34,39,15,50,56,52,20,36,19
69,49,24,47,66,60,22,44,43,22,19,40,52,37,44,41,40,50,43,46,19,24,32,24,43,60,53,18,42,19
53,46,27,45,64,52,20,41,39,19,23,39,55,33,54,42,33,55,49,50,12,33,46,21,44,56,58,24,42,17
60,54,30,51,62,50,15,36,32,15,29,39,58,37,50,50,32,56,39,50,17,30,44,15,45,54,58,16,46,22
46,40,41,44,64,49,25,31,35,18,27,37,56,38,42,46,37,49,48,53,26,34,45,18,58,57,53,18,42,15
60,44,34,46,64,57,26,38,43,15,28,39,52,26,47,47,30,55,45,56,15,31,39,20,44,56,62,18,37,18
52,48,22,44,61,61,20,33,40,15,22,41,51,38,47,46,29,62,43,65,22,29,38,17,51,56,57,19,43,20
57,41,25,43,63,59,21,33,38,19,26,37,56,42,47,49,33,57,50,44,21,24,43,17,40,55,57,25,45,25
59,54,27,46,62,50,20,39,32,17,26,39,49,41,47,43,36,61,42,49,25,30,39,15,43,59,58,23,38,23
62,49,36,45,64,57,22,37,39,17,18,42,50,35,45,40,37,52,47,48,12,31,44,19,48,66,58,21,39,12
61,54,22,48,71,56,29,33,29,23,29,39,53,35,45,43,29,49,51,45,19,33,41,13,50,56,57,18,37,24
60,48,28,50,63,57,24,41,38,15,34,31,50,37,42,39,34,60,42,42,18,37,42,19,53,51,55,16,42,24
58,49,33,42,70,57,21,30,46,21,25,35,50,40,53,40,36,54,40,50,19,22,42,12,46,61,51,20,45,24
60,50,26,44,62,49,23,40,50,26,28,40,57,41,39,44,36,50,41,42,18,31,33,16,46,57,61,21,40,21
57,48,32,56,59,54,22,38,41,16,26,39,57,33,45,37,31,54,44,53,20,31,34,17,49,61,55,17,46,20
61,51,33,41,62,56,25,38,31,20,28,47,54,35,50,47,26,55,44,45,21,28,38,18,42,57,59,21,37,22
50,45,28,45,64,55,22,36,40,22,31,32,56,30,48,43,33,50,57,53,22,35,36,18,51,54,57,21,37,21
52,50,26,42,67,52,22,32,35,21,32,40,52,38,41,39,35,58,46,49,18,35,44,18,46,58,56,18,47,23
62,50,28,48,67,61,17,45,38,16,21,43,51,40,33,37,29,55,45,46,19,34,36,18,51,57,64,25,38,18
60,46,28,48,66,56,16,30,35,15,21,46,55,41,46,46,37,61,44,51,18,38,37,17,45,50,58,19,43,19
51,44,29,47,68,55,23,34,38,15,25,35,47,39,47,47,39,55,46,51,26,30,42,16,46,58,58,17,40,24
53,44,32,52,62,61,26,40,35,20,21,41,50,38,46,46,31,52,48,49,22,31,39,15,41,61,62,16,39,19
52,47,26,48,64,60,18,32,31,19,23,45,53,42,42,50,37,56,45,42,20,25,48,20,45,61,59,18,46,18
63,51,33,45,59,56,33,37,41,21,26,45,51,29,48,42,34,52,37,46,14,30,41,17,41,61,45,24,46,24
63,54,29,42,64,53,16,39,38,20,27,44,55,31,41,49,33,51,47,49,20,29,44,20,47,54,62,17,38,16
49,46,35,41,59,54,21,36,45,15,33,47,49,36,46,46,36,56,44,44,24,35,42,21,39,61,58,21,36,17
62,45,25,48,63,45,25,42,37,14,24,46,48,39,44,40,44,55,42,48,23,27,43,21,46,65,57,14,43,17
63,42,33,46,69,52,28,40,37,22,22,41,52,36,48,43,33,57,50,53,24,31,31,10,39,56,59,17,35,23
62,48,26,42,65,55,18,41,37,13,27,45,53,33,46,50,31,53,39,51,26,30,43,20,39,57,54,24,42,22
53,50,31,40,66,55,17,33,39,12,24,40,56,31,41,50,36,61,41,45,23,32,38,16,51,58,63,21,37,32
58,50,28,46,68,52,29,37,37,19,23,41,53,36,49,45,32,60,49,40,24,30,40,13,44,56,57,18,43,15
63,46,28,50,70,56,22,29,40,16,24,38,52,40,51,44,32,57,44,44,20,34,36,17,49,56,55,21,42,16
58,47,24,45,67,59,23,42,40,25,17,38,52,27,51,42,30,57,48,52,21,27,42,15,37,59,56,20,52,19
51,53,28,42,71,56,23,42,31,21,25,38,52,35,50,45,34,53,44,49,21,36,34,16,46,52,56,23,46,19
63,49,37,50,64,54,20,43,30,14,26,38,49,42,39,39,40,54,48,41,23,39,46,18,36,55,50,21,46,18
54,42,33,47,68,55,25,35,34,16,31,39,60,41,42,37,31,63,43,55,19,34,43,21,36,63,62,17,33,13
43,53,29,39,63,55,26,35,41,22,27,35,58,37,50,48,36,61,49,42,18,33,39,19,41,58,55,20,37,23
50,51,24,43,64,56,24,31,41,14,25,48,58,43,47,50,36,54,43,47,23,31,36,17,53,56,57,16,31,23
59,54,22,36,69,55,24,39,37,17,31,39,55,35,39,49,25,54,45,44,21,33,41,16,51,65,57,22,38,20
56,54,27,44,66,53,28,38,37,16,24,41,52,36,46,41,27,50,48,47,23,30,38,18,47,60,61,22,42,20
63,45,37,38,65,65,24,31,45,18,22,46,54,31,49,46,33,51,41,49,20,32,45,16,38,61,60,13,37,17
47,49,33,48,61,50,24,44,40,16,23,40,51,37,52,50,30,61,40,45,15,33,43,18,46,56,63,15,39,23
55,50,32,45,66,63,19,33,32,12,25,42,58,41,45,40,36,54,33,47,25,35,43,22,45,59,55,20,38,22
53,56,33,43,65,58,24,35,33,16,26,41,41,38,54,39,40,55,45,56,19,28,38,20,48,55,65,21,34,13
50,50,36,36,58,59,25,43,41,22,22,33,51,34,50,51,40,61,50,45,18,24,36,15,56,58,56,15,38,19
62,51,35,43,59,54,23,29,38,16,27,34,50,32,51,50,35,62,48,56,18,30,31,20,55,53,55,16,43,16
50,51,35,45,63,62,22,28,44,17,27,45,51,43,40,46,40,61,39,40,15,23,38,21,45,61,56,19,44,21
55,45,32,42,68,58,19,44,38,20,26,45,50,39,46,45,28,53,46,51,21,23,40,23,39,53,53,19,49,22
59,46,31,39,70,57,27,30,38,19,31,43,53,38,46,45,38,60,46,49,18,25,31,17,36,56,50,30,46,18
58,53,32,43,61,64,26,34,33,15,19,38,57,37,47,47,34,49,49,43,21,29,41,24,40,59,55,20,40,24
65,50,33,47,62,51,18,31,44,11,13,46,50,44,48,42,37,60,43,48,23,32,37,15,45,59,48,25,44,21
59,44,30,49,68,48,28,31,40,17,22,42,50,36,60,42,26,60,44,37,26,30,41,18,46,55,55,20,47,21
58,48,23,42,66,53,24,35,41,15,25,42,56,42,36,48,39,52,45,53,23,31,43,14,49,58,59,25,33,14
57,42,26,39,68,57,25,41,43,17,23,42,50,40,52,47,32,57,51,47,21,20,41,16,45,58,60,24,33,18
62,52,31,47,64,56,19,39,36,20,20,45,58,35,41,42,27,61,46,53,19,34,41,18,39,60,51,14,37,25
63,52,27,39,65,51,25,30,33,14,27,36,45,39,51,43,42,60,41,46,20,37,37,21,43,63,56,23,38,25
56,45,24,42,66,60,25,36,36,20,24,38,54,37,44,49,37,56,50,50,26,29,32,15,44,50,66,21,43,17
57,47,30,51,66,58,24,30,41,18,25,39,57,45,45,41,36,53,47,39,17,28,37,19,47,56,61,20,40,18
56,50,27,44,61,60,15,32,38,18,19,35,52,35,44,41,39,60,43,48,26,35,38,18,56,60,57,20,40,25
61,48,30,45,64,57,24,37,40,15,20,41,52,41,51,55,33,60,43,50,19,23,34,11,50,59,53,20,37,19
60,44,29,45,61,65,21,34,39,18,31,26,51,30,51,50,35,55,47,52,15,36,44,19,54,51,53,16,37,23
60,47,31,43,66,52,21,36,37,17,19,43,54,41,44,43,31,57,49,51,21,28,39,18,47,63,55,18,43,18
57,50,22,54,67,61,18,38,36,19,23,37,52,30,42,36,33,57,45,55,24,27,42,15,42,58,59,19,52,22
57,50,22,48,60,58,18,39,46,15,20,45,57,37,42,47,37,56,47,52,22,29,43,18,43,59,56,16,39,14
53,49,32,48,58,56,31,42,40,18,26,44,55,25,52,51,36,47,42,46,16,33,33,17,50,55,50,14,51,22
57,52,28,45,61,53,20,33,35,23,20,44,47,32,41,55,31,59,47,45,23,34,44,22,48,60,51,21,44,17
59,51,33,45,62,61,20,36,34,14,30,42,48,35,48,49,37,54,43,50,16,24,40,16,51,62,53,22,38,19
52,42,34,48,63,55,28,31,35,17,28,40,58,33,48,45,43,54,52,46,24,35,34,12,50,58,49,17,43,18
55,48,25,43,64,56,22,35,33,11,22,50,55,36,55,42,37,57,48,48,16,34,39,18,48,63,57,16,35,24
48,43,35,41,67,53,21,35,40,18,23,40,52,34,46,37,37,56,47,50,19,33,40,22,43,62,62,22,48,18
59,55,29,40,63,60,20,26,42,27,30,42,55,36,50,49,37,51,36,42,18,31,46,13,46,58,48,17,48,18
62,45,28,40,68,53,26,32,39,17,19,36,53,37,50,46,33,55,47,51,17,32,36,25,39,65,55,23,45,18
55,45,27,43,65,55,21,34,34,21,27,45,52,44,50,47,33,54,42,44,23,33,30,20,46,68,62,25,30,17
52,51,30,46,66,56,19,37,46,19,23,40,53,39,42,38,38,47,45,50,26,36,41,24,43,54,51,21,44,15
60,48,31,40,63,53,24,38,34,19,28,39,48,52,43,48,38,57,47,46,23,24,43,17,46,53,54,20,39,17
57,51,32,56,61,57,21,28,36,15,27,41,41,31,43,51,31,50,44,44,23,33,46,17,47,57,56,23,50,23
50,45,26,54,59,52,25,40,42,22,20,38,56,35,48,43,34,59,47,47,27,31,44,13,46,60,57,18,36,18
60,50,28,47,68,56,27,34,33,19,24,35,51,34,46,40,38,62,43,53,23,27,42,23,40,61,58,16,37,17
55,50,27,54,68,55,16,34,37,19,20,41,41,36,53,48,29,53,43,57,25,32,35,15,48,54,62,21,42,22
54,44,28,40,66,59,20,29,36,18,25,56,47,32,43,45,37,57,49,48,21,35,37,18,45,65,59,15,41,23
57,49,27,43,63,56,20,34,31,19,24,49,42,49,48,46,39,53,41,54,22,33,37,16,45,57,53,18,44,23
55,45,27,42,66,54,29,34,37,18,32,37,53,40,52,55,28,58,43,47,20,30,33,18,43,60,55,18,38,25
58,53,28,45,66,57,21,35,37,21,21,39,51,30,50,44,32,58,43,48,20,26,43,18,45,58,61,22,42,20
61,49,31,44,66,61,23,33,38,18,19,44,52,36,44,45,31,51,53,43,21,28,37,17,46,54,61,19,42,25
55,49,29,43,64,52,26,31,37,19,23,34,54,34,52,41,40,57,48,44,17,33,38,17,50,54,61,19,49,22
62,48,31,46,62,60,21,28,43,18,21,36,46,37,50,42,38,60,43,51,17,26,44,27,48,62,52,17,43,13
51,48,28,47,66,57,25,31,40,13,41,43,58,32,47,47,39,52,45,48,17,31,42,21,39,59,49,14,45,17
52,41,36,43,66,53,21,38,43,19,25,37,50,30,47,43,46,51,41,46,16,30,42,19,43,60,64,22,44,24
55,43,30,50,63,59,20,32,41,17,20,33,51,40,48,39,28,61,46,54,21,36,42,22,49,63,60,17,35,17
58,41,32,46,64,52,21,41,36,19,30,40,51,38,47,41,34,62,39,60,20,23,36,23,45,61,50,16,42,24
63,42,35,44,61,57,19,44,37,13,22,45,59,31,41,50,38,57,39,50,20,32,43,22,48,57,54,12,39,18
57,49,30,49,67,53,20,33,42,20,29,31,44,36,46,47,33,53,45,50,24,29,39,21,52,58,61,18,39,17
54,44,28,41,65,60,24,36,36,17,27,34,54,44,42,41,34,61,47,48,17,39,34,17,55,62,52,13,47,19
60,51,30,48,62,53,20,29,42,16,34,35,59,42,48,53,42,54,41,43,22,27,33,22,47,48,56,16,39,20
66,42,26,50,67,61,22,37,34,18,25,39,54,35,48,38,35,50,41,45,19,37,44,18,50,62,58,13,36,22
63,48,29,38,66,58,23,43,42,19,27,42,49,31,47,54,42,53,43,42,26,27,37,15,45,57,47,18,47,14
55,55,30,32,64,52,14,34,38,15,23,42,57,38,53,42,39,57,47,46,19,34,31,26,48,58,58,23,44,18
63,44,32,45,62,54,23,36,39,18,23,39,45,44,45,48,31,61,52,44,23,29,44,15,51,51,57,17,37,20
50,44,33,45,62,49,30,41,43,16,30,37,51,43,45,46,34,55,45,55,19,31,51,18,44,53,57,13,38,14
63,48,29,32,64,56,17,38,34,21,16,37,54,32,54,38,38,58,47,46,18,29,40,25,46,56,56,29,47,24
60,45,29,47,65,58,22,39,39,15,29,41,53,33,39,39,32,58,45,46,20,27,43,18,59,56,56,19,39,21
67,54,31,49,67,57,26,29,38,16,30,36,48,43,42,40,31,54,38,52,24,39,33,14,43,59,56,21,36,19
57,44,32,35,68,52,21,35,36,17,26,40,62,33,40,54,34,58,48,51,19,36,37,21,48,57,58,14,40,19
55,50,27,44,69,51,23,25,38,17,16,42,51,34,54,43,28,62,44,58,17,40,38,19,45,59,64,16,44,19
53,52,31,51,66,58,16,42,37,22,19,38,53,31,39,51,36,57,39,52,18,30,38,14,53,58,61,18,39,20
59,51,26,37,61,48,24,44,34,20,36,42,60,33,49,45,42,56,44,47,17,29,37,14,37,63,60,18,40,19
60,51,32,49,65,61,21,32,42,20,24,32,50,36,50,42,30,60,38,47,17,29,38,19,48,59,65,21,36,18
58,41,32,46,65,51,23,28,39,19,25,36,52,42,49,48,34,53,47,49,22,32,44,17,51,57,53,27,36,16
56,44,27,45,65,56,29,40,44,13,20,41,50,33,45,46,35,56,40,54,22,30,48,19,51,57,53,20,37,16
54,45,25,37,66,55,26,38,41,16,19,28,53,44,43,49,35,49,50,54,21,37,37,18,46,58,59,22,44,23
61,56,27,41,68,50,20,37,41,13,27,41,51,36,48,49,28,48,40,39,22,31,44,17,49,62,59,21,43,23
62,57,35,41,63,55,20,38,39,11,26,34,51,33,47,45,24,60,49,50,14,23,39,22,41,62,63,23,43,22
60,45,29,42,69,57,23,38,42,18,24,37,52,36,49,37,41,54,49,47,15,30,44,22,47,53,55,18,43,16
53,53,37,40,68,58,26,34,43,14,24,32,49,39,50,49,37,54,38,59,17,25,42,17,45,53,62,17,43,14
51,50,26,48,65,59,20,35,29,22,30,38,56,42,40,42,36,61,49,51,20,29,36,22,44,55,58,17,39,22
57,45,36,35,64,52,26,41,41,21,22,43,52,35,47,49,38,57,44,51,20,26,35,22,50,56,54,19,41,13
51,52,30,50,67,58,16,39,36,15,29,43,54,37,57,49,31,48,45,52,12,31,32,19,54,54,54,21,37,19
55,44,32,46,64,52,26,33,40,22,27,42,53,37,40,44,35,61,41,44,20,34,35,16,49,62,59,19,41,19
55,49,30,45,63,54,23,32,44,16,29,33,55,32,46,42,28,59,46,48,14,28,38,23,41,56,62,26,49,26
57,44,27,41,61,55,23,33,37,17,20,47,60,35,50,40,36,57,51,50,20,40,33,18,42,62,56,19,41,20
56,50,32,44,60,49,17,36,37,20,28,32,57,40,42,44,41,61,34,55,24,30,38,19,58,59,54,16,38,21
63,47,35,37,70,58,17,37,35,19,20,39,53,33,49,39,38,62,53,50,19,23,38,24,50,50,57,17,42,18
64,52,33,42,68,55,25,37,35,17,22,39,50,34,46,50,25,52,47,45,15,29,47,16,47,62,51,19,47,21
58,45,27,48,67,54,17,41,36,22,24,40,57,44,43,40,25,55,45,52,26,25,35,19,49,60,58,20,43,17
58,48,29,43,64,56,24,34,42,17,22,34,46,35,49,42,32,57,36,59,26,36,43,18,53,54,57,13,42,23
58,55,35,45,60,52,20,37,30,11,24,45,49,42,49,41,33,55,42,54,20,32,34,23,43,63,58,23,32,27
61,45,27,42,60,58,23,35,40,18,30,42,52,28,41,45,39,56,39,49,22,33,40,16,42,62,62,15,46,24
56,38,30,36,60,59,24,42,40,13,29,43,54,33,47,49,37,55,50,51,21,40,36,16,49,57,51,19,42,15
59,57,26,46,64,61,22,33,33,12,23,35,50,37,50,44,29,56,49,55,21,34,36,20,46,56,54,25,42,17
63,50,33,44,64,56,25,43,41,13,23,33,45,34,43,45,39,53,44,51,22,37,40,16,39,52,54,20,50,20
54,43,36,49,64,54,17,36,40,17,25,37,64,35,49,44,31,56,44,47,16,30,35,20,49,56,55,19,50,20
59,39,28,43,70,51,24,37,41,19,24,35,50,43,51,49,27,53,40,50,20,28,41,18,44,62,56,25,39,26
54,40,39,40,65,58,29,39,33,16,25,35,45,40,44,48,38,56,43,49,23,31,27,18,48,61,60,22,44,22
54,41,35,46,70,54,22,28,35,19,28,40,47,42,50,46,40,53,46,49,22,27,42,17,52,63,50,17,41,16
57,45,29,38,73,54,19,36,39,21,27,32,51,39,54,44,34,58,41,56,16,34,32,22,49,56,54,17,46,19
64,42,25,46,64,56,23,41,37,16,30,51,47,33,48,43,33,52,46,41,20,32,46,22,42,57,61,21,41,12
56,50,25,39,66,54,23,32,38,14,24,43,55,42,54,45,32,59,42,48,20,35,37,19,54,54,57,20,34,21
56,51,34,48,58,59,21,38,38,20,24,38,51,34,49,46,30,50,43,50,21,34,35,17,50,60,61,20,39,17
56,49,31,50,63,60,15,39,35,15,32,21,52,41,42,40,35,52,47,56,22,25,40,21,50,58,66,19,37,23
57,51,33,45,72,63,24,38,31,18,23,42,51,38,48,39,35,55,44,42,23,34,32,18,53,53,61,21,40,8
60,45,32,41,63,59,23,40,38,9,25,38,51,44,41,43,39,56,45,43,16,35,48,22,48,51,60,16,42,19
59,45,30,48,71,48,16,43,33,15,25,42,47,39,44,50,41,56,47,41,13,32,40,19,49,65,60,19,37,18
65,57,31,43,55,54,21,39,42,20,23,39,55,30,46,45,33,54,39,41,17,40,39,18,48,64,57,12,42,23
52,45,25,42,64,52,24,36,44,18,20,41,55,38,48,48,37,59,44,50,23,30,31,14,47,64,55,28,39,19
60,50,29,49,65,49,18,25,39,20,28,41,59,41,47,38,38,61,42,53,19,29,42,13,46,54,54,19,42,22
61,49,34,42,63,55,25,39,32,17,23,39,52,33,44,47,30,52,47,52,18,32,40,17,51,55,59,21,44,19
57,48,29,46,66,49,28,40,40,18,21,40,48,31,44,43,26,61,53,42,20,39,44,18,43,59,55,20,43,21
56,40,26,49,64,44,18,30,42,21,29,38,54,34,55,44,42,61,40,47,22,39,47,14,43,58,58,19,41,17
62,53,26,43,67,57,31,43,38,16,20,32,52,33,43,44,37,57,45,45,20,29,43,15,50,55,55,23,39,19
68,42,27,40,59,55,28,35,35,14,27,38,55,38,47,45,38,60,53,49,15,27,47,18,39,50,59,18,44,22
57,54,37,44,69,55,20,40,36,14,26,34,50,36,47,48,34,58,51,53,17,29,40,16,47,56,54,13,42,15
57,51,21,49,73,55,18,39,40,17,20,37,52,39,48,48,22,53,41,44,19,38,50,15,45,57,59,14,51,20
64,51,36,47,67,54,14,34,33,24,24,42,49,43,43,45,28,57,38,49,18,29,38,23,53,58,59,19,37,16
59,46,26,44,66,67,19,36,39,22,24,35,52,35,48,36,34,53,50,46,24,32,39,16,52,60,59,16,39,18
64,40,32,46,69,59,23,30,34,17,22,32,50,32,43,45,39,64,45,43,24,39,37,17,50,60,63,19,39,15
63,49,34,39,68,59,20,35,32,12,29,35,55,35,52,50,34,55,57,46,21,27,32,14,50,61,49,22,40,17
60,49,32,45,59,54,12,29,39,12,30,35,50,30,42,51,35,62,48,47,17,30,41,22,51,57,57,27,40,29
61,43,27,44,68,57,20,37,37,15,27,41,56,44,48,44,41,63,43,52,17,26,42,24,43,56,50,13,39,14
59,45,20,54,68,53,24,40,37,16,27,38,49,35,53,48,37,55,48,44,19,31,37,15,47,51,63,18,44,17
61,52,29,42,68,55,19,36,43,18,23,41,56,36,50,42,32,53,42,59,18,30,37,15,46,61,53,17,34,24
62,50,27,42,66,60,19,34,38,18,24,37,58,31,45,38,32,56,44,51,22,25,38,22,44,57,61,24,46,21
60,50,21,45,53,55,16,47,42,22,26,41,47,38,48,51,40,58,37,54,18,27,29,19,48,61,58,17,46,18
55,48,33,47,63,53,22,32,39,18,27,36,64,28,53,48,34,58,48,47,20,37,35,17,48,57,57,15,38,15
57,48,27,48,69,57,19,32,30,20,28,35,53,40,44,49,29,61,41,54,17,38,39,19,45,60,56,21,39,17
52,41,27,43,70,50,22,28,41,19,29,44,58,33,49,50,37,56,43,48,24,28,31,22,49,58,57,17,44,22
57,47,30,42,64,59,25,40,36,20,27,46,54,35,53,44,38,54,42,49,18,27,36,22,44,59,54,13,43,14
67,40,29,46,60,59,30,38,31,18,28,40,54,38,45,50,28,59,44,49,21,31,36,19,40,64,60,19,31,18
59,38,36,44,61,51,28,35,39,17,28,38,53,33,52,42,37,62,41,54,15,31,42,17,46,57,62,20,38,16
58,53,27,43,66,55,20,35,49,16,28,41,54,38,56,44,31,49,44,48,18,27,35,19,50,53,54,14,49,18
61,34,32,44,64,61,26,33,44,17,22,44,52,35,48,45,39,59,46,51,14,28,44,22,36,53,60,16,45,17
54,47,25,47,62,58,20,46,41,22,24,36,47,28,51,42,40,54,42,49,20,35,39,22,52,62,59,13,38,17
62,48,26,44,65,51,19,32,38,18,25,39,52,42,50,50,37,55,39,47,16,32,40,23,58,56,55,18,38,17
53,40,33,38,67,48,12,32,50,21,29,44,51,36,40,47,37,60,48,46,29,37,33,26,40,52,55,18,45,25
62,46,33,41,66,54,18,41,38,15,21,44,53,44,41,45,37,48,46,48,26,30,36,16,41,59,60,16,43,24
61,44,29,48,67,54,20,38,38,17,19,41,57,32,38,39,34,54,45,50,20,30,49,21,49,57,57,24,39,21
58,53,27,37,67,52,25,40,43,24,24,35,52,37,47,48,31,58,40,49,20,30,37,10,51,58,60,19,44,16
66,47,27,48,66,56,20,36,31,19,21,37,47,36,51,45,37,60,44,54,21,33,32,11,41,57,59,24,45,21
57,44,34,37,72,62,26,36,37,15,29,37,57,38,51,45,29,51,38,49,22,26,41,19,51,56,58,17,40,18
60,46,32,45,66,51,20,44,32,18,23,35,48,24,52,49,38,56,41,49,23,34,43,19,43,61,49,17,54,20
59,45,28,42,66,57,21,35,34,17,24,36,58,39,39,43,24,56,44,53,20,38,51,18,44,61,53,22,47,18
49,55,24,50,65,56,26,43,34,18,36,34,54,41,45,46,32,56,44,51,24,33,29,14,48,53,55,20,42,15
56,45,25,40,64,56,20,34,43,24,27,39,48,40,44,55,33,52,45,50,19,33,32,23,52,57,56,24,33,23
64,45,26,45,58,53,19,44,34,17,31,34,57,37,52,44,38,49,42,51,21,29,36,11,47,68,57,23,40,20
61,50,29,48,69,53,25,28,42,18,25,37,50,35,48,42,33,64,40,48,17,32,35,20,50,58,59,13,40,23
57,47,33,46,61,57,19,40,39,14,26,48,57,36,41,37,38,65,49,45,18,28,38,18,50,63,50,18,36,18
62,45,30,49,68,52,22,34,35,21,27,43,55,33,38,39,34,56,47,42,20,33,38,16,52,58,58,26,41,18
56,54,23,38,64,55,20,39,35,13,25,50,49,32,49,47,30,54,48,52,20,38,40,17,49,59,58,23,36,19
59,45,31,41,69,62,21,36,38,22,22,37,57,31,49,49,32,53,43,53,20,31,40,22,42,57,54,16,43,17
63,47,30,54,60,58,29,32,45,16,20,38,55,39,49,50,35,52,42,48,17,33,38,17,42,57,56,16,35,19
55,43,27,52,62,53,24,36,41,17,24,39,54,34,51,40,41,61,48,51,19,31,41,13,45,57,58,21,35,19
53,47,36,37,60,58,19,38,40,24,27,44,46,36,50,43,36,60,39,43,25,36,40,18,44,59,52,16,45,21
62,45,29,49,63,57,20,40,41,16,22,31,54,37,47,48,28,62,43,43,16,27,38,23,45,63,55,16,49,23
62,53,29,39,60,48,23,42,45,12,23,32,46,45,38,51,42,54,39,42,20,35,41,17,48,55,59,21,49,22
53,55,29,39,62,62,19,28,35,19,26,40,52,32,63,50,38,53,44,50,17,36,29,23,47,57,61,12,41,20
55,41,26,50,67,53,21,33,39,21,17,38,55,33,42,47,44,53,52,58,21,32,40,20,54,61,51,19,33,16
56,54,28,46,69,52,31,32,37,15,19,41,47,48,57,41,32,56,44,43,13,33,39,17,44,59,60,22,39,18
52,43,34,44,67,51,21,37,40,11,20,38,56,40,51,42,32,44,44,52,18,31,50,21,51,59,56,18,45,24
55,49,36,43,63,45,28,37,38,20,24,40,47,42,47,43,32,56,45,48,22,31,32,19,45,57,62,21,41,24
57,46,21,46,64,59,27,39,39,16,32,37,58,33,50,39,34,47,47,52,23,29,37,17,46,62,58,15,46,16
62,56,31,53,69,48,21,38,35,21,22,33,52,36,49,38,35,53,45,45,24,31,35,14,49,58,61,22,42,14
62,46,30,44,64,49,15,37,44,20,24,37,45,33,56,51,42,61,34,49,20,25,33,21,47,63,56,20,42,22
53,44,26,35,66,53,25,41,40,19,21,44,49,34,47,44,34,60,50,48,22,42,40,22,44,54,63,18,34,20
59,45,31,47,71,47,24,34,41,16,22,37,56,37,53,49,39,55,36,43,28,31,34,22,38,62,59,18,41,17
56,54,32,45,69,54,20,38,33,20,26,36,48,40,51,40,39,53,47,49,20,33,35,17,48,56,59,14,42,18
53,50,42,43,66,56,26,33,43,21,22,43,50,43,42,42,28,59,47,50,12,32,40,17,38,54,56,18,40,26
50,44,25,50,69,56,20,40,31,19,24,38,47,36,49,49,34,58,44,47,14,29,41,17,47,62,60,21,46,25
62,42,35,42,65,56,26,40,39,15,24,43,54,46,43,44,29,49,37,46,18,32,41,18,48,53,57,25,44,19
56,46,29,49,70,54,17,38,40,23,23,32,49,33,53,54,31,56,49,42,15,27,38,19,48,63,53,21,46,18
54,47,35,37,69,50,23,32,44,10,19,35,48,34,54,45,40,58,50,53,20,40,44,20,51,49,52,20,45,14
58,48,32,45,63,52,21,26,41,20,21,39,58,34,43,46,30,59,50,53,19,32,36,17,43,67,56,15,46,22
59,53,33,37,71,52,23,32,32,13,27,43,50,31,48,51,36,55,35,49,22,35,43,24,47,59,54,21,40,17
57,47,31,46,59,56,31,31,40,21,21,39,53,38,50,44,38,58,43,45,27,36,34,17,47,53,59,15,37,19
57,44,22,46,71,63,20,36,42,19,27,37,55,34,49,51,25,55,52,43,20,27,37,18,51,59,58,17,35,22
62,48,21,41,67,57,28,37,39,22,21,33,58,36,38,39,33,56,44,44,13,36,41,22,47,65,56,24,41,23
56,43,35,44,64,58,27,38,47,11,28,49,59,34,41,45,32,59,43,38,16,27,35,12,43,64,63,17,38,26
55,47,29,37,68,56,20,35,36,17,29,37,47,40,45,42,34,50,51,49,25,34,45,23,43,62,55,21,46,14
54,52,38,50,66,53,20,34,39,19,25,26,52,31,50,44,34,60,41,48,21,26,38,22,46,56,60,20,49,18
68,50,28,40,61,57,20,29,42,15,33,40,49,36,51,43,40,60,52,45,19,27,39,17,46,53,55,20,40,17
66,54,31,41,67,55,13,39,37,19,23,43,45,36,43,45,40,57,49,51,23,23,42,20,39,59,57,19,32,24
57,49,27,45,70,57,25,39,43,16,21,37,51,44,46,45,36,56,40,46,18,30,40,14,50,62,52,17,42,17
57,51,32,43,63,60,18,33,37,14,22,41,54,40,41,41,38,53,51,46,18,29,45,18,42,55,53,27,45,25
55,50,23,46,63,56,22,36,37,15,28,38,53,39,45,45,35,60,50,47,21,28,35,21,44,62,60,20,38,20
62,48,36,49,66,56,26,42,34,18,18,42,58,37,38,38,29,67,44,44,18,36,36,13,43,59,56,20,44,15
55,60,29,49,63,55,23,34,31,17,29,44,50,36,48,47,40,61,44,48,22,30,36,16,43,57,48,17,38,22
55,51,30,47,61,58,23,35,49,19,21,33,56,38,40,49,28,55,49,46,18,36,40,16,51,54,55,21,40,18
64,49,28,48,64,49,22,35,41,16,24,44,54,31,44,40,39,54,50,49,20,26,42,13,47,55,53,27,45,19
57,44,27,44,69,55,19,43,35,20,22,40,50,40,54,50,33,54,46,48,19,32,41,21,43,54,47,22,51,12
59,38,30,45,62,60,26,37,41,14,20,46,49,35,40,49,27,54,49,48,18,37,37,19,55,55,64,19,48,11
57,43,21,52,68,59,22,35,36,18,23,40,62,31,49,43,36,52,42,60,20,29,38,16,50,52,54,23,44,17
60,51,26,45,57,55,29,36,45,19,25,46,56,37,46,48,31,58,39,51,16,30,35,21,50,50,52,22,40,16
51,51,37,39,68,61,17,36,42,25,20,46,54,46,43,42,28,52,47,49,17,27,37,16,50,58,61,17,39,16
58,46,29,43,65,58,24,33,41,17,24,37,50,35,48,44,37,58,45,47,21,31,35,18,48,65,60,19,40,16
62,50,23,38,65,52,26,41,41,21,20,43,50,41,49,47,44,53,46,48,19,31,38,27,36,54,57,21,33,16
60,44,28,51,66,56,23,31,42,12,24,42,55,32,46,48,39,49,45,54,24,29,36,19,42,59,66,16,38,16
51,49,21,51,61,62,27,35,38,15,29,34,54,31,51,39,33,54,54,45,23,32,37,19,45,63,57,19,42,21
62,45,34,52,64,61,23,31,37,10,26,35,58,33,50,47,31,56,45,48,18,33,38,15,49,57,62,13,43,16
56,49,37,49,63,56,18,39,31,17,15,33,51,42,47,43,36,61,53,48,20,27,42,20,45,53,54,23,46,18
62,45,38,42,68,62,22,37,35,16,25,40,56,33,44,48,33,56,55,42,13,29,36,19,48,60,57,18,33,20
64,43,24,45,63,55,28,37,37,10,27,38,48,38,49,43,37,59,49,44,21,27,38,20,45,57,58,25,38,25
59,47,30,40,70,56,18,35,41,23,17,37,54,35,47,50,31,61,42,43,22,32,42,18,46,57,62,20,43,14
57,45,27,46,61,54,15,36,39,18,28,38,47,35,43,52,27,53,49,56,22,39,41,20,44,56,56,25,42,21
61,45,30,52,62,61,16,45,44,11,22,33,52,38,40,41,31,63,40,49,16,38,32,20,46,51,55,28,54,16
60,42,25,56,69,55,20,37,34,21,23,37,46,28,45,35,39,61,48,48,21,32,44,19,45,56,59,23,43,21
58,49,30,42,54,60,20,44,39,18,26,39,48,35,56,48,30,56,51,49,21,30,41,16,46,54,60,13,39,20
64,51,26,49,64,51,20,33,36,23,24,42,50,36,45,43,29,56,45,50,22,32,39,25,48,62,57,17,37,16
55,44,42,48,58,64,22,35,43,16,31,40,43,38,50,36,32,56,48,47,19,27,38,18,37,55,59,19,48,24
53,48,38,48,64,57,23,33,31,17,21,30,50,37,54,54,33,53,47,49,19,31,42,22,51,56,59,17,36,19
63,51,25,42,68,48,28,42,35,18,24,34,53,38,45,47,37,55,48,40,17,25,35,21,47,55,56,17,55,23
55,55,33,43,65,55,21,30,47,16,22,39,57,39,46,40,38,55,46,47,25,24,33,21,54,55,55,25,38,13
54,43,39,37,62,54,31,42,34,17,23,36,50,36,57,54,32,54,42,45,23,28,44,21,43,57,58,20,36,20
57,51,26,38,66,57,19,41,38,16,23,41,48,40,57,49,37,54,43,51,18,29,41,17,56,55,58,15,35,16
62,48,28,47,62,56,26,31,37,22,27,42,58,31,53,42,30,53,50,51,18,29,23,16,48,62,61,18,40,21
55,53,33,39,66,60,22,37,37,17,24,48,44,35,48,38,31,66,38,53,15,34,42,15,33,54,56,28,40,31
55,43,27,43,64,55,20,37,46,26,25,37,55,35,50,45,39,55,44,55,23,32,44,16,45,56,52,16,34,18
66,46,28,45,59,49,19,31,38,18,18,50,53,43,45,42,32,57,47,46,20,37,38,16,52,58,58,22,41,18
60,53,25,39,67,58,23,43,37,22,22,44,45,35,45,40,41,61,44,52,19,32,29,18,36,61,59,21,40,21
56,45,33,39,62,56,23,40,44,18,30,42,46,30,57,41,43,51,42,51,17,27,37,22,45,54,54,23,42,22
55,48,22,50,70,54,27,32,33,17,28,39,51,30,45,48,36,61,45,48,19,36,42,13,47,62,54,18,38,24
57,50,25,48,64,55,26,39,47,20,27,40,45,37,43,40,39,52,43,50,23,33,35,17,52,51,61,18,36,19
60,50,29,46,68,57,22,41,44,14,18,42,48,32,50,43,38,51,44,53,21,34,35,19,51,54,58,14,39,17
54,47,24,47,70,51,21,46,39,16,33,44,56,45,46,46,32,57,47,41,20,30,32,14,39,58,58,15,45,19
57,43,28,50,68,56,18,30,40,15,25,38,55,32,50,44,30,59,52,45,19,28,41,22,51,60,59,16,41,20
61,40,35,46,62,53,19,34,43,14,26,37,47,38,37,51,36,55,48,45,19,38,45,16,41,54,61,24,44,23
57,54,27,45,63,58,22,34,43,13,18,43,53,29,44,40,39,61,45,47,21,31,41,21,41,54,56,21,46,25
55,43,30,45,73,51,19,37,33,20,25,39,51,34,48,46,39,57,48,45,23,28,40,14,45,62,58,19,40,25
67,46,31,38,65,57,17,37,36,18,28,40,50,32,47,43,30,56,52,49,15,35,38,24,46,61,48,20,43,23
59,54,37,45,64,53,25,36,38,16,26,39,47,34,38,45,32,60,44,47,22,34,39,19,43,60,52,22,46,16
60,42,25,43,64,54,31,40,39,16,20,35,53,40,44,50,36,57,38,49,25,33,41,19,48,52,60,21,37,20
62,58,21,51,61,53,22,41,35,17,31,35,47,35,48,46,31,57,47,51,14,36,44,13,43,55,55,16,45,22
66,51,29,43,62,54,21,40,32,15,22,32,61,40,52,43,32,59,44,52,20,30,38,18,48,57,53,26,38,14
55,45,32,43,68,59,22,36,40,20,25,38,52,40,47,50,35,60,44,50,18,23,44,17,50,60,53,13,35,18
63,45,32,46,63,52,16,38,43,20,19,40,51,32,45,47,34,59,44,46,20,30,35,21,51,56,60,19,42,23
61,54,29,52,67,53,31,35,39,15,24,33,53,35,50,39,35,57,35,61,17,33,33,23,47,53,55,18,33,22
52,49,30,52,63,50,20,33,43,14,26,40,45,33,49,49,33,60,42,50,17,29,36,21,50,62,57,25,46,16
60,50,23,49,67,56,21,42,34,18,29,35,44,41,48,45,25,61,35,50,19,27,31,17,50,66,59,16,50,24
59,48,36,53,66,50,14,41,38,17,26,43,44,33,39,45,31,51,51,51,23,20,46,22,52,50,54,24,43,22
57,44,30,46,72,55,18,34,44,13,20,39,51,31,48,46,37,51,47,55,25,37,37,18,40,57,58,23,42,17
60,46,32,52,59,60,19,37,42,17,27,40,53,38,41,49,34,57,43,50,17,32,42,20,45,54,54,16,40,16
60,46,28,42,66,61,27,34,39,17,31,31,57,33,59,50,26,52,44,43,17,26,41,16,42,60,56,24,42,22
59,45,23,41,70,59,19,46,43,15,22,40,47,36,50,43,32,58,46,44,20,33,46,16,45,58,54,17,42,23
60,44,35,44,61,53,26,31,42,11,25,35,58,31,49,46,39,59,40,49,20,37,39,21,43,56,54,26,42,16
64,48,33,39,65,51,19,34,38,15,23,32,56,40,52,41,31,53,49,51,17,31,45,20,50,59,57,9,46,24
58,47,27,38,68,53,23,36,38,18,31,39,51,37,48,41,41,51,55,44,21,32,41,21,39,60,57,20,44,13
58,37,33,48,70,56,15,32,45,25,32,35,46,38,47,53,35,60,39,50,15,24,48,14,37,58,62,15,40,25
59,48,27,48,64,56,28,43,37,14,20,37,49,36,50,45,33,57,45,41,19,31,42,16,49,65,59,24,33,17
57,45,36,38,66,52,22,35,46,13,26,41,63,33,47,50,36,59,39,51,21,30,46,19,43,60,53,14,37,14
55,50,28,47,66,52,25,29,41,16,28,42,54,37,51,40,37,49,47,54,17,31,40,17,50,54,60,20,35,20
54,48,30,44,65,59,23,36,32,23,29,40,43,42,48,38,33,54,43,48,14,37,36,21,45,59,58,21,42,27
60,48,31,50,66,56,20,39,37,20,24,37,57,40,49,46,31,59,52,49,24,30,34,16,52,46,48,18,36,17
60,41,28,39,65,66,24,37,41,16,19,41,50,43,50,40,36,57,43,49,21,36,30,21,49,61,58,15,36,20
54,48,22,58,60,65,26,41,37,13,24,35,56,28,35,44,38,63,42,52,19,28,40,15,50,58,62,22,33,24
58,47,28,38,68,49,22,41,47,20,24,36,49,32,45,46,38,63,35,50,19,32,39,21,48,56,61,16,45,19
55,43,29,45,60,65,23,44,38,16,19,44,55,35,42,48,40,54,47,48,13,28,45,18,42,56,59,23,41,17
57,43,23,37,67,56,20,30,41,23,25,38,50,38,45,47,34,60,45,49,16,38,40,20,48,50,62,20,44,26
62,43,34,42,68,57,20,33,41,20,22,41,46,42,46,47,38,56,47,44,21,32,39,20,44,55,56,15,43,18
62,35,28,42,60,64,18,36,46,15,26,38,54,36,47,44,37,57,47,45,19,34,43,17,44,59,54,20,44,21
52,54,38,42,67,53,29,36,37,22,22,39,56,37,43,53,37,53,41,40,19,29,37,16,46,54,60,17,48,15
55,49,29,46,72,50,24,33,39,17,27,47,50,39,41,50,43,57,35,38,24,30,37,21,51,56,53,20,43,16
58,46,24,52,67,56,25,43,26,19,28,31,48,47,44,36,39,50,41,39,22,33,43,15,42,66,57,21,53,21
55,43,31,47,68,52,25,39,37,15,27,39,48,32,44,45,38,56,47,46,18,28,43,19,48,59,61,17,45,20
63,47,22,44,70,54,21,39,42,24,26,35,48,38,52,42,36,52,45,55,19,24,38,13,53,55,61,18,36,20
49,42,37,40,66,55,27,29,37,20,25,41,60,40,54,45,37,54,38,45,14,34,37,15,53,57,57,21,40,23
59,42,29,48,69,54,14,37,31,16,32,29,54,40,54,49,35,55,49,53,17,30,36,19,43,51,59,14,48,26
61,48,30,46,65,55,22,35,41,15,24,38,49,40,52,54,35,54,45,48,24,29,38,17,44,58,57,18,34,16
56,54,24,52,65,51,17,37,34,11,25,39,52,38,43,44,45,54,46,42,21,25,45,20,58,58,53,20,44,19
52,49,26,43,65,53,23,40,42,19,23,42,48,34,50,41,39,54,45,43,17,35,42,28,51,59,53,22,34,20
58,43,28,48,65,53,17,40,36,14,26,42,57,38,51,44,39,65,40,41,27,27,31,18,44,60,52,19,47,22
58,49,36,44,61,52,27,34,35,20,28,38,54,36,47,39,35,61,50,52,13,33,38,16,53,55,53,19,41,15
56,56,35,43,73,50,26,26,43,18,24,40,57,45,41,38,34,59,44,48,16,25,37,17,53,61,52,17,43,15
55,41,26,46,63,59,22,36,46,15,16,41,50,35,50,47,36,60,46,49,20,24,40,17,52,60,57,15,43,25
57,46,27,44,69,61,24,37,27,17,19,32,54,40,55,44,35,53,51,49,17,29,40,23,51,59,64,17,36,15
59,51,27,44,67,54,23,37,35,19,27,40,52,37,47,41,29,46,47,48,25,28,46,14,51,61,56,21,41,19
64,51,27,48,62,53,25,37,35,16,18,33,49,34,43,46,34,62,38,50,21,34,39,19,50,64,51,27,44,18
57,43,35,47,66,54,18,36,42,16,30,39,45,39,54,41,35,58,35,46,23,31,39,15,46,61,60,20,46,15
56,47,29,41,65,55,19,38,43,17,17,45,49,35,46,44,38,60,35,47,18,26,42,20,54,64,58,23,46,15
57,49,30,49,62,50,24,34,38,18,19,33,55,37,52,38,33,58,50,55,21,25,42,19,43,52,59,22,48,20
50,45,25,46,60,54,31,34,38,20,26,48,50,38,47,39,41,58,51,48,19,31,30,18,51,58,53,19,40,24
61,50,23,40,66,58,26,41,37,16,23,41,51,26,50,47,36,50,49,48,19,32,40,17,40,61,58,23,43,20
60,53,22,43,67,58,20,32,47,18,24,36,51,32,43,40,35,55,42,46,23,39,34,20,44,63,59,25,40,21
58,52,25,45,64,60,23,44,37,17,23,33,52,38,51,49,37,54,44,51,18,25,38,21,46,54,58,18,38,19
57,42,36,39,68,64,21,39,35,23,22,43,54,36,47,37,33,58,46,46,19,31,34,19,42,58,59,22,40,22
52,49,30,48,61,61,23,32,38,11,24,36,48,29,43,46,29,53,52,44,23,34,45,20,57,55,62,19,45,23
54,49,27,50,65,60,17,37,43,20,23,45,46,35,54,45,32,53,47,48,18,34,28,17,59,57,58,18,38,15
48,48,29,50,67,55,19,37,40,14,18,43,66,38,40,46,43,63,40,51,21,37,44,13,43,58,49,15,35,22
62,49,26,45,57,52,24,29,42,19,18,40,60,33,52,45,36,62,44,47,19,31,41,20,51,55,49,22,46,16
54,48,27,42,70,51,21,38,38,10,18,46,55,43,50,47,39,56,44,48,21,21,40,19,45,57,56,19,48,21
63,45,31,46,64,60,22,29,39,17,30,40,53,44,43,36,35,54,46,45,20,33,37,20,48,61,51,19,38,23
51,52,29,42,66,55,22,41,41,17,23,40,55,35,47,47,33,51,43,46,25,26,33,25,48,58,57,17,42,25
60,45,36,48,63,55,21,35,42,18,31,39,53,32,43,37,38,54,48,45,19,37,37,20,45,58,53,20,41,19
59,49,30,50,67,49,22,47,39,16,22,34,52,36,52,40,33,50,45,52,19,26,44,16,50,54,55,20,43,21
55,43,32,40,64,59,27,38,32,15,30,40,45,32,51,47,40,53,44,47,26,37,36,22,41,65,51,20,46,14
53,52,35,45,69,59,25,40,33,22,19,42,48,39,40,51,38,60,45,41,21,32,38,14,49,57,47,16,42,20
57,48,22,43,61,60,27,39,51,17,22,43,57,40,42,41,39,54,46,48,19,31,42,21,44,56,52,15,37,18
62,41,25,38,63,56,19,33,42,16,28,38,56,32,49,38,41,65,39,52,24,31,40,21,46,66,50,19,38,24
51,47,35,44,60,56,19,33,42,14,14,42,55,47,49,53,37,55,48,46,21,29,38,20,45,54,59,22,38,19
62,48,23,44,62,55,23,31,46,18,25,35,58,35,50,47,37,57,38,49,19,33,46,17,44,53,64,24,32,17
64,50,28,37,68,50,25,33,41,19,27,48,51,38,43,36,39,50,48,52,23,24,35,22,39,54,61,21,44,22
57,51,35,46,66,58,18,37,39,16,23,33,54,36,42,37,22,54,53,55,25,35,36,17,46,62,56,16,46,21
66,56,25,55,61,57,22,43,29,21,24,42,50,27,49,49,28,61,47,41,16,25,41,19,42,58,55,17,43,23
63,49,32,41,67,55,23,36,40,14,29,38,58,31,46,51,34,57,41,43,21,35,44,20,46,56,53,17,40,12
59,51,33,33,66,53,21,36,41,14,28,39,48,32,50,50,38,53,47,41,14,33,33,27,45,62,56,17,49,23
59,47,20,41,66,60,16,38,42,20,24,42,48,39,40,42,37,57,46,58,21,34,38,17,48,54,54,20,43,21
56,47,25,44,66,58,24,38,41,18,23,32,58,37,49,49,31,53,38,45,20,28,43,23,47,65,53,18,39,24
56,45,28,47,69,49,24,40,37,18,24,39,57,39,49,40,34,56,53,48,17,29,42,19,41,57,64,23,36,12
62,46,38,47,64,57,19,38,35,9,28,37,56,28,39,48,44,56,45,48,17,28,36,21,53,60,59,15,40,19
62,39,36,41,63,58,26,38,48,16,24,35,43,33,50,44,39,52,40,57,20,29,31,20,45,62,60,17,46,18
62,42,28,42,63,62,27,37,41,18,28,36,57,36,47,38,30,53,46,41,21,34,46,20,46,52,53,17,47,22
54,45,31,42,61,58,27,34,41,20,21,37,50,38,53,44,34,58,38,52,21,31,43,23,49,56,47,14,52,18
64,46,37,45,69,59,20,32,40,16,20,37,58,40,40,39,30,58,40,47,18,32,44,21,45,54,58,15,42,26
60,40,32,44,61,55,26,37,35,18,24,50,53,35,53,42,29,62,45,52,18,27,40,13,53,56,55,24,33,20
60,52,26,40,63,55,24,40,35,14,27,40,58,35,54,38,34,52,39,48,24,36,34,15,50,58,60,20,45,16
58,48,23,48,70,60,24,37,42,18,21,40,53,39,48,33,43,60,39,52,12,28,34,19,48,55,60,19,39,22
61,54,25,46,64,57,18,37,34,24,26,34,48,35,48,48,33,56,50,49,26,29,39,19,38,60,53,20,40,21
54,40,32,41,56,53,27,36,44,18,21,39,59,39,45,55,36,58,44,43,22,29,32,19,42,68,53,22,45,20
49,53,31,40,62,54,19,39,27,20,28,42,49,42,52,42,35,57,42,52,24,31,42,19,47,59,54,18,47,16
59,47,31,43,64,56,20,36,36,17,26,38,54,34,52,43,25,56,51,48,14,37,40,17,43,55,63,24,41,22
57,42,28,43,64,63,29,47,38,18,24,40,54,35,45,46,30,45,41,47,21,33,41,17,56,56,54,21,37,20
60,49,29,43,69,56,24,37,39,14,26,44,54,38,51,39,32,55,38,43,18,26,40,22,48,56,60,22,43,17
53,46,33,39,67,53,20,32,34,18,20,42,52,38,45,46,38,66,44,43,23,35,37,24,41,56,61,24,38,24
58,47,25,40,65,57,24,33,34,19,27,34,46,40,51,46,27,54,47,49,26,36,44,24,44,56,58,17,40,24
51,49,37,35,64,58,24,39,38,14,31,43,54,31,45,49,31,57,50,52,24,35,33,15,44,64,57,14,37,17
61,48,26,42,66,50,15,33,41,20,24,45,55,30,43,42,36,57,48,44,21,33,36,19,49,63,62,21,45,17
64,43,24,41,67,61,22,36,29,24,26,37,52,37,41,43,31,52,48,53,21,37,38,18,52,63,57,16,40,19
62,43,30,47,62,55,19,32,41,17,23,45,50,37,53,49,33,56,48,47,26,30,35,21,38,60,57,24,41,11
54,46,35,36,68,49,20,37,36,18,23,33,59,38,49,46,43,56,48,48,13,30,45,20,51,57,55,23,41,15
59,53,32,41,69,55,24,37,30,21,24,42,58,33,50,44,39,51,44,52,14,24,41,27,47,52,54,12,44,19
68,40,23,41,68,60,24,36,41,19,25,33,49,43,43,49,38,57,41,48,18,28,34,23,51,55,59,22,39,17
52,47,27,38,71,51,21,38,38,18,22,33,58,41,48,48,31,52,41,46,23,32,47,22,45,63,57,20,40,22
60,54,33,45,66,56,24,30,39,12,22,36,62,37,56,42,35,59,40,46,17,30,39,14,49,59,60,17,40,13
54,52,33,44,64,60,16,36,47,16,23,42,49,26,51,56,35,57,44,40,19,23,50,14,47,64,56,22,33,19
58,40,29,34,67,54,18,39,33,19,30,38,56,41,47,49,41,56,51,49,18,28,33,21,42,63,57,16,47,18
57,48,32,40,67,44,20,43,36,21,33,34,57,45,42,45,37,62,35,40,21,37,46,20,42,59,57,16,40,16
59,47,26,43,65,50,24,35,33,18,28,34,45,39,53,46,39,58,48,43,18,29,41,21,47,60,48,21,50,24
62,44,26,46,67,59,30,34,33,19,26,40,56,26,49,48,32,51,40,45,23,28,40,22,45,60,54,20,45,22
58,44,21,46,69,52,22,32,43,14,29,40,48,29,44,46,35,55,50,50,20,30,46,22,47,54,60,20,41,25
71,43,29,44,65,57,17,26,38,12,23,48,40,39,48,51,36,57,36,46,27,33,37,18,49,59,59,22,42,20
66,51,33,47,52,56,17,35,37,22,17,45,51,41,51,44,43,45,49,45,14,29,41,18,47,53,63,16,43,21
60,52,28,40,69,52,21,33,35,13,22,41,56,33,51,44,35,58,45,55,23,25,46,17,38,59,55,22,46,18
52,53,22,49,64,59,18,37,43,17,25,44,61,35,41,44,42,59,43,52,23,28,38,20,44,53,57,19,34,16
60,49,26,39,68,60,23,37,37,13,29,37,40,42,45,54,43,56,47,53,22,26,36,17,51,49,57,24,29,23
56,44,29,44,67,49,15,37,42,13,26,40,58,42,51,46,32,49,52,50,24,34,40,21,49,53,50,14,42,23
64,45,27,51,64,63,24,39,38,19,25,42,53,32,42,46,27,60,41,46,22,36,39,16,40,57,54,21,42,17
62,42,33,41,65,56,25,36,45,12,26,47,54,32,43,43,34,52,40,49,21,30,41,24,49,56,54,20,40,20
58,45,27,39,65,57,20,38,40,14,24,40,55,32,41,55,37,52,50,50,17,36,37,16,47,62,56,17,46,19
59,43,36,45,66,55,17,41,28,18,23,35,50,33,48,44,35,50,46,46,23,34,41,27,54,55,58,20,42,20
54,44,33,42,65,56,16,39,39,14,23,38,58,34,53,45,29,54,46,52,19,30,43,23,46,59,57,17,45,19
60,49,28,46,66,55,26,35,38,17,22,31,50,37,47,39,38,54,42,42,27,25,41,19,57,66,57,18,42,18
66,45,36,48,60,54,21,39,35,22,23,42,56,31,46,44,32,56,44,41,18,26,42,19,48,61,59,14,40,24
51,48,37,42,61,59,18,34,32,19,23,44,47,31,55,47,40,57,45,34,16,34,43,9,49,66,53,26,51,21
60,57,25,48,64,55,20,34,49,20,24,32,56,34,52,38,30,55,37,43,21,35,40,15,49,60,54,22,41,22
56,46,42,38,72,54,21,37,38,19,28,42,50,31,44,43,31,56,44,46,18,35,37,12,47,62,59,20,48,16
52,50,32,43,64,52,16,38,40,21,20,39,63,28,49,50,34,51,39,53,24,35,48,15,39,60,55,27,31,24
57,54,32,45,63,60,19,38,45,16,22,42,50,33,46,48,34,62,37,40,14,40,36,14,49,63,53,15,44,21
54,45,28,48,70,63,20,43,35,16,21,39,54,35,47,48,30,59,47,44,16,31,40,20,45,54,56,21,38,25
61,42,31,45,67,56,20,32,36,8,30,42,54,38,49,42,35,56,43,50,17,28,34,24,54,52,53,26,42,25
56,46,29,57,63,55,21,36,37,13,26,40,55,38,47,40,33,58,37,49,18,26,39,20,51,59,56,20,46,21
59,47,33,40,70,53,18,43,33,13,22,42,51,36,52,45,34,54,46,45,24,33,42,12,49,57,51,19,45,24
64,51,32,40,67,63,18,34,39,18,21,43,51,36,43,46,37,53,46,45,15,35,34,21,43,64,57,21,35,20
60,48,34,30,62,47,29,33,40,21,24,44,52,35,51,40,38,55,50,48,19,31,45,17,42,60,56,17,42,22
61,45,30,43,68,61,25,35,39,14,27,37,58,38,44,50,41,59,41,44,20,24,43,21,39,55,54,18,36,22
52,51,29,43,67,52,19,33,38,18,24,38,55,31,42,41,33,56,50,56,18,34,32,21,48,54,62,23,49,23
60,41,29,42,62,59,28,37,40,16,28,42,45,32,42,44,41,51,47,52,23,36,43,19,39,54,62,19,36,23
55,47,27,43,65,60,22,35,39,14,19,42,56,38,49,45,33,55,48,50,23,37,40,24,47,56,50,19,40,14
61,54,27,42,65,58,17,35,41,17,23,44,50,37,40,49,25,64,38,42,25,33,42,20,49,55,54,19,49,17
67,51,25,47,64,59,21,35,40,21,24,44,43,35,49,45,28,51,44,46,22,34,33,22,46,59,52,19,50,16
62,43,37,36,69,46,26,31,42,20,24,34,53,42,54,51,35,60,42,43,22,28,33,22,47,55,57,14,42,22
57,53,33,46,64,53,20,31,42,15,20,46,53,38,44,54,25,57,48,35,22,33,38,25,51,60,56,23,31,19
60,63,24,42,65,56,20,41,37,17,28,39,46,38,42,45,31,52,39,51,18,34,38,22,47,62,60,20,38,17
56,45,26,43,70,54,26,27,34,22,19,38,53,28,49,46,45,60,46,52,19,33,52,18,43,54,55,20,35,24
60,44,33,46,66,54,19,30,34,16,23,38,53,34,47,50,34,59,53,50,23,33,39,24,46,51,57,20,41,15
60,46,25,39,69,54,19,41,46,19,28,43,53,42,51,48,29,53,50,47,18,23,37,22,49,52,59,19,36,15
57,53,35,34,61,52,22,39,27,13,30,41,48,42,44,43,37,62,50,49,13,26,48,22,49,60,50,20,45,20
68,52,28,46,59,55,15,33,38,18,29,42,51,39,48,37,38,57,45,47,19,31,36,19,46,52,61,24,40,19
62,49,26,43,66,50,21,28,38,17,33,38,56,32,55,44,37,57,44,43,18,40,44,21,43,59,54,16,41,17
52,50,30,50,67,54,18,31,44,17,21,38,54,29,41,47,31,50,40,53,24,43,32,22,57,63,52,19,43,20
55,54,34,36,69,56,21,27,39,19,29,42,57,37,46,43,32,59,45,51,16,34,39,25,40,59,53,20,36,19
58,38,25,46,65,63,20,39,29,27,22,43,57,31,46,49,31,54,48,47,15,31,39,20,43,61,58,32,35,20
59,51,33,35,68,57,28,34,34,15,23,40,60,40,55,47,30,57,42,52,20,27,35,19,47,55,54,20,38,17
62,47,30,39,71,55,22,36,32,19,32,38,55,39,45,43,38,53,50,47,13,35,44,20,37,52,56,13,44,25
52,40,36,41,73,57,23,41,42,14,23,44,49,26,42,43,34,53,42,58,17,33,43,21,47,59,62,22,42,13
58,55,26,51,54,57,20,27,47,21,28,38,51,37,41,43,35,53,46,51,15,36,29,20,53,58,61,24,37,20
58,44,38,35,63,66,13,42,39,18,28,38,56,37,43,43,37,63,47,49,24,30,45,17,44,52,45,17,40,21
64,42,29,44,71,54,20,25,38,20,23,42,46,37,43,46,30,53,42,45,18,33,42,26,54,64,54,19,48,20
62,53,31,48,68,59,21,36,35,8,27,45,54,36,42,49,30,62,51,45,21,36,32,18,45,53,48,17,44,16
58,48,32,44,69,55,23,28,36,15,24,45,53,43,49,48,35,56,47,52,18,30,36,20,46,62,49,16,38,17
54,40,30,51,67,50,22,41,35,15,29,36,55,37,46,40,34,52,43,50,21,26,45,22,55,58,61,17,40,20
59,54,32,36,67,56,21,35,48,22,25,29,54,37,42,48,32,60,46,51,18,28,40,19,46,57,52,14,44,20
60,57,31,48,64,58,25,30,38,23,22,35,57,39,31,45,35,56,45,53,23,29,36,17,44,60,57,16,40,18
59,48,32,40,68,54,29,42,39,12,21,37,52,33,48,44,35,64,46,49,19,31,40,17,42,47,57,23,43,21
66,41,29,51,64,55,13,37,33,24,24,41,52,37,50,45,34,55,39,49,20,37,42,19,51,53,53,13,48,17
52,43,31,40,63,57,23,34,37,10,25,37,60,36,47,46,35,65,49,51,21,27,36,18,49,63,56,22,40,19
61,52,30,41,65,58,22,34,38,15,29,40,53,35,46,49,31,54,42,51,16,34,35,21,45,55,57,23,47,13
58,45,29,50,63,54,21,32,33,26,20,41,53,36,49,49,32,56,56,46,18,28,43,16,51,55,54,22,36,20
63,48,32,36,64,63,24,30,37,16,23,35,60,34,49,45,46,59,45,43,22,25,30,18,49,61,58,19,39,19
56,48,31,46,68,62,18,29,37,14,30,44,48,40,45,43,32,52,43,44,25,31,42,17,45,65,57,16,40,24
61,48,36,48,66,54,23,41,44,19,24,39,54,39,43,47,27,50,45,45,26,26,38,22,48,56,58,13,37,15
67,41,29,41,69,54,27,32,39,20,25,34,55,35,46,47,34,58,44,45,12,32,40,15,48,58,58,17,46,24
58,40,33,47,64,59,21,35,43,17,20,32,50,37,50,50,37,47,50,48,21,27,42,21,48,53,61,17,43,21
60,50,28,46,63,55,18,33,36,17,23,25,56,39,48,47,34,56,46,52,18,35,37,23,46,53,63,19,50,16
65,38,22,44,63,55,18,36,42,22,21,32,52,33,55,52,32,57,42,51,20,31,43,21,54,59,55,17,38,22
57,49,36,41,66,60,26,27,37,24,28,42,57,23,47,48,34,61,43,34,18,26,42,16,44,59,59,23,45,20
57,45,28,51,60,56,23,28,36,21,31,44,49,43,47,45,35,66,44,49,22,30,32,14,47,65,50,15,36,23
61,51,32,44,65,58,23,43,40,15,23,40,61,33,41,47,26,56,45,46,26,24,37,18,48,59,52,18,40,20
63,52,26,39,64,59,17,37,40,12,23,41,52,35,43,40,28,56,46,39,23,36,40,23,50,66,58,20,44,20
53,43,23,44,66,50,24,34,42,20,30,40,44,43,51,52,27,59,49,50,26,29,33,15,39,59,62,19,43,23
63,44,26,51,73,60,19,41,38,18,22,39,54,31,52,50,33,57,41,39,27,25,34,17,43,60,57,16,42,20
55,48,28,41,67,58,16,39,37,14,23,41,55,32,45,46,37,53,50,49,22,26,39,23,46,55,58,18,53,18
67,47,30,42,65,56,20,34,37,21,25,42,53,33,52,47,33,63,41,47,14,31,40,13,43,49,60,22,42,23
55,41,34,48,62,51,26,40,36,16,22,38,54,29,53,49,33,64,43,51,22,30,48,12,48,49,59,18,44,17
68,52,37,37,67,49,20,41,35,19,18,37,52,38,52,38,31,61,44,55,23,22,42,20,42,57,58,13,43,21
65,46,17,48,63,57,21,31,40,21,26,47,56,35,51,48,34,54,48,47,21,29,39,19,40,59,54,15,39,22
61,49,28,49,65,52,17,33,35,18,23,44,50,36,51,53,28,60,47,50,18,31,34,18,48,58,49,20,48,19
57,43,20,46,68,53,26,39,42,17,29,40,47,34,40,31,37,56,47,58,23,34,46,26,45,63,54,13,34,24
61,42,25,42,64,56,26,40,35,16,25,36,56,39,45,47,38,57,43,48,23,32,47,20,39,61,48,18,49,14
56,45,28,44,62,54,23,27,34,21,26,39,60,35,51,40,34,55,42,49,26,32,35,22,44,57,56,23,50,22
56,39,24,42,66,52,27,39,47,17,21,36,55,32,43,51,47,50,44,48,24,26,42,24,46,57,59,16,37,25
57,42,28,54,61,54,21,35,50,16,26,31,52,28,49,43,38,60,41,55,19,39,40,20,53,50,60,9,34,27
57,42,33,48,64,58,29,35,40,18,31,38,58,31,48,51,37,48,44,50,21,28,33,19,46,54,57,16,41,17
59,58,28,37,67,53,22,37,38,14,28,34,49,37,47,41,40,61,47,46,19,29,41,21,47,57,60,18,35,22
59,52,25,47,63,61,24,32,33,18,39,39,53,36,56,44,36,53,43,42,21,26,40,17,46,52,57,13,45,20
60,46,30,47,62,55,23,34,41,18,24,36,52,32,55,49,30,54,45,40,18,20,46,25,49,56,62,22,39,22
59,51,31,48,69,53,24,30,35,17,24,41,53,41,51,39,33,55,45,50,25,29,34,17,45,60,53,17,39,24
65,49,27,42,59,66,18,32,35,18,31,43,55,38,50,45,34,52,46,40,15,32,46,18,46,60,57,19,36,18
56,49,30,34,71,49,19,34,40,15,21,40,53,37,55,44,30,58,53,46,20,25,44,19,53,60,60,16,46,15
58,44,29,44,68,58,22,42,40,16,25,42,48,38,43,43,38,57,52,47,14,34,43,20,43,54,54,22,36,18
54,49,25,43,67,54,20,36,37,18,31,45,60,32,54,42,31,59,48,48,20,29,42,19,48,54,56,15,40,16
58,47,32,44,64,57,24,38,44,18,32,40,43,38,48,36,32,56,41,46,21,27,39,20,50,61,56,14,43,23
58,45,24,45,68,50,23,33,37,13,17,43,49,38,52,42,34,55,45,55,21,37,40,19,50,59,51,19,46,24
58,40,24,46,61,56,22,35,41,26,26,39,55,38,49,45,33,52,46,56,21,30,35,22,44,62,59,17,36,18
57,37,34,42,68,55,22,40,39,22,25,31,58,39,42,45,33,51,51,46,17,31,46,19,48,60,62,19,38,15
57,52,29,37,66,53,18,31,36,14,26,40,51,45,43,46,34,60,49,41,23,33,34,21,49,64,57,15,46,22
57,49,32,41,65,56,28,40,37,24,29,36,49,32,47,48,37,57,43,53,17,23,37,16,42,55,59,26,39,18
59,48,25,46,61,60,17,36,42,15,22,40,50,40,53,50,33,56,40,48,18,29,40,21,49,60,58,23,36,17
50,50,26,53,60,64,24,42,37,19,19,42,54,33,54,46,32,61,48,42,24,31,34,15,45,60,56,14,39,18
60,53,28,42,71,58,19,28,34,20,23,42,52,43,38,42,33,55,44,52,21,28,50,18,46,63,55,17,38,19
65,51,25,41,64,48,25,30,38,22,25,34,53,36,41,47,42,53,52,43,26,32,32,20,46,61,56,20,45,19
59,47,33,50,66,51,22,31,37,14,33,37,60,34,42,39,33,55,47,51,21,30,38,19,48,61,53,14,50,17
58,50,31,43,65,57,24,37,40,22,30,37,51,29,51,40,39,61,43,47,13,33,39,17,41,53,50,24,42,25
58,49,24,46,62,53,28,38,33,16,17,41,45,31,47,48,35,55,56,47,17,38,42,17,52,52,56,25,46,18
61,46,36,41,67,47,25,45,40,13,29,33,50,39,46,45,39,59,43,50,14,23,32,20,49,59,54,18,51,18
66,43,28,46,69,50,15,38,39,16,21,33,51,38,44,49,39,53,45,55,12,37,38,26,36,61,57,23,46,18
59,45,30,50,72,54,25,35,41,14,24,43,56,31,47,48,32,58,44,51,21,22,41,17,38,54,59,19,43,19
54,50,35,42,66,47,25,36,46,19,22,33,55,38,38,41,43,58,46,55,16,26,34,21,43,60,56,21,49,17
63,44,28,45,68,46,16,39,42,18,29,46,52,34,43,47,39,56,45,52,19,38,28,16,45,56,52,19,47,20
59,52,30,45,64,60,20,36,37,15,26,38,51,35,48,41,39,55,46,53,20,24,41,24,43,54,54,21,41,20
58,56,33,50,66,45,18,31,43,14,27,38,58,30,45,52,34,55,39,46,22,36,35,20,48,54,59,20,40,20
53,42,29,35,65,63,28,36,41,18,24,42,49,37,48,42,30,60,44,55,20,29,43,23,44,61,53,19,41,18
55,50,30,44,67,52,18,33,43,17,17,38,48,43,50,46,29,56,49,48,23,30,36,22,48,61,49,21,45,24
59,48,33,40,64,57,26,33,39,9,23,45,48,39,45,39,31,56,50,44,26,35,39,20,46,62,53,21,42,20
50,45,29,48,64,51,19,39,39,20,31,41,56,36,42,46,43,57,40,47,25,26,42,20,42,56,54,21,44,19
59,48,23,45,63,54,24,39,45,21,28,40,51,37,53,45,39,58,43,46,18,25,33,16,43,67,52,16,38,23
57,53,35,39,63,56,23,36,39,19,29,36,45,36,46,49,35,61,39,47,20,27,42,15,51,57,55,21,40,21
60,46,31,50,61,51,19,31,38,15,20,38,52,31,52,49,31,55,46,53,19,27,40,19,54,49,51,21,59,24
59,50,36,42,62,51,19,31,31,20,32,41,59,29,45,49,36,60,38,54,21,35,36,21,48,51,57,21,48,10
57,47,28,46,61,52,19,33,33,19,24,41,57,42,46,48,41,61,41,46,22,39,35,17,52,57,56,19,37,16
54,50,21,43,67,48,25,42,45,19,34,35,54,36,46,41,42,51,44,45,18,30,44,21,48,54,53,14,47,21
54,48,24,44,68,60,21,36,39,16,25,39,57,38,51,48,42,59,43,43,21,37,39,16,34,54,51,23,47,15
56,48,23,40,68,59,22,44,38,23,23,34,51,37,41,38,35,59,48,51,22,30,37,20,46,55,62,25,42,15
58,51,28,49,68,52,25,33,31,10,23,50,56,39,44,40,38,47,43,53,29,28,38,21,52,57,51,18,40,20
51,49,30,53,69,57,23,40,37,17,26,41,42,41,48,51,37,61,45,50,13,29,32,20,42,60,55,15,43,15
50,50,29,48,67,62,21,38,36,21,22,36,50,43,39,47,37,56,48,52,19,31,35,11,45,54,60,18,50,17
63,34,35,43,65,57,20,37,47,19,24,35,49,35,42,48,43,58,41,45,21,33,36,20,46,59,55,25,42,15
59,45,32,35,66,59,16,37,38,18,26,47,55,37,46,40,26,50,45,45,23,36,45,15,48,65,52,25,44,17
59,51,27,45,58,57,27,36,37,21,18,40,60,24,51,48,35,57,41,43,24,31,39,17,46,57,62,19,45,17
59,42,28,45,61,49,19,37,31,20,22,49,49,42,52,48,37,58,38,55,17,34,44,14,45,54,56,17,53,17
62,48,30,47,69,61,22,36,43,21,27,37,43,38,41,43,38,60,35,51,18,39,48,20,43,54,47,14,37,20
60,48,31,44,66,54,18,37,36,18,27,38,49,33,54,44,27,49,51,54,17,33,35,17,49,62,54,22,46,19
65,52,34,36,64,52,31,32,42,13,23,30,52,33,51,42,31,58,43,40,23,28,38,23,53,59,58,17,41,28
53,42,32,53,62,59,21,36,36,17,20,37,44,32,44,49,40,55,47,43,22,31,44,20,44,57,55,26,47,24
54,46,30,48,67,50,26,41,39,18,30,35,55,39,48,39,32,52,47,40,17,30,40,19,53,58,56,19,40,24
60,47,27,47,69,62,21,37,42,15,25,40,47,29,44,50,39,58,40,49,19,27,45,16,44,56,64,20,36,17
56,51,29,41,68,55,21,42,28,25,29,30,53,33,52,48,35,57,39,39,17,33,38,21,50,59,58,19,42,24
56,48,26,47,67,63,15,44,31,17,26,41,55,39,56,38,30,64,46,50,22,24,43,21,44,58,54,12,33,22
56,52,29,49,62,57,21,40,40,14,30,37,41,34,46,32,31,57,45,57,19,33,45,17,45,57,60,21,44,21
60,46,28,32,66,55,23,25,48,17,29,35,56,39,45,50,41,48,34,55,20,35,44,18,47,66,57,21,36,16
63,41,31,42,61,57,28,34,42,16,27,34,56,35,42,45,36,57,35,50,22,32,41,16,51,54,50,29,44,21
62,53,36,39,65,55,22,33,33,10,26,33,50,43,50,47,43,56,48,55,25,32,31,18,43,56,52,18,40,18
56,45,28,38,61,59,26,28,41,12,32,41,55,40,52,38,37,54,50,44,25,35,40,17,43,61,51,19,39,25
53,49,25,50,65,55,23,37,41,19,29,34,57,33,48,39,31,60,45,54,17,34,41,17,44,56,55,18,42,21
59,40,37,47,66,57,23,39,36,14,26,40,51,38,48,47,34,56,38,46,19,29,30,21,50,57,60,21,44,19
66,52,34,44,65,56,25,43,43,16,25,40,45,25,48,39,33,50,43,53,16,31,41,19,51,56,59,23,37,14
60,46,25,49,69,52,25,31,31,19,27,39,51,33,48,42,33,51,51,51,15,35,47,18,40,64,56,23,42,19
65,44,26,46,62,42,21,39,26,20,28,37,48,34,48,48,32,60,50,53,19,35,33,21,46,59,57,19,50,24
60,42,30,50,67,62,20,36,39,17,19,35,46,38,54,43,35,61,48,37,18,39,39,18,44,64,52,17,39,23
56,43,39,44,67,50,31,36,44,18,27,37,59,38,42,41,34,50,45,50,16,31,37,20,49,59,54,18,35,22
55,47,31,45,69,48,16,41,42,21,28,33,56,39,38,45,41,56,47,46,20,31,36,23,51,54,55,21,40,17
59,44,25,50,64,53,26,37,40,16,22,38,48,31,47,39,36,59,50,48,19,29,43,19,54,60,54,17,43,22
63,45,31,40,68,62,18,40,47,21,19,33,52,30,44,33,37,61,45,47,21,35,42,17,48,53,62,18,41,19
59,51,28,43,66,52,27,34,46,11,24,38,51,30,49,42,30,62,50,48,14,44,38,19,56,51,48,19,44,18
50,51,27,51,68,60,32,35,44,23,28,39,55,43,45,47,40,48,42,46,21,31,38,22,33,54,53,18,36,12
60,47,32,45,63,63,23,41,29,23,11,33,50,41,50,44,33,58,43,52,23,28,38,17,50,58,50,21,43,23
57,46,28,41,63,51,27,31,45,23,24,38,50,36,48,50,32,54,48,35,25,31,38,20,42,53,63,22,41,30
65,44,26,35,59,52,24,38,41,14,25,38,52,40,49,43,37,55,42,43,20,36,43,20,46,57,61,19,47,21
59,45,28,44,58,47,25,43,40,24,29,36,47,38,50,35,36,56,56,46,20,33,39,17,42,65,52,16,44,22
58,56,34,47,63,55,26,38,32,18,20,45,52,35,43,45,36,62,47,46,18,32,46,16,49,57,52,12,39,13
51,47,34,40,68,57,25,41,42,10,24,37,46,31,53,41,34,60,36,48,28,30,37,19,50,61,52,22,46,22
56,47,22,49,65,56,16,38,47,14,31,39,61,35,45,47,31,56,43,50,15,32,41,19,49,46,56,21,41,24
58,46,33,45,69,52,27,41,35,18,24,38,50,38,40,48,28,58,51,46,22,28,35,21,50,64,54,18,40,15
53,46,28,44,64,57,20,37,39,20,23,41,53,32,49,45,35,56,42,46,24,33,39,15,42,59,44,27,61,18
70,46,38,48,63,55,16,42,31,17,30,35,46,40,47,43,27,62,43,50,20,27,36,23,53,56,54,17,43,14
53,51,25,44,70,58,20,38,44,17,27,38,55,45,47,42,31,57,41,45,22,38,33,20,49,58,54,16,33,21
58,51,30,43,65,57,20,45,40,19,21,35,50,25,49,49,32,59,44,44,18,27,41,23,45,57,58,21,42,24
54,36,29,43,57,58,20,32,39,23,19,42,50,34,47,47,36,63,46,50,23,31,36,18,46,56,56,25,50,26
58,42,38,45,63,56,17,44,32,14,23,45,55,39,44,45,36,55,41,48,17,33,44,23,48,54,54,18,46,15
57,48,27,41,66,57,20,32,40,21,24,31,49,34,58,43,31,61,46,49,23,26,41,14,48,58,58,24,44,21
65,53,32,46,62,54,18,37,36,22,28,36,57,35,45,53,34,58,42,42,15,30,38,19,41,57,58,20,38,21
58,46,36,47,62,56,23,43,44,22,20,42,52,32,43,48,30,61,29,48,22,35,42,17,38,52,57,22,39,26
60,49,38,56,60,55,26,37,41,22,17,41,47,37,37,48,43,54,37,38,18,31,40,13,42,61,59,20,48,17
57,41,27,39,69,49,18,43,34,13,27,44,51,37,49,44,44,46,50,50,16,31,30,16,52,62,60,26,47,20
56,46,34,48,70,53,22,36,36,22,31,37,50,32,53,44,25,58,46,52,21,36,33,21,48,53,51,20,42,16
67,41,27,44,62,55,21,28,44,14,33,40,51,30,45,49,30,54,50,49,26,26,33,27,53,58,53,22,42,18
55,52,28,49,67,60,14,34,36,20,23,41,53,30,57,46,40,57,51,44,20,36,38,15,43,57,56,14,38,18
55,46,34,43,70,50,26,33,34,21,30,32,56,45,48,43,40,62,37,55,17,30,31,17,43,55,53,19,48,19
57,47,27,44,70,52,18,30,38,22,22,41,50,34,49,45,38,51,38,48,23,35,44,18,51,64,58,16,41,21
57,48,30,40,62,51,31,34,39,20,25,47,54,42,53,40,36,52,49,50,17,25,36,17,53,49,58,24,36,17
52,42,25,39,66,55,24,32,39,15,23,39,51,42,48,39,38,56,52,57,19,33,41,23,44,58,58,15,45,22
55,48,33,45,75,56,24,37,47,14,23,40,53,32,57,45,29,61,46,42,15,23,35,21,45,59,53,19,40,20
58,54,25,43,68,62,19,31,44,12,24,42,43,45,45,46,29,54,51,47,22,38,40,19,39,60,56,14,38,24
56,48,25,44,64,63,22,41,41,16,26,33,55,36,47,37,36,63,38,41,25,37,44,21,43,54,53,20,39,24
60,48,24,53,67,54,21,35,39,17,24,40,54,38,43,46,40,56,48,43,15,33,42,15,43,50,58,17,44,25
54,50,34,48,70,46,24,37,34,22,32,39,58,35,46,43,37,49,45,47,15,30,39,20,54,55,52,15,41,21
58,48,34,46,65,50,21,36,39,19,27,47,47,38,50,42,23,54,40,55,18,32,36,17,42,58,55,18,53,24
58,41,35,44,58,63,25,36,45,20,26,36,54,39,49,48,43,57,40,45,19,34,36,13,46,59,47,18,36,22
57,48,30,37,65,50,20,29,43,20,24,41,60,42,52,50,32,52,46,55,20,25,37,14,41,51,57,20,55,19
57,49,33,47,64,55,20,34,29,18,32,35,45,41,48,45,39,52,41,50,22,36,32,19,53,55,58,18,49,16
53,53,23,44,71,66,19,33,46,17,23,37,60,31,47,54,35,53,42,48,23,26,40,14,47,56,52,20,37,22
57,46,29,47,67,61,24,36,37,16,21,34,53,33,47,49,38,55,48,53,22,37,31,21,41,61,57,19,38,14
63,45,35,42,62,52,13,38,37,19,20,41,50,47,53,43,39,63,41,50,15,22,39,21,48,57,57,16,40,24
63,50,24,43,60,61,24,40,38,17,26,40,48,34,46,42,43,48,51,47,21,32,41,21,43,54,45,25,43,22
57,44,26,46,58,59,19,32,40,24,25,40,54,39,53,43,35,58,38,47,20,35,42,15,49,57,54,20,39,24
57,48,39,44,62,53,23,33,33,13,30,48,56,31,45,45,31,53,45,50,16,32,46,18,43,59,65,18,42,14
49,49,24,51,65,54,27,39,40,14,23,44,59,34,51,35,44,56,50,50,18,33,36,16,47,54,56,25,36,13
60,45,34,41,60,53,23,38,35,18,31,44,53,36,52,49,30,55,43,50,24,38,41,21,47,52,57,16,37,9
60,45,24,46,64,58,26,34,32,20,28,42,51,41,56,41,38,52,49,51,26,27,40,16,45,60,54,23,26,17
56,42,31,46,60,56,23,29,37,16,19,39,53,29,52,47,34,51,41,47,21,31,48,21,48,62,58,23,46,26
66,43,36,47,65,55,15,39,46,12,30,36,55,38,51,40,32,56,38,44,21,31,44,20,51,50,58,17,38,18
49,44,34,51,72,63,23,36,40,13,27,36,55,36,44,47,24,56,42,42,23,35,32,26,48,57,48,17,47,25
57,46,30,45,60,53,24,37,42,10,33,38,54,38,50,46,41,56,52,46,17,31,28,15,50,50,57,18,49,19
54,44,34,43,66,53,21,33,38,9,24,40,57,35,48,40,38,55,52,52,24,29,32,15,53,65,54,22,41,21
59,46,32,50,67,54,22,32,28,20,33,42,53,43,50,44,35,44,46,48,21,26,38,15,46,58,55,18,49,18
48,57,20,45,68,56,18,40,35,15,27,42,49,40,43,45,41,51,47,54,22,31,44,14,40,69,53,16,41,21
57,51,26,38,69,55,26,41,31,12,27,39,59,36,39,51,29,60,38,40,18,31,42,22,50,65,54,26,40,20
61,47,31,44,61,49,19,42,34,17,25,39,51,38,55,46,26,65,46,50,16,26,33,28,42,61,59,20,40,21
65,43,29,52,65,55,26,34,32,16,27,31,52,36,51,41,44,55,45,46,14,33,37,19,42,59,56,22,46,19
58,45,34,45,64,49,25,38,38,13,23,31,55,41,51,43,36,56,46,47,13,34,33,21,50,63,59,20,43,18
56,46,25,42,67,54,20,40,35,19,24,38,49,39,51,47,32,55,49,52,23,32,36,22,46,55,61,15,42,20
59,47,26,44,69,56,19,38,39,16,28,43,45,34,45,43,38,51,37,45,22,25,41,15,52,64,55,21,53,22
59,45,30,46,69,55,25,38,36,15,26,34,48,44,41,48,35,52,48,52,23,29,42,18,49,58,56,11,46,14
55,53,30,48,69,51,20,43,35,23,22,44,50,28,49,45,35,53,44,52,20,25,46,15,48,57,57,15,36,24
59,51,30,44,63,58,22,37,31,16,24,44,58,42,44,39,38,56,48,50,22,27,33,19,50,54,56,18,38,21
61,43,32,39,63,54,24,26,46,18,26,43,58,44,46,50,42,47,46,57,19,25,41,17,53,53,51,17,28,23
56,43,30,48,68,57,23,34,42,11,28,36,60,34,42,52,22,55,42,54,22,37,44,16,44,64,46,17,44,21
55,37,35,48,64,52,25,29,41,18,19,46,50,36,44,47,34,53,51,53,21,33,38,13,39,54,60,26,51,20
65,40,40,45,71,53,24,37,37,9,25,38,55,41,47,46,28,56,42,39,22,30,42,25,48,59,50,14,42,22
52,51,29,40,65,56,29,35,45,13,27,36,60,33,46,40,42,58,43,46,17,27,38,22,43,63,55,17,44,20
54,46,32,45,65,56,20,40,39,17,25,40,46,37,44,45,35,56,48,45,23,30,41,15,52,61,50,19,47,19
57,46,24,46,63,52,23,37,34,25,23,44,51,32,60,49,37,58,40,46,24,32,31,19,43,60,61,16,42,17
57,46,39,46,65,58,25,36,41,14,20,40,47,35,48,44,39,56,43,38,19,33,45,22,42,60,58,19,40,17
58,50,29,47,66,60,21,36,40,16,21,41,59,36,43,41,38,58,46,41,22,29,40,21,47,58,50,19,41,18
62,45,22,50,67,61,18,31,39,21,25,42,54,38,46,42,29,52,51,40,23,32,40,19,47,61,57,15,42,21
59,48,22,49,59,54,24,39,40,21,26,40,58,38,48,43,39,64,43,43,18,28,45,18,39,60,52,17,35,23
59,57,30,34,63,60,28,42,46,14,27,33,50,46,52,40,28,54,46,41,24,27,34,20,42,59,52,15,45,24
59,50,32,49,69,51,23,35,40,18,22,34,42,41,59,56,40,55,47,43,17,22,30,14,48,56,61,18,41,20
57,40,32,45,65,59,28,45,34,12,24,33,49,34,54,46,39,59,39,52,23,27,34,15,50,63,54,12,47,21
59,51,29,56,62,51,21,32,42,17,28,45,46,40,40,41,46,58,42,41,18,28,33,24,43,57,59,18,49,16
59,42,35,43,64,55,22,42,37,17,29,31,51,36,45,40,39,50,44,54,23,32,37,20,51,56,58,21,46,13
63,42,25,45,62,59,21,35,38,27,22,38,56,34,48,38,30,64,50,41,23,34,41,20,46,53,62,17,43,15
60,46,30,39,64,52,21,40,45,16,26,41,53,43,44,40,41,53,41,49,23,28,37,17,44,55,60,17,50,17
61,45,37,41,65,60,21,42,41,16,23,42,50,36,46,45,23,51,47,56,22,29,38,19,48,60,61,21,28,18
63,49,22,43,62,58,17,30,39,17,24,32,54,44,52,43,34,56,48,45,18,37,38,20,54,59,55,24,34,21
54,52,35,51,63,56,18,40,40,15,27,41,43,31,47,50,39,57,38,42,23,27,36,19,53,60,56,16,43,20
61,41,38,43,69,55,17,34,38,20,27,39,51,36,54,45,40,48,49,52,17,33,39,16,40,55,60,21,42,12
58,46,35,43,63,49,25,34,36,17,25,42,45,41,47,45,38,60,49,48,22,27,29,25,53,52,54,16,45,23
61,45,32,47,69,52,24,37,33,18,20,33,54,33,54,50,37,51,50,51,19,30,37,17,43,56,55,27,36,21
54,50,31,43,65,54,23,39,51,23,24,36,51,41,45,48,40,51,38,43,13,36,40,21,47,59,52,19,34,21
53,51,29,47,62,52,18,33,37,18,25,43,48,44,51,44,33,58,43,49,21,33,38,16,53,58,52,21,37,25
57,45,36,51,69,59,26,27,40,17,27,32,51,33,51,45,36,58,39,53,19,31,39,15,49,49,62,15,37,24
60,51,30,51,66,57,20,36,34,18,27,35,51,35,45,46,36,58,40,41,24,25,50,21,51,51,53,18,39,23
68,49,29,49,65,51,19,34,37,23,27,36,52,39,53,44,28,64,36,47,19,30,44,22,42,64,44,21,44,12
58,46,34,40,69,57,26,36,45,13,25,38,50,38,44,53,33,58,42,42,19,31,27,23,48,58,55,24,43,17
65,47,24,52,66,57,16,39,45,17,29,33,55,30,45,42,34,55,43,50,17,31,41,29,43,60,57,18,34,18
65,48,28,48,70,55,20,37,36,13,24,35,50,35,48,47,30,53,50,51,23,31,41,23,43,51,58,18,42,19
55,48,28,48,68,60,18,28,44,19,23,32,53,40,51,51,41,57,38,41,18,32,46,24,40,65,52,13,39,20
60,52,29,42,63,55,26,37,39,18,25,36,55,31,51,52,37,55,45,41,22,29,39,23,49,55,49,20,29,28
55,55,37,43,66,58,18,43,32,17,21,32,48,42,44,45,31,54,49,44,13,31,43,15,55,55,62,19,41,24
58,46,33,40,69,58,19,37,35,11,27,41,53,35,52,43,38,58,43,45,24,18,42,23,46,57,54,19,43,25
56,46,33,43,66,56,19,31,33,18,21,39,58,39,44,40,41,49,51,48,24,31,37,25,45,61,61,24,40,13
55,44,33,43,66,54,25,33,43,21,27,39,56,37,49,51,29,64,43,46,14,30,35,14,46,59,58,20,39,19
61,52,25,42,65,49,21,44,39,12,23,41,64,43,51,44,25,55,38,47,25,36,29,20,46,55,53,22,45,20
59,43,26,44,66,58,18,33,33,13,26,42,64,40,51,50,32,57,46,46,20,35,35,19,41,62,58,16,43,16
56,52,36,46,65,46,17,37,34,23,28,42,44,40,40,42,41,57,45,42,19,28,45,22,47,59,55,19,43,22
63,48,31,42,62,52,18,30,44,20,21,36,52,39,53,41,35,60,36,52,17,26,36,17,44,60,56,21,52,28
58,46,27,49,58,60,18,46,30,18,20,37,54,37,52,50,42,59,39,51,20,29,39,22,46,53,56,22,39,15
55,45,31,38,62,58,19,39,36,23,18,45,55,33,49,49,34,57,47,41,20,29,43,17,46,62,60,13,45,23
60,53,30,50,66,60,20,27,37,18,19,42,50,36,47,39,35,55,38,47,22,31,43,18,44,64,52,18,46,25
57,57,22,48,63,53,19,35,34,15,24,44,58,30,45,46,34,58,48,47,20,22,34,23,52,62,57,18,47,20
66,48,38,40,64,52,21,32,44,13,27,40,51,34,46,48,33,51,48,44,22,29,38,17,48,57,62,19,43,17
60,48,25,49,69,58,23,37,43,13,21,40,56,37,51,40,32,62,41,51,21,27,36,19,44,60,56,20,37,16
57,53,19,46,68,57,25,36,35,14,30,44,56,36,39,41,39,54,43,48,20,30,44,13,42,63,54,15,42,29
59,53,28,35,68,53,26,35,42,16,23,43,50,36,54,43,38,49,50,50,22,34,43,13,44,55,54,23,35,18
54,41,31,44,60,55,25,30,45,20,28,47,60,39,45,43,29,61,37,46,26,24,37,21,50,62,58,14,43,17
55,51,29,49,64,59,18,42,42,17,19,41,60,32,45,38,35,51,47,59,17,32,40,18,46,55,56,17,42,16
51,50,32,42,71,55,23,37,44,17,24,42,53,36,44,38,32,59,48,47,28,23,29,23,45,57,54,24,47,17
62,51,27,43,70,57,16,31,41,17,25,40,55,36,45,49,37,54,45,48,22,22,37,23,49,56,57,15,41,21
63,44,25,50,66,53,30,34,39,22,28,48,55,34,43,41,38,52,41,51,18,32,36,20,43,53,55,18,42,18
61,49,28,42,68,57,26,33,38,20,29,33,48,27,53,48,38,56,35,52,15,39,35,20,41,60,58,18,46,19
55,52,31,51,63,55,28,35,36,12,30,42,53,37,55,37,30,55,40,47,24,25,34,20,45,62,59,22,37,20
53,49,32,50,63,56,18,41,43,15,25,42,53,36,54,45,35,57,40,44,25,33,33,15,42,57,55,18,46,17
62,52,32,46,62,56,17,36,36,21,21,50,45,38,44,47,41,55,37,48,21,31,33,20,42,58,57,21,42,21
59,41,32,48,63,58,18,40,37,11,22,36,53,40,55,45,29,61,45,50,22,27,36,19,51,64,53,17,48,12
58,48,32,41,66,56,21,32,47,24,20,34,55,30,56,43,37,58,48,42,17,35,26,14,48,60,60,22,43,19
65,51,29,42,62,60,23,32,37,19,21,37,50,33,55,40,30,53,39,49,20,33,52,25,50,56,65,12,33,19
60,52,32,52,64,48,23,36,34,20,29,35,58,43,45,45,28,56,43,55,21,27,31,13,46,61,55,16,45,19
57,51,27,45,62,52,22,45,34,15,27,29,53,33,47,39,32,63,44,50,22,32,43,19,49,64,55,21,39,21
67,48,31,45,69,58,27,42,44,14,25,40,43,38,49,44,23,61,44,44,20,26,40,14,47,58,51,23,36,21
57,46,30,44,69,55,19,41,32,21,19,35,56,37,49,33,41,53,42,53,20,32,33,20,49,60,61,24,42,19
59,42,35,44,62,65,17,41,48,17,26,41,53,34,52,45,33,51,42,44,22,28,39,22,49,49,51,16,40,25
60,44,33,42,68,53,20,34,44,12,30,38,54,36,44,43,35,52,44,53,24,30,40,18,42,57,58,20,42,22
58,48,28,45,64,53,20,37,41,18,27,34,59,38,44,42,39,51,49,48,21,25,41,24,50,57,59,15,41,16
66,47,28,42,61,52,23,37,32,16,25,39,51,33,42,43,34,54,53,53,21,35,38,15,52,57,56,16,47,24
66,43,21,39,65,61,19,34,43,17,28,39,52,32,51,42,31,52,45,48,18,34,43,21,49,60,60,21,40,18
53,52,28,36,67,58,28,43,44,23,24,37,53,34,48,43,32,60,46,45,21,25,42,10,47,55,57,17,43,21
59,45,26,42,68,59,18,41,42,22,28,31,50,34,47,44,34,59,56,50,19,29,44,24,41,60,54,15,36,15
57,44,29,43,63,53,21,45,44,15,27,38,51,35,44,41,32,55,46,54,22,35,37,15,52,56,54,21,45,18
61,49,30,45,65,56,21,45,33,17,22,44,53,28,33,45,32,58,46,43,22,33,40,15,51,60,56,19,50,20
58,48,32,41,67,54,20,30,34,20,23,40,50,36,44,44,40,53,52,43,18,28,48,14,52,55,63,18,39,28
58,46,32,48,65,53,19,37,45,18,22,42,49,39,42,41,32,53,51,52,18,33,38,16,52,55,52,21,43,20
60,54,28,42,66,53,19,39,48,14,29,42,51,36,46,44,36,56,48,47,19,32,33,18,41,54,59,14,45,19
60,48,32,42,69,56,23,34,38,16,25,48,49,30,52,43,35,58,45,47,27,32,41,16,41,57,54,17,42,15
50,52,28,51,60,56,24,38,44,16,23,34,59,33,50,48,31,55,42,51,21,35,34,21,47,55,60,19,32,23
58,51,30,45,62,55,25,32,44,22,23,35,50,31,53,49,30,52,44,48,18,30,43,20,43,56,51,23,46,23
60,50,28,42,59,58,26,31,44,18,30,41,45,44,47,41,38,49,43,47,18,24,38,19,51,63,57,15,46,20
61,46,33,43,68,65,17,30,38,15,31,37,54,37,46,52,36,59,44,41,23,29,38,13,38,58,61,11,42,26
66,47,29,42,68,48,22,33,43,13,26,35,53,43,52,54,40,58,49,44,19,26,42,15,43,54,51,22,38,17
54,51,26,42,61,59,19,39,34,17,20,49,46,40,47,48,33,49,51,49,20,33,44,24,41,55,66,15,40,20
54,55,29,44,60,54,26,30,41,14,26,37,59,37,51,49,34,57,48,54,16,34,38,23,42,57,51,16,39,17
50,43,29,47,66,54,33,42,43,16,20,34,47,30,47,47,31,58,46,50,20,28,46,26,44,59,56,21,46,13
51,48,19,50,63,59,26,31,34,20,24,43,51,37,48,54,36,53,48,44,18,34,45,16,48,66,52,18,39,17
64,56,24,50,61,50,22,42,30,17,31,35,61,41,52,41,36,57,40,49,17,30,37,16,48,56,58,18,34,19
67,50,28,42,65,54,24,30,45,22,18,35,62,33,45,49,31,53,49,45,16,28,47,18,47,50,58,18,45,18
56,54,34,41,68,55,24,38,45,22,20,34,48,28,46,48,33,55,39,49,17,29,40,24,46,51,58,24,43,23
54,51,27,39,65,60,31,36,29,15,32,37,50,40,49,51,35,62,47,45,15,25,37,19,39,62,59,16,44,21
63,51,33,44,65,54,27,33,42,24,26,38,51,36,42,43,39,57,45,42,21,30,33,12,39,57,59,21,49,16
65,40,31,50,67,54,23,36,38,19,25,35,56,37,46,38,28,54,50,53,20,27,39,21,55,59,52,16,40,18
61,46,23,44,69,66,22,40,41,14,33,42,53,34,38,43,40,55,46,53,17,29,35,18,42,56,55,21,37,19
55,51,28,44,64,58,24,36,37,16,31,36,44,38,48,50,31,58,49,47,20,35,32,15,45,55,57,23,47,18
63,42,27,47,62,58,23,38,34,16,21,45,54,34,52,50,34,54,46,47,17,30,40,23,52,54,48,21,37,23
59,48,33,42,67,52,21,34,34,14,24,44,50,36,43,51,35,56,45,50,19,33,38,16,45,61,59,21,45,17
66,50,34,45,59,52,23,38,41,21,21,38,47,39,51,50,25,49,41,50,17,28,36,23,44,53,59,19,49,24
58,50,27,42,60,60,21,35,33,18,18,42,55,38,47,50,22,60,49,45,22,32,43,15,49,55,57,22,42,25
61,51,21,44,61,56,27,42,42,14,27,46,52,33,50,37,37,57,46,43,24,29,40,15,54,53,44,12,46,28
57,50,27,49,69,61,23,32,45,15,18,30,54,45,44,45,31,56,42,46,20,39,46,17,42,62,49,23,35,20
67,44,27,44,61,50,20,30,34,15,24,34,57,40,47,43,30,56,45,56,20,32,42,21,48,63,56,20,49,17
53,51,30,46,66,59,15,40,42,15,22,43,53,32,42,44,27,55,48,44,25,31,44,24,46,62,53,18,46,16
60,46,33,49,55,58,16,36,41,13,26,41,59,30,45,49,39,49,37,48,26,28,41,16,49,51,59,17,50,25
55,48,27,48,57,65,26,39,41,17,19,35,54,34,52,45,37,52,39,52,16,35,38,20,47,50,62,22,45,15
53,44,35,44,68,57,27,34,42,22,15,38,55,26,44,46,36,57,36,55,25,37,36,16,50,54,53,26,45,16
58,52,36,37,70,48,27,34,33,13,21,38,55,36,46,41,33,61,48,52,28,19,36,16,54,61,55,19,46,19
61,43,28,42,62,58,28,31,37,21,25,31,58,42,44,48,39,57,48,46,20,25,37,22,42,57,55,19,48,18
50,45,32,47,65,57,20,34,34,19,31,40,57,31,46,46,30,54,42,43,16,32,44,21,44,60,65,18,43,26
50,49,27,47,69,53,22,35,44,17,20,44,57,41,52,46,33,57,44,44,18,23,37,18,41,63,63,21,37,20
54,46,29,40,65,58,24,36,44,16,25,39,55,38,57,50,34,55,45,52,19,34,32,15,43,57,56,16,38,20
51,45,27,46,67,56,27,42,34,22,29,45,55,35,46,54,29,51,46,37,17,30,43,21,44,54,53,17,51,18
61,40,28,39,68,57,29,33,45,15,22,39,51,36,52,46,35,54,42,41,16,34,39,21,49,57,61,18,49,15
59,39,31,44,69,53,19,35,39,26,26,37,57,29,46,48,33,53,40,54,24,41,39,17,41,61,53,18,42,19
55,54,21,42,70,47,18,43,38,12,32,39,55,44,52,53,36,61,40,40,28,28,34,19,41,57,52,23,38,20
56,52,29,49,71,52,20,37,43,20,30,35,53,33,42,45,35,55,40,48,22,30,45,19,44,50,54,19,43,21
51,47,29,45,67,57,17,40,37,18,30,38,49,41,51,43,30,52,43,50,19,36,42,16,49,56,61,21,41,16
62,46,38,48,66,65,18,34,39,14,24,32,52,40,36,46,32,52,34,55,15,33,39,17,47,67,54,22,39,26
57,43,33,39,71,58,18,30,41,16,19,35,54,37,52,50,42,57,39,49,17,25,44,23,41,65,56,14,48,19
61,42,32,46,70,64,26,30,36,19,24,35,52,37,44,47,41,57,43,49,18,29,38,19,40,55,57,23,38,20
54,50,32,44,65,58,21,34,44,22,21,41,51,26,45,50,37,55,41,53,25,28,35,20,43,58,53,21,43,22
58,55,30,47,65,57,26,33,40,26,18,37,50,32,42,47,33,51,41,48,21,33,43,20,43,60,51,24,42,19
61,50,30,43,70,61,18,31,37,21,27,35,62,30,42,46,29,57,47,54,22,28,39,19,45,48,61,18,43,18
56,40,30,48,64,61,22,36,33,16,25,37,53,37,59,44,34,63,40,49,13,36,44,15,47,58,52,17,39,24
56,42,28,52,68,55,20,39,38,12,24,42,49,37,53,46,36,59,41,45,20,41,42,20,40,56,54,16,41,20
64,39,36,43,66,60,16,37,41,21,22,41,44,41,46,52,33,54,40,47,22,34,38,16,50,60,55,16,40,18
55,47,26,51,68,52,21,36,43,17,28,40,48,42,38,47,36,58,39,43,27,31,28,22,46,57,61,22,40,23
52,49,31,47,64,51,25,30,45,15,24,36,53,34,49,44,30,53,50,52,20,33,40,17,44,62,53,22,46,21
51,42,33,42,65,57,21,42,33,15,27,41,45,29,53,45,41,55,51,57,19,25,43,18,48,65,52,23,37,17
58,44,28,43,64,54,24,31,44,17,33,35,46,31,48,48,38,51,45,51,20,38,43,18,46,59,60,12,40,23
59,42,31,35,66,60,25,34,40,18,25,40,57,32,44,50,37,57,47,39,17,37,41,17,44,58,62,22,43,13
62,53,29,44,69,56,19,35,40,26,16,42,50,34,54,47,32,55,43,54,19,31,33,17,44,54,53,25,33,23
61,50,31,46,60,53,23,29,42,14,27,51,44,50,43,49,40,50,50,44,13,28,46,20,43,53,55,18,39,20
54,42,22,43,65,63,21,36,36,11,28,31,51,37,53,39,33,63,58,43,25,32,43,18,47,58,57,20,40,23
52,37,33,48,64,55,16,41,40,19,15,41,45,40,46,46,38,59,45,54,25,36,37,20,50,57,57,16,37,23
59,43,27,43,67,59,20,40,44,11,20,34,58,39,47,48,32,56,49,45,21,33,38,16,51,60,58,19,33,22
56,46,37,40,63,60,16,32,43,10,18,37,57,37,47,48,41,50,47,53,25,25,45,17,47,61,58,23,40,13
59,56,32,48,61,56,24,28,40,24,22,35,53,33,46,41,29,54,47,47,23,32,34,18,44,61,58,20,53,14
49,42,27,47,61,56,22,32,34,20,21,43,54,37,50,44,34,60,50,50,28,35,42,17,49,57,60,14,39,18
60,39,30,45,64,52,28,39,41,16,23,40,55,34,51,51,36,56,41,44,19,30,52,16,43,49,65,14,41,18
62,45,29,43,57,53,19,39,36,18,26,36,53,35,46,45,39,60,44,44,19,35,38,20,47,55,57,21,45,26
59,36,28,50,69,61,20,38,35,18,24,34,51,37,49,42,38,55,41,51,16,34,46,17,43,51,56,18,48,27
55,55,33,40,62,56,19,28,35,10,28,36,55,41,49,48,40,59,34,46,18,31,49,18,37,57,60,22,49,22
61,47,32,41,66,56,22,28,43,17,25,42,50,37,46,47,36,55,40,51,23,28,40,17,44,54,58,21,46,19
62,42,33,39,68,52,22,42,39,15,21,43,50,37,51,46,35,50,52,54,26,25,39,20,37,51,54,23,46,18
61,52,31,34,64,54,18,37,47,15,24,42,49,39,48,56,35,61,40,65,14,26,41,17,41,43,57,19,46,16
55,37,30,44,68,56,21,30,39,17,22,40,53,35,54,42,30,63,48,40,24,31,48,16,50,59,55,20,46,19
56,44,31,38,63,57,22,34,40,15,24,40,54,38,53,38,29,58,42,51,21,32,47,19,46,60,57,20,45,18
51,53,36,43,64,62,23,42,36,15,23,40,56,38,43,49,25,54,52,47,20,31,35,19,49,57,58,12,38,21
57,44,39,32,65,55,28,34,39,16,23,37,57,38,48,41,31,59,50,49,21,27,34,17,45,63,55,19,50,19
60,43,31,43,62,56,22,32,39,11,27,49,45,40,49,38,35,55,44,47,20,31,40,14,47,58,60,13,50,31
56,46,28,37,66,54,23,32,32,16,23,38,57,39,50,40,45,58,46,42,21,35,35,20,44,60,61,20,46,22
57,51,29,40,63,53,14,36,40,15,35,37,60,37,56,47,34,52,44,53,24,24,35,14,44,63,53,15,43,24
57,51,33,47,71,61,18,38,41,14,20,36,52,36,46,37,35,54,47,50,26,31,37,25,43,59,50,18,42,17
59,47,27,44,65,55,22,45,34,18,24,48,49,33,39,42,34,64,50,46,25,25,39,14,49,51,58,22,45,19
61,41,30,51,68,59,25,36,36,21,22,38,52,37,43,50,36,53,44,47,19,31,32,19,46,63,46,21,46,19
58,53,31,46,63,56,26,36,41,21,25,38,53,32,42,45,25,55,45,48,21,29,33,16,49,58,57,29,42,19
58,49,30,47,63,61,26,37,36,17,28,39,58,41,52,45,34,55,41,52,15,27,34,18,56,49,54,16,38,16
64,50,26,32,66,55,28,36,42,20,30,38,56,40,40,44,35,61,45,47,18,29,44,22,35,55,56,16,40,22
55,41,27,38,68,48,19,39,36,15,23,36,59,39,50,49,39,55,44,46,19,34,38,20,46,63,56,21,47,22
61,48,33,39,58,59,23,33,45,20,22,42,48,34,58,47,28,57,44,51,17,28,39,15,52,53,61,20,36,21
51,43,32,45,66,50,21,35,37,15,24,40,54,44,42,45,29,57,46,49,20,32,41,23,49,56,56,28,45,17
51,45,31,41,67,48,19,28,41,13,23,42,50,36,53,45,40,66,47,46,24,38,29,20,49,57,59,24,41,19
59,49,30,44,66,64,18,34,38,22,21,42,52,36,45,40,29,60,45,54,20,35,44,19,50,48,52,17,43,16
58,44,29,54,65,50,27,27,37,15,30,38,50,38,52,47,32,55,41,53,25,26,37,28,47,57,55,20,32,23
60,44,40,41,65,61,18,38,35,22,25,35,46,36,59,46,36,59,39,46,20,25,35,15,46,58,54,23,44,21
57,45,30,46,69,53,14,33,34,18,25,40,53,38,51,45,37,54,44,57,12,26,43,20,51,58,54,17,42,26
53,47,26,44,68,61,25,35,39,11,22,41,53,37,46,45,36,54,44,45,22,28,42,17,51,59,56,18,42,25
60,52,36,45,61,55,21,40,39,22,24,44,56,27,37,44,30,58,41,46,15,30,44,18,40,55,56,18,49,29
52,39,29,43,66,50,21,38,45,27,27,42,59,35,44,47,33,61,47,54,16,20,35,20,52,55,58,17,41,19
59,47,25,42,65,56,21,34,41,17,24,40,58,33,46,46,39,57,41,46,22,36,37,18,38,55,59,24,43,23
66,48,28,47,64,63,21,39,41,17,21,42,45,32,48,44,29,56,46,48,18,32,37,16,49,54,61,23,35,22
57,48,30,45,64,56,24,38,40,17,18,34,56,40,44,52,33,49,56,48,25,33,32,21,47,56,51,21,45,12
63,42,34,38,64,55,19,44,43,24,23,40,48,29,45,39,30,55,48,52,26,34,37,25,46,60,54,22,41,12
55,40,26,52,64,58,24,36,37,13,25,41,53,33,46,51,35,61,44,52,19,33,43,16,48,56,52,20,40,19
57,44,31,53,60,52,24,45,42,18,23,42,53,38,48,41,34,59,40,52,18,30,40,17,51,48,53,23,36,20
56,52,33,43,66,54,22,39,41,15,27,33,53,37,59,46,38,59,44,48,14,29,41,21,46,55,52,12,34,23
59,42,29,49,62,60,17,43,47,16,26,38,56,39,54,43,31,55,44,46,16,39,40,15,40,61,53,17,35,20
58,44,40,53,69,59,22,29,35,20,23,36,53,31,48,43,32,55,44,45,22,33,34,17,42,58,60,21,55,11
62,46,32,42,68,51,25,43,40,17,22,42,48,30,52,52,37,53,40,46,18,26,49,20,48,55,53,14,37,24
56,43,29,42,63,56,22,39,41,14,24,38,50,31,38,52,36,52,44,54,18,41,40,16,44,53,68,24,45,19
57,49,32,37,68,53,15,38,40,17,27,40,52,45,49,47,34,50,47,49,20,33,40,22,43,56,60,17,32,23
55,53,26,38,67,48,23,36,36,15,23,37,57,44,43,48,39,54,44,50,17,39,36,25,47,60,52,20,44,16
59,43,39,40,65,58,17,38,41,16,23,36,49,43,40,46,36,56,46,49,19,33,44,17,42,63,49,21,40,24
58,49,30,46,66,58,24,31,50,19,27,25,47,31,51,43,36,52,41,55,26,28,34,20,43,58,57,17,46,24
53,52,31,46,69,51,26,32,41,17,24,31,51,38,62,45,38,52,44,47,14,35,43,11,46,56,59,18,41,19
57,52,28,39,58,65,23,41,46,19,25,37,52,24,54,49,22,57,39,45,20,31,40,21,53,57,63,22,39,14
56,46,35,39,62,50,17,31,41,16,23,39,57,37,48,51,37,63,45,49,16,33,41,22,44,56,62,21,33,22
54,45,30,47,65,57,18,29,34,21,23,40,60,41,44,45,36,58,45,44,26,29,36,20,46,58,60,23,37,21
62,50,23,50,60,50,25,34,38,17,26,34,56,35,48,40,36,56,47,45,15,34,44,18,47,59,63,20,40,20
60,55,32,40,67,56,27,39,44,25,29,38,42,43,43,42,37,54,44,50,18,37,33,17,42,54,53,19,34,18
61,51,30,43,68,54,20,31,40,14,26,43,46,33,48,51,33,59,51,47,19,32,36,15,37,57,59,20,44,24
57,46,28,42,62,53,20,42,39,19,26,37,59,39,41,41,30,50,43,54,28,36,48,16,48,52,59,14,42,21
52,52,35,45,63,58,19,39,38,18,22,46,56,37,52,41,33,49,42,51,26,37,39,12,57,56,49,15,40,13
59,45,21,42,69,53,30,38,38,17,26,42,53,35,53,45,40,58,50,48,21,34,30,18,44,52,51,16,46,18
58,49,38,46,64,57,23,35,34,16,26,37,51,41,44,54,32,58,49,49,20,31,41,12,46,54,52,16,43,16
62,43,30,43,65,48,28,32,37,14,22,47,55,41,51,51,34,56,49,49,21,29,39,15,42,54,55,21,40,19
63,52,33,53,71,56,29,36,39,16,26,28,54,32,52,52,32,53,44,46,15,29,33,16,48,57,61,11,40,15
51,51,32,42,65,59,15,42,35,17,29,48,50,32,43,43,40,54,40,55,20,37,33,19,47,57,54,21,41,20
51,45,32,47,67,48,17,30,40,21,24,46,53,30,38,46,33,56,44,53,21,37,45,25,42,58,59,18,43,23
60,46,27,46,67,58,20,36,29,25,25,33,53,33,52,46,36,51,47,52,22,37,30,19,43,60,54,24,40,21
49,41,29,42,65,46,23,29,41,19,30,43,61,38,53,54,34,53,51,44,21,32,39,16,46,53,56,22,44,18
63,42,28,46,59,56,24,29,45,16,22,37,60,47,46,47,21,54,44,57,18,36,39,16,55,57,57,18,37,16
60,40,28,45,61,53,19,34,49,16,29,34,51,42,46,45,37,53,45,45,22,31,45,20,45,58,54,20,45,20
57,53,31,42,57,56,20,34,34,18,20,40,57,39,52,43,32,61,44,46,22,31,41,16,35,65,64,16,47,19
53,54,30,48,62,57,22,37,38,14,21,48,62,32,45,47,33,56,42,52,18,34,38,22,44,59,54,17,35,18
59,42,27,41,65,59,16,40,35,22,25,28,48,44,53,38,39,53,46,49,18,34,41,21,44,61,53,23,41,27
60,42,33,45,66,60,26,39,35,20,21,39,51,31,41,49,31,59,45,48,23,29,37,17,50,55,58,20,42,20
60,43,25,42,61,59,18,33,41,22,27,34,55,36,49,49,39,57,41,52,17,33,32,21,48,55,59,25,35,24
51,41,33,40,68,48,20,42,42,15,23,46,57,37,43,47,33,56,50,44,19,31,42,20,47,60,57,20,42,18
58,37,35,42,65,47,24,38,40,18,25,34,58,41,48,47,35,61,39,52,24,25,37,16,37,62,57,28,44,18
58,52,26,51,70,58,22,29,43,17,15,38,50,45,50,48,32,55,39,50,16,38,38,15,55,49,53,15,44,21
63,50,33,36,67,62,25,38,40,18,20,38,50,44,55,46,35,50,44,43,20,31,35,24,45,56,51,17,37,19
54,39,31,47,68,55,16,32,38,18,21,42,51,37,46,44,40,60,41,46,25,23,39,22,43,55,61,20,49,29
63,53,32,37,62,60,25,35,36,17,28,43,51,37,43,46,29,53,43,45,27,25,38,17,46,54,67,17,42,21
52,49,23,44,61,49,21,34,40,20,29,29,48,34,59,54,38,56,44,49,17,31,33,19,56,62,49,20,58,14
59,48,28,39,59,55,28,40,32,15,22,34,57,38,57,43,39,64,53,51,23,26,39,20,48,56,49,17,33,20
63,48,32,44,66,57,11,41,39,17,21,36,53,34,47,37,37,57,46,52,19,31,41,17,48,59,53,20,44,22
54,53,28,46,60,55,22,35,35,22,30,36,50,31,40,42,35,50,49,43,27,33,48,23,52,61,62,23,30,17
57,48,24,45,64,53,27,36,33,16,21,39,52,29,45,46,36,62,41,59,18,23,40,28,49,59,54,22,43,23
57,45,33,45,63,61,26,32,43,15,19,39,47,30,52,45,29,56,41,52,18,36,38,20,45,63,58,20,42,22
61,45,21,42,68,49,19,38,42,16,18,43,51,39,49,47,36,51,44,47,18,41,41,20,56,59,58,17,37,19
55,44,29,49,62,52,20,31,51,18,25,34,48,34,43,52,36,55,50,49,20,30,40,22,50,56,59,20,37,21
65,44,31,38,66,61,18,37,35,20,23,43,45,34,49,48,33,52,47,46,19,34,47,24,48,56,56,13,41,19
60,54,38,39,62,56,21,29,39,19,17,41,47,35,48,41,40,57,43,45,26,39,37,27,44,56,57,20,38,17
53,46,35,43,70,53,21,37,43,19,27,42,60,39,40,47,34,54,44,47,18,30,39,22,43,56,54,23,40,13
55,52,26,46,71,55,22,42,38,23,22,35,49,39,47,39,33,54,43,45,24,31,37,17,45,61,55,21,51,14
67,48,27,44,65,51,23,37,40,18,26,40,56,44,38,44,32,50,45,46,19,30,42,16,42,60,63,19,39,21
55,48,32,51,70,56,22,32,38,19,29,43,55,30,39,49,28,54,45,51,22,33,45,18,40,53,57,12,48,18
59,46,29,50,66,51,21,40,41,22,22,43,45,40,40,53,38,55,39,49,16,30,33,16,47,62,61,12,42,24
57,56,34,50,62,55,24,43,36,19,25,42,57,37,42,44,43,52,44,50,17,28,44,19,35,59,51,15,34,18
63,47,34,44,64,52,21,34,39,16,22,41,44,41,46,49,37,58,46,50,15,32,43,25,40,55,63,16,41,14
64,44,26,47,66,49,22,35,44,17,23,40,51,39,41,42,33,59,49,52,19,32,41,17,38,58,59,17,47,21
53,39,29,39,66,55,28,35,40,16,29,38,57,40,53,43,37,63,44,47,18,27,35,19,49,61,63,21,34,14
53,51,29,38,62,56,25,32,41,18,28,44,52,33,53,41,40,62,43,44,24,25,29,22,49,61,56,19,39,23
57,47,31,41,65,51,26,32,31,18,27,40,54,29,44,41,37,51,44,48,25,35,41,21,47,56,59,19,54,21
57,53,31,45,65,51,17,44,38,16,25,44,55,26,45,51,32,57,40,51,23,33,40,24,52,58,53,17,32,17
54,51,33,41,68,55,22,40,40,18,25,35,52,30,49,55,35,60,45,47,21,30,31,21,42,56,58,17,43,18
59,42,35,39,65,60,21,31,39,19,25,42,54,34,40,39,31,63,42,46,20,35,43,23,45,59,55,17,49,20
58,48,31,38,67,59,23,42,42,18,27,41,49,34,43,46,31,57,38,45,19,37,41,13,41,58,62,21,42,21
66,42,27,48,67,56,14,33,26,17,28,41,57,39,49,38,40,56,47,42,20,37,45,19,50,55,58,20,38,17
60,49,34,42,59,51,19,37,35,16,25,38,55,32,44,45,38,52,52,50,23,31,48,20,48,57,54,18,40,20
62,45,30,49,72,56,18,36,39,21,21,38,54,32,45,40,36,55,41,44,19,39,39,15,45,60,62,18,44,17
58,46,29,51,68,59,21,35,33,21,18,37,47,30,55,48,33,57,45,53,21,31,38,17,47,62,54,17,43,18
58,53,26,48,63,51,20,34,42,16,25,40,60,33,47,39,35,61,46,46,26,29,32,17,50,52,61,14,48,20
56,48,27,44,60,53,22,41,38,24,30,48,57,35,45,39,38,62,45,47,18,34,36,16,46,56,47,21,45,14
58,49,29,45,65,55,20,41,47,18,27,38,54,37,52,42,33,48,39,48,22,37,38,16,49,53,54,17,42,19
58,48,32,46,64,57,22,38,38,13,24,43,52,36,42,43,33,58,51,53,22,22,39,20,47,58,62,17,37,17
66,47,23,40,69,59,24,37,39,16,21,31,49,41,48,33,37,52,46,44,24,30,38,20,55,57,60,28,41,17
58,46,30,42,61,49,24,40,42,24,26,35,46,35,53,41,37,61,47,46,19,34,40,19,49,51,50,22,48,17
55,51,30,38,64,58,23,34,42,18,25,40,52,35,47,35,31,57,46,54,24,27,38,14,53,53,59,22,45,22
64,47,32,41,64,56,22,36,35,22,22,36,55,36,47,42,38,51,49,49,18,32,46,20,47,58,53,14,41,19
59,54,28,51,67,43,21,40,41,15,27,38,51,48,40,44,34,51,52,43,22,28,46,18,49,57,55,17,32,21
59,43,38,41,69,51,30,33,39,11,26,38,54,41,54,52,30,55,42,45,22,31,41,16,54,57,54,14,36,16
60,53,32,50,67,51,19,38,34,15,22,34,56,33,41,54,41,49,47,50,22,29,39,15,41,59,58,19,44,20
60,51,25,44,59,57,27,38,46,18,27,40,50,40,56,46,31,55,42,43,26,26,42,12,34,49,57,19,47,25
53,53,25,44,60,52,18,35,45,18,25,41,57,40,47,42,37,54,47,46,21,36,42,14,44,59,58,22,38,19
59,57,35,35,60,54,24,36,42,21,21,38,49,32,41,44,43,58,48,38,15,27,50,19,51,61,65,16,34,19
59,50,28,46,61,62,17,35,33,18,29,40,52,30,45,49,39,58,38,58,19,34,39,25,39,58,50,19,41,21
63,39,27,34,64,58,28,38,40,24,25,38,47,34,47,46,36,61,44,39,18,34,41,20,51,62,55,21,40,18
55,49,31,42,65,54,18,35,36,9,17,40,56,41,49,47,39,52,47,45,22,31,33,23,45,62,54,22,45,28
59,40,28,44,67,52,18,36,49,18,30,39,56,32,42,43,42,53,41,47,15,29,37,16,46,58,58,21,51,25
57,48,27,47,69,57,23,37,45,22,27,27,54,37,45,45,37,61,40,49,17,23,41,22,48,51,56,13,44,23
59,44,21,41,63,56,19,29,41,22,23,39,49,44,51,51,39,57,46,45,17,29,40,20,44,57,57,22,46,21
63,51,29,41,68,61,25,27,37,13,21,42,50,42,44,51,38,65,46,50,19,27,32,19,50,51,54,21,40,15
60,50,28,44,68,45,20,33,36,17,26,45,46,43,57,43,32,56,43,48,19,37,36,23,48,54,57,20,39,19
55,56,33,42,68,52,26,35,41,15,23,40,53,38,43,46,31,60,43,48,17,24,37,19,46,62,54,22,40,23
62,43,25,41,58,49,24,35,43,17,29,43,56,36,56,43,29,54,46,51,24,36,39,16,41,64,63,18,35,16
49,52,23,43,67,57,20,34,41,18,24,38,53,35,51,47,39,58,54,44,21,25,33,18,52,54,54,22,46,20
68,44,34,47,51,52,20,30,40,17,32,37,48,37,50,50,25,57,49,51,21,36,34,13,47,57,61,18,46,20
59,46,29,45,65,57,24,28,26,15,19,48,60,40,42,37,41,61,45,51,15,29,41,17,43,64,58,20,46,21
60,51,26,44,68,51,23,36,36,16,21,40,58,40,45,46,33,49,50,49,21,29,40,17,51,56,59,20,42,15
60,55,28,48,61,55,26,37,38,14,29,40,50,25,53,43,36,61,34,47,13,40,38,17,48,56,57,22,44,17
55,46,30,46,63,52,21,31,32,17,23,42,50,34,44,50,36,57,52,51,26,33,37,22,46,60,57,19,47,13
51,44,26,45,62,61,17,41,41,22,26,43,57,32,46,51,38,59,46,36,23,26,41,20,48,63,50,18,45,14
60,43,25,52,56,58,19,35,39,16,31,47,52,39,38,53,34,56,45,46,19,34,40,21,50,53,52,12,46,21
54,50,31,37,62,57,28,31,35,19,25,51,56,39,50,36,32,63,46,48,25,31,37,17,41,57,58,14,41,21
56,53,27,50,60,59,24,40,44,13,20,38,51,43,45,44,31,50,46,54,22,30,39,17,51,54,53,25,37,16
54,41,36,45,70,54,23,28,36,14,14,40,59,34,51,43,32,55,43,48,22,38,35,21,50,59,66,19,41,21
57,51,34,51,61,59,20,41,42,16,22,39,42,39,52,36,34,53,43,52,15,25,40,19,41,58,58,25,46,21
59,44,29,46,66,56,28,36,35,21,34,41,47,34,47,40,38,53,44,45,21,30,29,16,56,59,47,24,48,19
63,51,28,50,61,55,21,31,37,22,17,44,54,29,48,48,36,59,49,46,21,28,38,21,44,60,55,19,43,14
59,53,31,48,69,55,22,37,40,22,22,38,52,32,44,51,35,52,44,52,19,29,37,21,43,59,59,12,35,20
57,50,32,49,69,55,23,34,34,14,19,32,45,39,44,50,29,61,43,47,24,32,37,19,48,62,56,25,43,20
56,48,30,51,69,54,26,29,38,22,28,36,56,40,48,51,30,53,41,45,24,36,40,15,43,53,58,15,45,12
53,45,30,51,63,50,19,37,37,11,27,41,52,31,57,36,34,60,52,58,15,24,34,23,37,60,57,32,48,18
56,52,27,46,70,58,20,35,32,10,27,34,58,40,45,41,34,52,46,50,17,32,44,15,49,61,60,25,41,15
54,56,36,43,64,56,21,36,44,17,23,41,52,39,43,42,32,53,41,44,18,28,42,17,50,63,56,19,40,22
59,45,26,48,64,56,25,32,45,24,23,35,56,30,42,54,34,50,44,44,20,26,47,22,47,54,59,18,37,26
57,51,29,49,66,58,27,34,43,8,25,36,53,33,52,50,40,53,37,48,26,30,42,23,39,58,55,18,30,22
57,53,26,31,66,57,18,28,36,18,21,33,55,40,53,45,45,57,46,48,21,36,47,13,52,52,57,21,38,22
52,45,27,45,72,53,27,33,42,15,23,45,52,40,48,39,33,51,47,51,17,28,39,16,49,63,60,19,41,20
64,47,34,44,63,65,20,39,40,15,25,41,50,36,39,55,40,59,44,49,13,30,36,20,44,55,51,16,41,17
48,50,32,42,66,65,19,33,39,20,19,33,47,38,41,51,38,54,56,52,15,39,33,20,53,56,64,20,37,12
71,43,26,48,68,55,22,48,42,22,23,40,46,35,44,48,35,54,44,47,20,29,30,17,42,52,50,23,48,20
63,44,31,50,64,56,14,38,41,19,25,31,55,43,48,41,36,55,47,44,17,28,44,15,47,59,60,17,43,17
56,50,32,40,65,62,26,34,39,16,29,40,48,34,49,45,37,55,49,45,20,31,40,19,41,58,57,17,37,21
65,52,31,47,63,57,25,33,36,19,25,38,48,33,47,43,30,54,37,56,24,32,42,19,40,56,65,20,45,10
53,42,25,40,67,54,22,46,38,21,27,42,56,33,55,43,36,53,43,46,15,30,41,23,53,54,51,19,42,22
52,46,28,49,68,57,19,36,36,18,25,43,48,36,45,48,35,53,49,42,20,33,41,13,52,61,64,16,39,20
57,40,21,37,67,56,25,36,33,15,27,36,56,38,59,41,33,59,39,55,22,42,37,17,51,55,55,20,41,22
63,48,27,43,65,64,21,36,35,17,22,45,46,29,49,49,35,56,44,51,24,35,43,20,48,55,51,17,34,20
60,40,27,49,67,50,26,34,33,20,22,42,52,43,43,37,39,56,51,53,19,34,36,23,43,59,58,21,35,20
61,42,28,48,68,59,17,38,30,21,21,46,58,41,47,44,34,53,42,42,15,40,35,26,49,59,57,15,40,16
60,43,29,43,64,53,23,31,48,24,23,37,58,34,47,46,31,51,44,42,19,27,45,23,58,55,57,22,44,11
51,48,35,41,71,53,24,43,44,14,22,45,45,35,50,43,35,55,48,57,20,26,44,14,42,52,54,15,40,26
59,48,32,48,60,57,32,37,41,16,20,33,52,35,50,45,34,56,51,53,20,24,47,13,41,57,55,18,42,16
65,40,31,46,66,55,22,31,37,15,24,39,53,36,56,38,35,62,45,44,25,31,35,21,36,54,58,19,44,29
53,45,28,46,64,54,21,30,39,19,26,47,55,36,45,46,42,55,38,49,15,27,35,18,46,64,63,21,43,22
65,45,27,47,65,54,21,37,35,22,31,33,50,26,49,43,38,65,42,55,15,27,41,20,39,58,62,20,46,14
57,54,31,39,55,65,18,43,39,16,20,38,54,38,47,52,32,54,41,43,19,36,45,17,47,57,55,22,39,19
61,41,39,41,64,52,24,42,38,17,25,43,48,31,43,42,37,51,50,43,21,31,44,20,49,61,49,16,44,25
53,43,29,45,65,58,25,42,46,16,22,44,60,37,45,50,30,52,50,48,15,30,37,14,45,65,55,17,37,17
63,44,24,47,66,65,22,31,42,26,24,40,54,41,44,44,30,62,45,43,21,23,35,17,45,57,53,23,40,21
59,44,24,47,69,54,24,33,45,15,26,32,38,45,50,40,33,59,43,50,26,25,32,23,50,59,63,22,37,25
63,53,29,46,64,60,20,34,36,15,29,38,56,34,48,46,32,59,44,49,23,28,38,17,40,55,57,20,42,17
54,44,25,43,69,49,22,42,36,20,23,39,47,33,49,46,32,47,49,46,22,33,39,27,51,62,58,21,44,20
65,34,29,43,60,51,22,36,33,13,26,44,57,38,44,48,32,65,52,57,21,26,35,21,41,62,53,19,44,21
63,51,26,45,68,59,23,41,33,15,24,41,52,37,50,42,33,52,39,51,31,28,37,16,46,58,60,18,37,16
58,49,24,42,69,58,17,31,42,14,28,44,57,42,55,43,46,59,35,48,21,36,36,18,43,52,52,17,40,16
61,45,29,45,65,59,17,35,45,14,25,39,49,40,50,48,32,54,42,48,25,31,43,19,41,64,54,22,36,15
57,47,30,31,66,60,23,35,35,24,23,42,47,34,41,43,43,66,47,50,24,31,38,18,51,55,53,21,36,21
58,47,34,52,63,60,23,32,38,18,24,33,47,27,47,42,32,57,48,52,26,36,41,20,44,62,59,16,37,17
57,51,30,42,65,55,26,42,43,20,30,37,49,33,46,40,41,61,43,43,16,26,45,19,40,57,56,21,41,17
65,35,28,45,70,62,22,39,43,22,28,34,45,41,48,41,33,58,39,47,22,32,36,19,48,53,59,17,41,20
56,47,25,46,64,56,19,37,34,18,20,37,51,42,51,49,33,58,45,54,12,40,42,16,51,59,50,17,43,20
63,44,29,43,70,53,20,37,38,23,22,33,58,37,46,42,33,52,48,47,19,29,37,18,51,60,56,20,43,21
58,41,34,47,67,56,27,38,32,9,28,40,55,31,45,55,30,60,43,51,19,34,39,12,47,64,48,18,38,26
57,52,36,43,69,54,20,35,42,16,22,49,47,33,58,44,24,55,38,48,17,25,39,24,46,57,57,23,41,21
59,49,36,46,62,63,17,38,42,17,18,38,55,42,49,36,26,51,52,44,16,35,40,19,48,62,49,28,36,19
60,53,29,39,63,56,27,43,40,20,22,36,53,43,50,49,31,59,45,49,20,26,44,20,42,57,52,11,33,20
63,54,32,36,59,55,24,33,46,24,22,32,47,42,51,45,36,62,33,47,15,33,31,16,43,63,58,16,49,25
58,46,29,35,58,43,24,34,41,16,23,47,54,33,47,48,35,61,49,42,22,36,44,14,48,61,68,19,37,20
58,49,30,40,63,58,28,35,39,18,29,40,60,32,51,51,31,55,43,44,22,22,40,19,50,52,49,15,52,17
52,43,35,47,73,47,29,33,31,13,27,39,53,41,40,40,36,59,44,39,22,37,44,23,51,59,57,22,36,20
58,46,26,36,64,60,24,36,37,16,34,45,53,38,39,42,38,55,47,50,27,32,39,13,41,61,59,19,36,21
62,51,24,45,67,54,25,41,37,18,23,28,48,41,49,43,36,58,44,46,13,37,41,22,45,54,63,19,41,17
52,54,29,43,67,61,25,33,38,12,20,36,53,45,49,42,39,56,42,51,25,25,36,20,47,62,51,13,43,23
56,50,24,47,67,60,23,32,38,23,23,46,51,32,58,41,33,53,40,46,23,32,42,16,45,56,57,16,44,18
50,50,29,55,66,62,24,30,36,11,21,32,50,40,44,44,34,55,47,45,18,46,34,15,47,61,57,19,49,21
55,52,25,39,63,57,23,38,27,19,26,37,59,38,51,40,37,54,50,51,17,32,46,18,47,61,48,19,43,20
51,46,36,48,68,55,25,31,38,27,30,37,41,31,41,53,40,51,42,47,19,34,35,15,48,61,62,15,44,21
59,49,27,47,71,57,23,37,33,15,22,41,54,37,38,39,38,51,43,51,12,33,46,17,45,63,60,24,40,20
53,45,28,61,69,50,20,38,36,12,20,40,52,37,49,48,30,60,48,49,16,34,49,16,48,57,60,15,31,21
46,47,25,43,67,57,18,38,42,16,25,36,62,39,52,42,32,59,45,51,24,31,32,22,59,54,61,13,37,17
53,46,33,43,63,53,21,32,49,23,26,41,54,40,51,38,34,61,50,38,22,24,43,17,47,56,63,19,40,12
56,52,37,43,65,56,20,32,40,15,27,40,42,37,54,44,30,57,51,39,22,35,40,19,48,47,59,22,41,22
54,54,27,39,70,46,20,37,37,20,28,36,56,36,47,45,31,64,42,47,20,33,43,16,50,56,60,14,41,23
60,52,28,47,64,59,22,27,35,20,23,46,59,38,45,45,39,55,41,50,17,37,41,17,41,62,53,20,33,16
61,45,25,45,66,57,20,32,41,23,28,36,50,31,46,49,32,58,38,50,26,31,39,16,44,62,55,20,37,29
59,47,33,44,59,49,24,38,38,21,24,39,49,29,50,46,32,55,41,49,21,34,39,19,52,57,62,22,49,11
56,44,30,33,63,61,15,37,41,18,26,40,65,39,45,44,32,58,44,49,23,27,37,21,45,56,59,14,46,24
58,45,23,44,59,51,26,42,39,15,21,42,54,44,52,47,37,56,42,49,18,30,35,22,49,58,58,14,37,25
56,51,29,43,69,52,21,36,39,17,19,43,54,33,50,40,45,53,39,48,15,33,44,18,38,60,55,20,47,25
57,55,34,44,62,58,28,28,36,16,22,43,50,43,39,44,34,61,38,42,32,29,37,14,53,53,52,21,42,25
62,42,30,46,64,46,22,41,32,16,23,39,56,38,55,41,30,54,43,52,23,26,38,11,47,65,64,23,40,23
65,47,36,47,64,59,26,30,36,9,23,40,53,38,54,39,40,53,38,51,14,23,42,21,44,53,55,20,47,25
51,48,32,42,62,63,27,36,41,18,26,36,53,40,45,44,28,62,42,47,22,34,40,13,42,57,54,20,43,24
56,46,33,40,67,53,20,38,43,21,21,42,50,40,42,54,29,55,51,50,18,26,42,15,52,56,62,20,37,13
60,47,34,45,55,54,19,35,38,13,28,46,49,38,47,48,34,50,45,54,25,24,48,17,45,55,62,16,37,24
52,44,25,43,68,59,17,34,39,25,23,29,47,34,48,46,32,59,49,50,23,33,35,25,51,57,57,26,51,11
55,40,41,41,66,55,22,42,35,18,26,41,55,32,48,47,28,60,40,47,23,24,33,16,48,62,62,23,39,23
56,50,27,43,61,50,23,30,32,19,20,39,53,43,50,42,45,57,45,48,25,28,36,20,41,55,55,30,48,21
64,50,29,43,63,57,22,32,37,14,24,46,52,30,56,45,43,61,41,51,16,33,28,17,41,57,58,15,47,20
51,46,29,45,70,57,13,30,36,15,28,39,54,42,48,44,35,58,56,52,18,24,41,16,49,58,61,25,36,16
59,53,22,48,65,52,24,40,44,23,24,30,53,43,46,46,30,62,35,47,23,24,41,23,38,59,58,20,43,17
55,43,34,40,68,58,18,33,40,20,22,34,50,36,51,42,37,57,43,47,24,24,45,22,51,61,64,14,42,17
60,43,28,42,59,59,25,31,34,19,27,36,50,42,47,40,43,61,47,53,16,26,30,23,49,63,52,18,45,24
55,44,27,42,70,54,17,36,39,12,31,41,55,39,39,48,29,58,48,45,23,35,37,20,46,61,54,22,43,22
52,47,31,49,66,53,25,38,39,15,24,32,50,39,47,46,39,63,46,49,22,31,37,14,46,55,54,25,36,22
58,47,28,43,67,57,18,44,33,14,20,38,55,42,46,40,38,63,42,44,18,40,36,21,42,58,58,18,45,19
58,45,33,39,67,61,24,45,47,22,27,40,43,31,45,40,42,55,47,49,17,30,34,21,46,56,53,13,43,19
53,46,30,46,61,53,26,42,46,17,27,29,51,28,44,36,42,54,49,54,24,28,45,18,43,60,52,26,46,16
53,49,28,43,68,57,21,29,38,11,18,46,56,35,53,47,27,55,47,52,25,31,41,24,52,62,52,15,40,17
67,54,30,44,65,43,17,31,33,21,22,44,60,45,44,42,34,51,43,41,20,34,43,15,47,55,59,24,45,19
66,48,38,37,57,55,21,35,46,13,24,39,56,31,51,43,37,51,47,44,24,33,35,23,43,66,61,15,40,13
56,48,22,50,65,66,22,42,35,17,23,46,49,40,45,36,39,58,43,44,22,35,40,22,43,54,60,14,37,19
58,41,37,44,67,53,14,38,42,18,19,44,55,38,44,52,34,54,47,46,18,32,36,20,44,56,59,23,42,17
58,47,27,46,72,57,17,31,41,13,22,40,57,39,47,44,39,60,48,52,18,33,38,18,48,58,47,18,39,18
55,42,26,45,68,57,27,42,45,24,27,41,54,32,38,40,33,55,42,47,22,28,34,18,51,59,60,13,44,23
59,54,26,41,66,59,25,43,31,13,34,34,49,41,48,47,36,57,40,49,18,38,36,23,41,58,53,18,35,20
58,52,26,48,59,59,22,37,39,15,25,46,49,34,47,41,36,59,35,51,19,30,35,24,49,56,62,13,43,23
61,47,28,43,65,58,24,43,44,14,28,46,52,42,44,43,30,54,39,44,17,29,38,14,46,61,55,21,41,21
62,44,26,42,64,51,22,39,42,19,28,47,52,40,50,49,32,56,43,46,14,31,47,19,40,55,58,20,38,16
55,41,26,52,65,51,23,36,39,17,29,39,58,38,46,43,32,61,39,47,22,31,40,22,40,61,57,26,40,16
60,57,25,40,61,58,21,31,42,20,22,40,60,31,50,40,30,53,44,53,20,28,43,19,51,61,53,19,38,22
55,48,35,42,64,54,25,35,36,10,27,44,55,37,51,47,32,58,48,49,22,30,33,16,51,59,54,17,35,23
56,41,30,47,59,50,23,37,50,21,24,37,55,36,43,43,37,52,46,48,18,37,38,20,41,56,65,20,41,21
58,49,34,32,67,61,21,49,38,18,34,41,63,35,38,47,31,48,47,46,24,28,31,20,48,60,50,17,38,19
56,51,38,51,67,58,25,39,28,18,23,40,49,43,49,55,30,58,38,47,18,32,37,21,37,45,59,26,40,14
58,47,30,41,68,54,21,38,38,16,20,38,53,36,56,42,35,54,49,47,16,33,36,19,47,60,52,21,49,18
54,47,27,49,61,60,20,34,44,12,20,41,54,30,53,37,39,65,47,44,18,28,41,24,44,54,64,16,50,15
53,53,29,45,60,55,21,39,31,16,26,42,54,35,50,41,39,57,36,46,24,37,45,16,50,56,55,19,42,20
59,44,23,33,67,52,18,40,49,24,30,42,47,31,56,50,31,54,45,39,21,35,35,13,46,61,59,28,43,17
64,43,36,53,65,49,20,33,37,20,20,36,52,37,42,48,33,55,35,51,24,28,37,22,48,59,53,21,49,22
58,53,29,41,64,57,19,36,40,19,29,35,48,40,49,45,29,55,54,44,18,32,41,23,45,58,52,15,40,24
62,45,30,45,70,46,26,41,42,15,23,42,47,32,47,50,33,58,48,48,17,35,40,23,48,56,57,16,37,13
57,39,24,46,66,53,21,30,38,28,28,38,55,40,47,42,34,59,47,50,22,36,36,19,45,60,53,16,40,23
55,40,37,41,69,55,14,29,36,20,20,40,52,36,50,48,40,56,43,49,19,33,39,15,50,52,55,22,48,29
71,48,24,44,65,56,21,39,34,20,16,33,54,42,46,36,43,63,42,48,19,22,39,16,44,53,62,17,47,28
58,45,32,44,64,53,22,45,39,22,21,35,53,42,52,49,24,52,42,40,26,34,39,21,44,66,53,25,34,16
60,44,29,46,69,54,23,34,39,21,24,37,58,37,43,46,30,58,43,43,20,35,38,16,43,60,59,25,40,18
61,52,34,47,56,57,20,36,46,13,19,39,51,27,50,40,37,56,49,46,20,32,40,18,45,62,52,16,47,24
61,44,37,40,69,51,21,33,40,16,26,38,50,41,42,44,31,57,43,40,22,36,40,15,42,61,59,24,50,19
63,50,30,49,67,59,28,34,32,21,24,39,53,33,40,40,29,54,56,50,20,36,30,16,42,53,54,21,45,24
59,52,30,52,70,50,18,35,39,17,19,41,50,43,51,50,33,55,47,43,20,23,38,19,43,59,56,17,46,17
62,44,26,47,56,65,19,40,41,21,34,45,46,39,37,45,24,54,42,50,22,41,37,13,56,53,60,18,33,22
49,49,30,48,67,58,19,34,36,12,24,37,61,39,51,48,34,54,40,43,21,28,53,14,43,69,61,18,37,15
60,48,32,39,69,64,18,24,39,18,28,37,52,46,51,46,33,56,41,48,26,30,38,25,43,51,54,18,40,18
63,51,27,50,69,55,20,38,41,14,10,43,59,36,40,43,41,54,38,52,22,24,33,28,44,61,57,23,39,17
54,55,28,38,71,57,22,43,35,16,24,37,54,40,42,45,31,65,42,44,18,26,37,16,49,51,55,27,52,18
59,48,30,49,65,55,23,38,38,14,26,43,45,41,50,45,37,60,47,47,18,28,36,18,42,63,62,16,35,14
57,39,31,44,69,58,17,36,39,20,26,44,59,36,47,48,34,53,49,50,21,31,45,18,45,58,53,16,36,13
66,47,30,42,63,48,23,37,32,22,21,46,58,38,38,42,36,63,51,47,24,32,39,15,45,57,52,15,43,20
55,43,32,50,60,55,22,35,34,18,20,41,61,38,49,38,33,62,46,51,21,31,32,20,53,56,60,17,41,18
59,47,33,38,63,57,33,38,38,19,20,39,53,30,49,44,35,53,40,55,15,33,43,18,53,50,61,20,38,18
59,51,26,44,62,53,22,39,44,21,22,46,52,36,43,43,31,53,48,47,16,32,49,21,46,60,48,13,43,22
62,46,30,47,68,54,30,34,37,21,26,28,49,37,45,44,25,56,46,47,15,31,38,20,46,62,53,20,45,30
58,53,31,40,66,54,19,30,43,21,24,41,54,39,47,45,30,57,41,45,21,19,48,22,50,49,58,21,37,29
52,43,29,40,68,55,27,38,43,19,18,43,48,34,46,43,33,59,38,45,21,37,39,14,50,65,59,21,44,21
60,50,34,46,68,56,22,33,42,21,22,39,52,34,42,39,36,53,45,41,21,27,35,22,47,64,53,19,52,17
55,47,30,42,64,54,12,33,32,19,33,35,57,39,46,43,32,53,51,49,26,30,40,14,45,59,65,19,48,20
57,39,31,41,68,56,18,34,34,17,21,46,48,33,50,40,37,56,47,53,23,36,43,18,46,59,63,20,37,21
57,46,26,37,62,60,25,31,41,15,22,41,49,36,51,46,33,58,37,52,20,36,39,20,52,67,57,15,41,20
62,52,29,46,61,62,27,36,42,13,26,39,58,35,45,40,35,57,37,49,14,38,40,18,43,62,51,25,37,13
60,49,25,53,62,62,22,32,35,14,28,43,56,35,54,35,36,58,44,46,16,29,49,17,39,56,52,24,38,23
62,51,27,47,69,44,14,40,37,15,22,35,63,41,54,49,31,61,44,37,18,30,37,19,49,56,57,15,44,24
54,49,37,40,69,54,22,36,40,15,29,35,46,39,38,46,36,56,40,54,23,35,36,20,47,62,54,18,41,21
54,49,29,44,65,52,26,40,44,17,27,41,60,33,44,38,33,59,36,51,20,32,44,9,42,58,57,23,39,26
56,47,26,48,70,62,21,37,45,13,24,43,54,32,41,43,34,55,42,52,21,29,37,19,50,58,55,19,43,16
60,49,39,46,67,56,18,37,43,25,22,40,49,35,43,53,38,52,40,54,12,30,38,11,42,57,57,18,40,21
55,44,25,52,67,59,18,40,41,16,23,37,57,39,46,48,30,55,50,48,20,23,40,11,50,64,59,17,42,16
60,36,35,42,68,59,23,39,38,9,23,42,58,35,54,38,33,49,43,51,18,32,40,16,49,58,58,21,40,25
55,44,30,53,67,55,14,32,45,20,26,42,50,44,57,44,26,53,43,46,16,25,31,19,44,59,57,26,42,27
53,50,29,47,65,56,22,30,32,15,24,40,54,40,56,45,37,57,47,43,18,38,33,22,47,59,58,13,44,18
53,48,31,48,65,59,23,22,40,19,27,40,57,48,54,48,29,56,36,51,14,34,38,16,47,57,58,21,38,15
64,49,27,42,65,55,18,34,39,19,25,30,55,31,48,46,39,56,49,51,16,34,34,24,48,60,56,12,44,22
59,49,24,42,70,60,18,31,39,17,32,43,50,48,56,40,28,54,40,44,19,27,39,17,49,67,53,16,38,23
59,47,34,40,63,50,20,40,41,21,26,38,52,26,46,45,40,58,42,49,20,28,42,21,46,60,61,15,40,22
62,48,33,47,67,54,22,24,36,15,24,44,55,38,42,50,25,59,48,45,22,29,36,13,50,62,54,20,49,19
60,54,37,53,67,52,24,40,33,16,25,35,54,33,49,44,30,47,44,46,21,30,44,23,43,62,56,18,35,17
62,44,29,37,68,57,23,44,36,15,26,44,52,34,49,44,34,51,42,47,21,27,41,15,55,54,53,24,43,21
60,44,33,44,64,57,21,37,41,17,26,36,53,38,52,50,40,56,30,43,22,28,40,19,54,55,62,13,42,15
61,46,33,56,65,51,22,39,35,18,23,36,55,30,50,43,26,56,40,47,18,29,47,23,48,65,49,19,43,19
53,58,32,47,63,57,22,38,38,16,21,34,49,40,51,43,32,60,36,52,26,23,44,19,40,62,59,21,39,17
58,52,26,44,68,54,18,37,43,22,25,32,57,32,41,44,35,60,49,50,18,27,47,18,39,61,52,19,44,20
63,37,23,42,63,54,20,38,40,16,24,33,55,30,46,52,34,52,48,50,19,33,43,24,50,56,61,21,45,20
57,54,33,48,65,57,24,34,41,15,30,40,48,45,42,48,35,55,38,41,15,31,38,16,48,57,52,26,41,18
54,48,28,39,59,60,24,30,34,22,27,38,47,40,48,51,34,59,47,60,19,31,35,18,44,56,57,18,47,18
52,42,30,52,65,50,21,35,39,14,27,40,57,33,51,52,28,59,46,45,14,30,39,17,46,58,56,22,51,21
57,48,39,46,67,56,18,34,31,19,25,42,53,37,41,53,31,59,40,49,17,26,30,19,51,57,59,16,54,18
57,48,27,35,65,60,24,39,45,18,25,37,60,35,49,42,31,49,46,52,23,28,34,22,55,61,52,15,39,19
57,45,31,50,60,49,19,37,40,16,36,41,57,36,39,44,26,62,46,56,22,25,38,22,46,48,56,23,37,28
54,54,30,51,71,61,22,33,33,17,20,32,55,41,45,47,28,57,42,47,20,27,41,14,39,57,59,21,47,27
54,42,35,46,65,56,25,32,34,17,25,36,52,37,46,48,40,49,48,42,19,36,37,26,49,56,59,18,39,24
52,48,24,45,60,55,19,33,36,20,26,47,55,43,51,43,29,57,49,53,20,37,37,17,45,60,53,17,42,19
56,39,21,45,59,52,21,40,41,15,25,33,53,43,50,50,41,58,42,44,20,28,36,17,57,62,59,21,40,24
61,48,30,44,65,53,25,35,33,23,33,33,57,35,45,53,29,50,53,49,24,26,40,14,48,57,56,15,40,18
59,40,31,45,68,54,23,40,42,20,29,36,44,24,51,43,24,58,46,50,22,30,41,23,46,63,57,15,46,22
57,39,28,53,76,56,15,38,42,18,37,45,49,35,51,40,29,55,45,50,26,27,40,19,43,52,54,19,35,19
55,50,30,44,70,57,22,34,39,20,28,37,51,29,40,48,40,57,51,47,17,27,31,22,47,57,57,22,49,14
65,45,26,49,66,54,25,40,36,20,19,40,54,35,49,38,35,58,44,52,18,25,41,17,45,53,61,20,36,26
57,52,26,51,70,53,20,35,38,19,28,43,48,39,46,39,31,59,46,53,19,34,39,15,51,56,50,18,42,15
64,49,31,41,61,54,14,31,50,22,26,40,53,34,51,42,36,56,49,45,16,30,44,19,44,63,52,15,37,23
59,51,28,50,63,58,28,35,41,10,27,33,46,35,53,46,37,60,41,45,23,37,36,12,43,58,51,17,45,24
61,48,33,45,68,50,20,36,40,12,20,44,53,33,47,42,34,57,44,44,21,32,45,18,51,60,60,18,38,18
54,45,29,42,59,56,19,43,36,18,32,48,45,42,45,48,41,59,41,55,20,34,35,14,40,55,55,21,43,18
65,60,35,44,63,57,20,39,35,22,21,39,49,27,53,51,31,50,41,48,18,26,40,17,50,61,50,17,41,22
57,43,31,45,64,55,25,32,43,21,22,39,49,37,43,51,33,57,45,49,25,27,40,15,51,61,51,21,37,23
51,51,28,47,67,58,18,40,35,21,21,39,55,35,43,53,38,56,49,47,21,24,37,19,39,59,60,19,41,21
66,45,34,42,63,52,33,41,39,23,28,42,45,38,32,43,34,54,43,51,19,28,38,25,39,63,55,25,38,14
59,48,31,38,62,56,23,39,37,17,24,37,56,36,60,49,38,50,40,50,21,33,37,22,45,59,54,15,43,13
53,44,30,49,72,56,21,32,42,17,24,35,55,26,50,37,40,52,44,52,21,33,45,18,51,57,55,17,42,22
56,48,28,47,65,60,25,28,47,17,26,44,55,37,37,43,21,55,43,53,19,31,40,20,49,60,55,19,42,22
58,51,30,44,58,52,19,39,37,18,21,42,53,40,47,48,38,54,50,47,24,31,39,14,51,60,57,15,37,18
56,56,24,44,60,54,19,39,36,14,31,40,53,32,48,46,34,57,38,49,17,35,43,20,43,52,56,21,50,25
60,47,31,42,68,56,25,41,34,16,27,28,48,28,53,44,32,50,49,48,19,27,44,21,50,60,60,18,43,23
62,42,32,44,63,55,23,31,38,23,29,46,53,42,47,42,33,58,43,46,20,31,43,17,48,58,47,18,39,19
48,46,28,43,62,57,28,43,36,16,25,45,54,40,51,51,28,55,37,48,24,26,39,22,48,53,56,25,43,15
57,54,38,44,62,59,29,38,36,15,32,41,51,34,42,39,31,63,45,47,24,30,42,19,44,53,46,20,42,15
51,49,31,49,70,59,19,37,36,15,24,35,45,38,49,44,37,58,43,50,18,34,40,19,47,59,59,15,41,21
58,43,27,43,66,54,21,40,33,14,32,40,52,39,42,49,44,58,35,44,19,37,37,17,52,60,58,25,33,20
54,42,33,48,71,54,22,29,36,14,24,30,53,37,43,43,34,56,41,53,24,33,40,24,46,63,56,18,45,26
65,50,28,38,70,59,22,36,43,20,23,35,47,32,40,50,31,56,51,49,15,25,43,23,46,54,62,20,44,15
58,55,33,43,65,50,21,38,46,17,31,38,48,36,42,45,31,56,43,53,24,23,41,15,44,56,58,21,42,19
55,42,32,47,63,57,29,41,38,16,21,39,59,37,50,43,41,57,44,36,16,34,37,18,51,55,55,16,42,21
54,49,30,50,68,52,22,40,46,16,23,38,54,35,48,47,37,55,42,47,22,29,43,18,41,53,57,17,34,25
54,37,28,43,66,57,24,40,38,18,18,39,54,34,55,47,34,57,38,48,27,35,33,20,46,60,64,19,44,15
59,45,33,51,70,57,19,31,38,18,23,46,47,32,44,44,35,59,42,44,17,30,41,18,50,55,56,26,48,14
51,46,31,46,65,52,15,35,38,21,27,43,55,42,50,42,34,52,43,49,25,26,35,20,44,61,59,25,39,21
58,49,30,53,61,58,27,33,42,20,31,37,57,24,45,50,37,54,45,46,13,31,39,20,51,56,55,17,35,18
53,46,27,45,69,59,17,38,38,15,25,39,52,33,45,40,33,53,50,57,19,32,37,22,46,62,56,17,47,20
53,48,25,41,68,52,21,44,36,24,23,29,52,36,49,45,35,57,43,46,22,29,37,26,42,58,61,26,46,18
62,41,31,40,62,55,18,37,39,22,22,40,57,30,49,43,32,55,41,52,25,28,46,19,45,60,58,18,40,25
60,46,25,44,62,52,22,31,36,15,24,36,51,31,51,55,40,61,43,48,17,25,39,23,45,58,61,21,48,22
54,45,27,50,66,51,28,31,39,19,30,36,55,35,43,41,40,58,42,49,21,24,36,17,47,60,60,23,51,14
55,40,28,42,65,64,23,37,40,18,24,35,60,39,48,36,38,57,40,58,20,33,34,21,41,66,53,16,40,21
61,58,25,44,60,55,21,38,31,15,16,48,49,36,45,39,43,55,46,56,22,31,39,16,41,54,58,25,43,22
63,46,27,50,67,56,33,37,39,19,16,37,49,40,45,42,29,54,49,56,21,29,25,15,41,59,62,25,39,22
61,49,22,45,59,49,18,37,41,18,27,47,56,45,39,44,42,55,45,50,16,31,36,25,42,57,56,13,43,24
56,48,27,40,68,56,23,44,37,21,24,32,54,39,46,52,42,57,44,52,12,21,40,21,50,53,51,22,35,25
56,50,29,41,61,60,22,27,36,15,28,41,58,41,51,45,43,53,52,45,18,37,33,15,46,59,48,24,40,18
59,52,35,46,59,61,22,34,27,22,25,40,58,45,46,53,33,51,39,44,25,28,33,20,45,55,50,14,49,22
61,45,25,36,70,57,20,31,34,20,29,31,59,42,45,48,33,56,43,49,24,34,35,14,48,63,59,20,43,18
57,47,30,40,59,56,25,40,41,22,22,34,49,35,47,51,37,59,46,50,18,28,38,18,41,54,54,19,50,25
59,42,32,39,60,54,22,37,42,14,23,38,51,37,61,45,34,55,37,46,22,34,35,25,48,61,54,26,39,20
59,42,27,47,65,50,22,40,36,25,29,35,56,36,44,36,37,53,44,49,22,31,41,18,49,60,59,20,41,19
55,48,30,43,67,52,33,31,35,14,26,41,50,36,50,43,35,58,38,50,21,24,44,22,48,61,57,15,47,18
63,44,33,45,68,56,19,36,32,17,22,40,48,34,47,43,34,57,42,49,19,33,43,16,57,61,48,20,44,22
56,40,25,46,64,56,24,34,45,19,25,37,53,35,40,38,35,59,44,40,21,35,47,23,51,52,53,21,49,25
60,41,39,43,67,50,25,32,31,19,23,46,62,37,40,42,28,59,47,50,22,34,36,18,49,50,56,23,42,21
61,55,34,44,69,50,19,30,45,17,25,30,52,27,44,40,35,57,44,53,26,25,38,25,56,55,56,17,44,19
55,47,24,43,63,61,22,26,35,18,24,39,50,36,47,45,42,59,46,55,18,31,36,23,52,63,57,19,39,17
59,46,30,56,63,53,19,38,32,18,17,42,54,40,52,49,31,62,37,52,17,32,42,14,44,52,52,23,45,21
62,45,23,49,71,49,22,32,36,17,23,33,47,42,49,45,34,63,43,53,20,32,44,17,49,52,58,25,36,21
60,37,32,44,63,56,34,36,32,19,22,43,55,29,50,41,39,52,42,48,23,37,43,13,46,49,56,18,58,15
56,35,30,46,59,51,18,40,43,17,30,40,57,41,46,43,34,57,46,46,26,25,44,17,52,60,55,21,40,17
66,45,29,50,62,57,14,39,35,21,31,36,54,37,43,35,37,58,51,45,23,28,40,18,48,56,56,24,37,17
52,53,29,51,65,55,30,34,39,20,23,40,54,37,42,44,34,47,42,49,25,31,34,22,39,60,59,17,42,23
56,46,29,39,69,64,23,36,36,21,31,33,53,37,43,45,34,59,48,49,16,32,35,18,49,55,49,19,48,20
60,42,25,47,65,59,19,43,43,20,23,41,48,33,45,48,41,58,42,51,17,26,38,25,42,57,53,20,40,21
55,47,33,44,65,64,21,31,35,20,27,40,50,43,43,45,40,55,47,45,19,26,36,23,41,59,58,20,42,18
49,46,34,45,67,56,28,38,42,22,20,34,51,34,48,42,36,52,41,52,16,26,43,19,50,57,57,23,41,23
57,40,31,39,70,47,21,37,40,20,27,41,52,47,33,49,39,58,41,47,23,33,41,17,40,63,60,15,47,17
55,50,21,41,65,52,26,37,41,19,19,40,49,42,50,46,42,52,46,50,23,35,38,21,48,58,58,15,36,17
63,47,20,38,62,53,20,37,41,19,21,44,54,43,48,51,30,53,46,46,25,28,30,20,50,60,54,24,50,15
64,51,29,48,67,56,25,41,34,18,28,32,53,35,40,46,36,55,44,47,20,39,33,15,41,57,57,24,42,15
59,43,26,49,61,56,17,35,31,19,28,41,54,32,52,52,34,57,46,55,16,27,40,19,47,55,60,21,38,22
60,58,25,47,63,53,28,30,36,18,24,28,48,38,42,48,35,54,47,42,26,30,45,18,45,63,54,21,47,19
60,44,29,47,66,50,24,25,43,14,26,48,51,38,50,54,34,56,42,44,24,25,34,21,49,51,60,24,35,24
51,44,26,50,63,57,18,36,40,16,22,38,60,30,48,45,31,57,55,49,19,34,40,18,44,53,57,18,52,21
60,47,28,44,66,61,22,37,37,16,20,29,47,35,46,40,35,66,44,46,26,36,36,22,52,56,55,26,41,16
57,52,23,42,65,60,22,37,37,22,22,38,50,32,51,52,36,51,44,44,18,30,43,24,47,54,58,17,40,24
59,46,24,42,67,62,19,35,39,15,20,38,56,33,54,52,30,60,42,46,21,30,46,17,41,61,53,18,41,25
60,49,28,43,68,55,22,32,35,19,21,43,44,41,46,40,36,56,44,46,31,31,40,20,45,55,63,19,42,18
61,44,28,42,63,59,20,40,53,16,18,47,53,32,45,37,38,57,44,51,21,38,42,13,48,57,52,15,33,25
64,49,32,45,74,50,17,41,39,17,21,47,56,46,47,43,33,48,34,47,20,21,47,16,42,55,56,20,44,21
53,39,30,42,62,48,26,38,37,22,27,32,54,34,53,46,43,62,46,45,16,31,40,21,43,61,62,15,41,23
53,45,29,46,62,51,24,35,40,19,29,36,58,40,42,42,39,60,37,48,22,33,39,18,51,57,56,19,45,17
54,42,27,46,65,54,24,39,41,12,24,46,49,36,46,50,30,61,45,44,19,36,43,16,47,56,55,23,40,22
55,46,26,42,70,56,27,37,37,24,23,40,54,46,41,44,37,55,49,39,19,21,44,21,40,58,52,17,45,27
61,51,19,41,68,64,22,45,42,11,22,46,47,42,47,43,34,57,47,43,26,30,36,20,50,49,53,18,43,15
58,45,33,43,66,55,23,37,38,20,29,42,55,34,49,49,31,59,46,51,18,34,36,19,40,53,55,20,37,17
53,41,34,44,65,53,22,31,43,16,24,37,58,42,47,36,36,58,46,44,21,33,33,18,55,60,53,17,50,22
56,51,27,42,60,54,21,45,39,16,24,35,48,34,46,45,41,59,43,56,20,28,40,20,52,58,58,18,41,15
59,51,26,37,59,55,21,40,36,16,34,43,52,38,51,42,39,59,38,52,23,33,41,18,42,62,50,19,43,13
58,40,22,47,63,58,27,36,44,18,30,40,55,36,50,45,32,60,45,51,22,26,38,17,39,56,57,25,37,18
65,46,29,48,64,58,21,38,40,19,24,37,48,33,43,52,29,56,48,54,18,27,40,14,44,58,52,24,43,20
65,43,26,48,65,49,19,34,33,21,30,43,57,28,51,49,33,54,45,57,20,28,36,17,46,58,58,20,38,21
57,41,34,48,58,57,21,45,41,14,27,44,56,41,50,46,32,47,47,47,21,32,33,11,41,59,60,23,42,17
61,54,29,47,72,54,19,34,45,12,24,37,53,41,45,43,31,57,43,44,18,26,35,24,45,66,53,21,44,15
61,50,28,45,59,51,28,39,41,18,30,37,57,37,44,49,30,62,46,41,17,32,45,12,49,54,56,18,39,17
62,39,29,48,62,59,27,34,41,18,23,40,51,33,45,44,37,54,50,47,19,35,32,24,47,55,55,14,44,24
57,48,29,47,61,56,28,40,40,24,25,30,50,33,40,51,31,46,45,46,17,25,33,26,45,68,62,22,45,22
57,45,30,45,58,52,19,34,43,17,23,43,47,39,46,43,34,53,46,52,20,31,37,22,48,64,60,21,43,20
60,41,27,47,68,55,24,36,29,18,34,33,57,33,49,44,37,58,37,45,21,30,41,26,49,63,56,17,40,17
57,46,32,57,70,58,23,34,29,19,23,43,50,32,46,48,37,55,46,45,17,30,41,17,44,59,57,19,37,21
59,46,34,36,63,56,24,36,40,27,21,45,53,38,45,46,31,60,44,49,18,29,32,17,57,58,53,16,41,18
58,50,28,45,65,52,21,37,36,18,30,36,57,40,48,37,35,63,49,43,20,35,42,18,42,55,60,16,39,17
61,49,32,39,69,52,16,33,42,19,34,40,53,42,43,38,32,54,47,50,18,25,34,21,47,61,56,19,48,18
52,50,37,45,68,50,25,36,44,16,25,39,49,34,52,49,37,47,39,58,19,29,42,21,37,59,53,18,43,19
57,48,27,40,65,61,18,37,37,21,21,34,55,34,54,53,39,59,42,47,20,35,41,24,42,55,56,18,40,12
60,45,25,43,71,60,18,39,30,13,24,31,48,38,43,46,42,62,42,50,24,36,38,17,49,56,59,16,43,24
58,47,34,45,61,61,22,28,44,24,25,42,59,38,44,43,23,51,43,49,19,38,43,18,44,57,57,20,33,22
61,40,25,33,66,53,23,28,41,17,25,39,55,39,55,47,39,59,43,53,22,31,40,16,35,63,60,20,40,24
59,48,29,45,67,52,23,38,38,14,28,39,57,29,45,51,36,56,39,51,20,19,47,15,46,62,60,18,40,21
46,36,30,39,59,55,23,47,42,21,25,37,52,39,54,43,29,57,47,52,30,28,44,19,45,57,52,20,46,18
56,42,34,47,60,59,24,41,40,23,27,33,53,36,51,43,29,52,48,48,16,34,39,27,46,53,61,15,39,16
56,45,32,46,65,62,19,31,40,15,23,36,56,35,48,48,31,62,45,46,16,29,42,16,43,63,61,17,41,23
56,48,37,48,63,57,24,29,41,21,25,35,50,30,44,49,37,56,41,55,18,30,46,19,51,60,53,20,34,15
63,50,27,45,68,50,24,35,40,19,23,45,55,40,42,44,27,50,37,52,25,31,36,21,44,56,61,19,44,19
55,47,34,47,65,51,22,35,43,12,27,35,50,36,53,51,31,61,44,43,20,23,41,18,50,56,59,18,40,25
61,40,23,40,67,50,22,34,50,19,21,38,57,40,50,51,40,45,47,43,23,33,43,25,46,59,51,19,37,18
57,49,31,42,70,63,14,33,35,18,31,36,50,30,47,49,41,57,46,48,21,30,38,21,37,63,57,21,43,14
52,50,30,47,62,63,26,30,35,16,30,33,55,38,45,40,33,56,43,52,17,41,36,17,46,53,59,16,50,21
52,48,20,45,66,52,21,38,40,23,20,42,55,33,49,46,36,53,44,52,23,31,37,22,47,57,63,16,40,21
58,46,38,48,65,59,25,35,43,15,25,39,51,30,47,49,31,60,41,47,13,26,40,14,54,52,61,17,47,16
57,50,32,44,65,55,30,33,43,14,29,39,54,39,40,46,27,56,51,49,27,33,41,14,42,57,56,22,37,10
57,50,26,43,65,57,17,43,40,14,24,38,50,34,47,47,36,62,51,51,12,29,49,18,42,55,54,16,43,22
58,39,32,42,67,59,24,33,35,20,22,39,54,26,43,47,37,53,45,53,21,26,38,18,50,58,60,20,47,26
59,49,28,45,66,50,20,38,34,23,22,42,47,36,55,42,40,53,37,50,21,29,38,17,40,62,61,22,45,21
58,50,35,44,71,53,24,34,31,21,18,46,50,33,46,54,37,58,49,44,17,35,40,18,41,58,52,14,39,22
54,48,27,47,72,47,26,43,45,16,27,42,48,34,53,42,32,55,48,47,11,27,39,15,47,60,62,18,43,17
65,51,29,48,68,60,26,39,40,13,26,33,48,28,52,48,40,55,44,47,14,27,40,22,44,60,51,17,33,24
54,49,38,46,66,56,26,34,41,14,24,38,50,39,43,46,32,56,40,54,21,28,33,20,45,65,58,17,38,21
62,52,31,41,66,55,20,38,44,22,23,25,45,37,48,49,32,61,45,49,19,29,36,12,51,62,57,20,45,16
54,44,28,42,65,53,21,36,42,12,27,32,56,40,43,39,40,61,36,45,21,35,40,19,49,62,60,25,44,21
65,49,35,35,66,52,26,34,43,11,26,43,51,28,51,43,37,51,41,47,23,32,42,13,43,56,61,19,45,24
60,50,30,42,70,52,29,35,34,19,25,42,44,31,53,37,30,60,42,48,26,27,35,15,49,62,59,21,47,18
54,43,28,49,67,57,25,40,39,25,18,35,51,39,56,44,32,56,43,44,21,28,38,20,48,62,53,21,41,15
64,49,27,48,62,53,21,38,44,17,30,38,56,32,47,55,26,47,47,51,20,30,33,17,51,62,61,14,34,18
55,50,35,40,64,57,24,33,38,13,29,38,58,31,48,47,37,56,40,55,23,36,41,22,46,55,51,17,34,19
58,46,28,46,66,54,21,34,30,17,25,33,61,34,53,46,40,57,44,48,17,35,38,19,46,52,67,21,45,11
56,44,29,48,64,54,22,35,39,15,26,39,50,39,56,39,36,54,56,40,22,34,42,23,44,57,51,16,44,18
58,46,31,38,72,56,20,45,33,21,20,46,49,36,57,44,31,58,40,54,22,31,48,10,48,51,52,17,37,21
58,50,27,40,62,49,19,30,37,19,27,46,55,29,56,35,36,66,40,50,17,35,38,18,49,61,59,19,44,21
60,52,35,36,60,53,18,39,35,22,33,43,58,34,47,40,30,55,45,51,18,21,46,20,49,60,53,21,38,20
57,44,27,41,65,59,21,29,43,23,23,37,50,40,55,42,34,58,44,38,20,28,38,17,51,57,63,13,47,28
62,43,32,55,67,45,23,33,40,20,20,37,48,38,44,40,30,63,48,54,15,31,45,19,43,57,62,18,43,17
54,47,31,47,65,51,25,31,45,17,21,45,51,40,41,37,27,59,41,49,25,35,51,19,45,57,57,17,44,18
57,55,32,44,62,57,21,39,32,13,27,43,53,38,46,51,30,53,35,49,23,30,51,14,43,52,57,20,48,17
53,52,35,42,64,49,25,37,35,25,21,43,53,42,49,47,28,53,37,48,19,30,33,28,50,62,56,19,42,15
48,48,31,44,60,63,21,40,38,20,29,39,54,37,42,43,34,60,43,45,21,33,35,21,50,59,59,18,42,15
64,49,34,44,63,55,25,43,36,17,19,39,48,34,46,44,41,55,40,47,14,28,42,16,49,58,62,19,45,16
60,44,25,41,61,59,34,32,39,17,26,42,50,37,41,46,33,61,44,46,22,38,43,15,47,55,57,16,36,25
53,56,31,46,66,54,29,30,30,14,20,37,47,37,43,53,31,60,49,46,25,34,46,18,42,54,59,19,43,20
60,43,31,43,64,58,25,34,33,18,29,41,48,33,52,50,33,50,47,53,20,35,35,19,47,61,56,15,41,18
62,44,32,48,60,56,23,31,38,18,28,33,48,40,50,45,29,57,42,47,22,38,42,12,39,58,57,18,45,30
54,50,30,44,57,58,19,34,38,28,28,37,54,44,48,38,29,57,42,52,27,29,33,23,51,64,54,18,37,15
57,45,21,45,67,51,27,38,39,17,31,38,57,37,53,50,33,54,48,46,23,42,36,20,40,50,51,18,47,11
57,50,33,43,63,51,29,35,41,16,23,43,55,39,51,47,32,59,42,44,15,31,37,14,39,60,53,20,51,19
60,50,30,39,66,55,24,37,35,17,26,41,47,31,52,51,40,53,45,47,26,27,37,21,48,58,55,22,36,16
54,47,28,44,65,52,23,34,40,12,32,37,53,29,45,52,31,63,40,51,20,40,39,13,49,63,56,16,44,20
56,43,26,43,61,54,17,31,40,18,23,44,53,37,47,42,35,53,50,50,18,26,43,23,47,60,62,18,48,24
60,48,31,44,66,53,26,31,33,15,27,35,49,36,49,41,39,58,49,43,23,31,43,17,42,65,47,23,46,22
53,46,34,40,63,56,16,34,34,19,23,48,53,45,50,42,34,58,50,53,15,33,37,19,49,58,55,20,37,18
59,43,33,44,67,54,19,40,34,19,24,36,55,30,47,54,34,59,54,42,18,31,37,25,34,61,62,22,39,16
69,47,28,51,66,53,24,37,40,19,23,35,51,35,49,47,27,61,38,54,18,34,33,16,39,60,58,20,41,19
63,55,30,49,72,51,21,38,36,15,27,38,49,34,43,49,41,54,43,49,19,26,41,25,42,57,53,15,40,17
67,48,24,38,62,57,20,36,39,18,26,37,62,44,54,49,30,54,49,40,21,34,37,24,38,51,53,17,40,23
52,55,31,41,66,49,19,36,42,13,15,44,55,35,49,45,35,56,48,48,23,38,43,16,48,51,54,20,46,19
61,50,27,37,62,47,25,34,39,20,28,33,56,36,45,48,40,62,41,56,20,29,36,21,48,53,58,18,42,20
63,55,28,44,62,61,17,36,43,14,22,39,50,37,46,37,36,63,33,45,25,29,40,17,43,60,55,15,45,32
57,51,31,49,67,52,21,43,33,18,27,41,55,34,54,37,35,55,42,45,14,32,47,16,40,62,56,16,45,17
65,45,34,46,64,58,26,32,42,18,26,38,54,42,47,39,30,54,53,38,25,23,33,21,42,56,59,15,45,22
57,43,38,43,60,50,14,40,34,19,21,28,48,39,53,44,41,59,43,49,24,25,41,22,46,54,64,17,46,30
54,45,27,39,63,64,23,37,40,17,18,34,52,47,48,41,36,60,46,54,15,33,37,24,43,53,57,17,46,22
56,44,31,40,60,49,23,33,43,19,21,43,52,33,52,48,42,57,46,50,18,32,39,25,44,60,60,15,35,22
59,45,26,48,60,62,31,30,45,17,22,36,60,37,50,49,33,59,45,49,23,31,44,13,47,61,44,17,34,15
49,46,31,46,65,60,18,42,37,17,24,42,57,32,51,39,36,58,47,50,21,27,33,17,47,57,62,19,41,21
66,52,32,47,68,54,26,36,37,18,29,40,55,33,42,46,21,50,45,52,23,32,37,13,50,60,57,20,29,22
59,41,17,47,63,57,19,27,40,22,25,43,51,38,48,53,35,53,44,47,18,30,42,27,51,57,63,18,37,20
61,45,30,47,66,54,18,38,35,17,22,35,47,43,54,45,37,59,41,53,15,33,42,18,44,58,56,16,47,16
60,48,30,47,66,53,28,47,36,9,21,40,51,29,53,41,33,66,46,49,17,25,31,16,48,61,60,20,36,25
56,47,41,37,72,55,24,37,39,12,23,39,59,37,46,41,30,52,37,50,16,35,48,12,47,54,57,28,37,24
52,42,26,42,65,56,20,37,29,17,21,37,55,34,52,41,41,59,52,53,16,30,38,20,39,60,58,25,50,25
59,50,23,43,72,50,20,39,36,16,27,42,55,41,46,45,39,61,43,50,19,36,33,15,42,59,52,14,44,21
55,54,20,41,68,56,15,31,34,14,31,40,60,41,46,35,41,60,52,45,25,26,41,13,46,60,57,15,49,21
61,45,29,47,65,52,19,35,41,21,24,40,53,40,55,51,35,56,42,48,12,30,28,21,45,60,53,17,45,22
60,47,30,37,68,51,19,31,37,26,17,42,55,43,52,46,39,57,43,54,18,26,42,13,51,56,54,13,45,20
56,52,31,50,64,63,19,37,35,20,22,35,64,33,45,49,33,54,46,51,15,31,40,21,38,60,52,19,37,20
56,54,23,46,61,58,23,42,39,20,19,44,50,41,40,43,39,54,39,48,20,31,32,19,47,59,61,16,47,21
55,45,33,46,63,50,17,38,42,20,27,41,56,39,51,41,34,59,46,50,16,24,41,22,46,61,56,16,36,21
59,46,26,47,72,62,21,39,36,18,26,47,54,37,45,46,40,57,40,42,15,27,30,19,49,52,58,21,45,16
54,45,38,39,64,62,22,29,36,18,26,40,51,42,41,41,36,58,46,49,14,29,39,19,49,63,52,22,43,25
56,51,33,44,69,62,23,38,33,14,27,38,52,35,45,46,34,55,39,42,21,35,37,19,49,57,53,22,44,19
60,52,36,40,64,55,19,37,34,14,31,34,50,40,40,40,35,58,51,50,22,30,35,12,48,67,54,18,46,20
56,49,29,41,65,61,24,28,42,12,20,33,48,38,46,43,33,52,46,49,22,31,41,19,48,56,66,20,46,28
58,46,34,42,67,57,25,38,40,20,22,39,49,33,50,45,32,53,41,42,21,30,45,15,48,58,57,20,45,20
58,49,37,49,74,58,19,29,43,14,30,45,51,32,46,37,37,60,39,52,22,31,30,19,43,62,50,18,41,17
58,46,24,43,62,53,23,43,46,19,25,38,54,34,48,46,42,59,47,45,25,27,37,13,47,56,55,21,38,18
60,40,33,37,65,51,25,39,39,18,20,44,48,32,44,45,30,63,47,44,25,31,48,20,47,60,51,24,42,20
54,52,37,47,66,52,25,37,43,20,19,47,57,40,43,41,25,57,43,51,15,25,36,18,55,57,55,17,39,19
62,52,23,46,65,64,17,40,35,13,24,41,51,34,44,46,43,54,47,51,16,31,47,17,44,53,56,21,38,17
59,37,30,44,67,64,24,46,35,15,17,47,51,35,46,48,34,52,36,49,17,35,37,15,49,61,58,17,44,23
63,40,32,42,67,56,19,34,34,16,19,41,51,39,46,44,36,62,53,53,21,22,38,19,52,56,56,19,40,22
60,42,33,41,64,57,18,39,32,15,24,42,51,33,52,49,32,63,42,51,18,30,35,27,46,50,54,26,40,26
56,46,33,48,65,61,19,36,34,18,23,35,55,30,44,46,35,57,42,48,16,33,40,18,50,63,57,19,43,22
59,49,26,43,59,56,26,34,41,18,27,38,50,32,45,48,34,61,44,50,24,36,39,17,47,53,55,18,44,19
67,52,20,45,62,64,23,35,35,21,26,37,44,35,40,46,36,63,44,48,22,26,40,13,55,62,50,19,44,18
58,41,30,43,65,58,18,42,42,19,25,34,59,43,42,49,34,55,35,51,15,36,38,23,47,59,60,23,31,17
59,48,29,50,64,58,15,39,42,21,23,37,54,42,49,51,27,57,37,48,14,28,39,20,47,58,56,21,40,19
56,58,31,48,67,56,20,30,45,14,22,41,52,34,45,47,34,59,41,47,19,34,44,22,43,52,55,16,38,22
57,44,29,43,66,58,19,42,40,17,21,33,50,36,47,47,44,63,41,51,17,28,40,19,47,57,56,25,32,23
65,45,27,38,63,47,25,36,40,22,18,40,44,48,46,54,32,60,38,46,22,36,44,24,49,53,57,21,38,14
58,41,33,42,71,48,26,33,44,24,26,33,50,40,47,43,38,63,41,47,19,28,31,22,42,62,59,14,46,21
56,44,31,51,62,58,26,34,36,22,22,24,54,36,53,46,35,56,43,44,21,33,34,17,55,63,58,19,39,20
60,49,33,40,60,55,19,35,44,18,26,32,57,41,52,43,31,54,42,55,20,23,45,24,49,58,57,16,39,15
66,46,29,45,62,59,26,39,30,15,16,41,46,40,46,49,33,55,42,45,20,28,36,27,48,54,61,22,44,22
56,50,31,41,62,51,26,43,41,18,23,38,53,26,40,45,33,61,37,45,21,35,48,19,44,62,61,20,41,21
68,50,33,40,63,55,19,36,36,22,23,34,45,46,49,43,35,64,45,51,23,23,41,15,40,66,55,22,32,18
56,47,30,41,66,51,18,39,28,19,26,39,56,37,52,40,43,51,40,40,20,42,48,27,45,52,59,19,43,18
60,49,30,39,62,53,20,36,40,17,30,41,54,38,57,44,37,52,43,49,19,33,34,21,44,56,61,13,38,22
61,45,21,42,58,53,18,38,36,18,37,41,51,35,50,55,28,53,46,47,21,40,42,15,48,57,54,21,42,19
53,50,26,47,68,58,16,31,39,16,29,38,53,36,44,56,36,49,44,51,13,39,40,20,46,62,53,14,46,19
59,51,33,40,66,57,23,30,35,17,29,38,48,42,52,46,25,59,46,50,20,28,37,20,47,53,61,21,38,21
59,43,40,33,69,59,22,37,38,21,28,38,54,32,54,39,29,55,34,55,17,25,46,16,51,60,58,15,44,21
56,46,27,42,62,56,23,30,38,15,29,45,51,37,46,47,43,58,46,49,26,31,41,19,39,49,53,24,41,23
57,38,28,45,58,62,23,42,42,20,23,33,48,42,40,43,35,62,43,52,16,31,41,24,41,60,55,18,44,26
61,56,24,38,68,59,20,34,41,19,30,47,47,32,45,37,35,53,43,49,21,28,43,21,46,59,61,27,36,12
63,50,33,42,66,56,19,43,42,20,25,44,54,41,41,48,34,56,37,41,20,28,44,16,44,58,54,11,44,18
54,52,29,42,64,68,25,28,36,18,28,32,53,38,43,38,45,52,42,48,20,36,50,20,53,48,60,22,33,15
53,43,31,51,65,59,18,35,40,17,28,39,57,35,45,50,32,62,46,40,15,32,39,20,43,60,54,14,52,17
61,50,30,44,66,55,21,43,44,15,26,35,47,36,45,52,39,49,45,54,21,30,43,18,36,59,49,17,45,17
53,49,31,44,67,60,21,35,38,22,21,40,54,35,51,45,35,64,44,47,20,29,49,12,41,56,57,22,35,15
58,51,40,51,69,47,24,42,36,17,30,35,56,33,44,49,27,56,44,45,24,28,39,12,44,62,56,19,35,19
61,47,33,43,68,52,19,31,46,18,23,42,52,35,40,50,33,55,53,51,16,30,42,18,40,60,58,19,37,20
57,47,39,47,68,52,22,38,37,15,30,38,44,36,49,41,38,62,36,52,17,35,38,17,45,55,56,20,42,19
55,53,25,45,64,53,19,33,46,16,17,42,53,34,44,48,31,60,49,51,24,28,41,21,46,64,56,19,37,18
48,46,36,51,66,60,21,35,40,15,24,39,48,28,48,42,39,57,51,59,20,27,36,26,41,53,62,18,37,19
62,46,32,43,68,56,21,29,37,19,23,41,56,33,51,49,42,56,39,42,24,23,36,16,50,61,52,18,48,19
57,41,28,39,66,52,26,45,32,22,24,36,58,39,47,44,32,57,46,51,13,34,36,21,52,55,56,16,44,23
60,53,28,47,66,51,17,36,39,18,25,35,57,33,44,48,37,58,40,48,27,27,37,18,36,60,62,22,42,21
57,40,30,41,64,46,31,38,39,18,18,43,59,39,48,50,38,59,43,46,18,27,44,14,48,57,55,16,46,20
64,49,33,42,66,65,21,34,34,16,25,38,50,35,51,50,34,56,42,51,15,27,42,17,49,53,62,20,33,18
61,47,24,44,58,56,23,41,27,18,23,40,55,41,44,38,33,59,52,47,20,40,40,22,49,55,53,21,41,20
56,46,27,44,65,55,19,32,42,23,27,37,53,33,48,41,32,61,42,46,26,35,42,18,46,59,49,15,48,25
58,51,22,40,68,58,23,35,34,14,21,37,52,33,52,45,34,60,46,45,24,40,37,25,39,62,51,27,37,22
59,55,34,40,67,50,19,37,36,20,27,41,52,40,45,34,29,62,47,47,18,29,39,21,51,65,57,18,33,20
55,44,35,47,67,58,24,40,43,17,25,48,50,40,44,39,33,57,49,45,20,29,32,21,43,53,54,22,37,21
61,38,32,43,64,55,17,33,47,18,28,44,48,40,46,43,37,55,49,57,17,29,33,16,50,55,61,17,43,16
56,49,26,46,61,51,22,31,40,17,29,39,54,40,43,46,31,63,40,49,21,34,48,23,43,61,52,18,43,16
65,53,27,56,66,57,21,35,32,16,26,42,54,29,49,46,27,54,39,45,22,38,34,18,47,56,56,22,42,18
58,44,27,49,67,53,23,40,45,16,26,39,53,35,44,49,29,56,39,52,16,32,40,19,45,55,57,12,50,22
58,48,32,47,69,57,30,37,34,13,30,43,53,31,47,45,36,53,51,49,23,28,28,20,41,57,52,18,40,22
61,41,24,43,67,54,30,40,41,12,19,41,59,40,45,43,36,49,52,52,14,29,36,18,40,60,58,21,46,21
61,44,22,50,70,56,20,40,27,19,34,38,52,38,50,51,31,50,45,46,20,29,28,22,47,60,50,27,40,25
55,40,26,43,68,56,22,30,39,15,21,41,63,29,58,44,38,56,48,53,18,28,41,24,47,58,54,20,35,22
62,47,25,44,65,50,20,36,35,21,19,34,50,36,53,49,42,60,42,40,24,35,40,20,47,62,57,20,38,19
57,42,35,50,68,58,22,39,41,21,25,40,56,37,49,39,29,59,44,51,20,37,49,18,39,52,52,16,31,16
61,42,35,40,62,60,21,35,28,15,33,37,45,31,49,46,31,58,48,49,21,30,41,22,48,56,47,23,48,30
53,43,31,38,68,51,17,37,41,14,32,38,50,35,51,48,38,60,43,48,13,30,39,16,52,59,57,23,49,18
61,52,32,47,64,44,22,26,32,19,31,40,46,33,55,47,31,49,51,52,20,31,43,17,48,63,56,22,41,17
55,54,27,33,63,50,23,38,36,19,19,41,45,33,55,43,41,61,42,50,16,36,42,18,54,58,54,20,49,17
53,49,26,43,62,61,22,40,34,14,25,41,49,30,51,47,32,55,50,41,20,32,42,15,56,59,64,16,43,20
58,46,28,44,63,60,22,36,49,14,25,33,59,33,46,48,37,53,49,40,21,26,37,24,48,58,55,18,41,21
60,48,34,47,65,62,18,29,47,18,23,40,51,33,43,40,33,64,44,51,21,24,36,21,49,52,52,19,44,24
54,53,31,43,63,49,16,38,34,21,23,44,51,38,45,44,28,56,42,48,22,28,42,22,44,67,63,23,40,20
58,47,39,46,60,55,22,41,37,14,31,35,55,29,42,49,33,58,52,48,17,30,35,15,47,59,62,16,48,12
57,48,26,43,66,59,18,35,42,14,16,34,54,46,48,46,42,47,47,49,23,36,44,18,54,50,54,22,37,17
59,39,27,51,71,57,29,37,39,19,23,33,57,38,54,45,28,64,42,39,18,27,34,15,47,59,60,20,44,17
57,50,25,41,64,58,20,40,34,19,28,38,49,34,46,49,37,60,46,51,19,32,33,15,51,56,57,17,43,23
56,47,28,39,64,61,20,34,37,17,21,37,51,36,53,35,29,60,51,56,19,32,45,18,38,55,65,18,40,30
56,50,33,49,68,61,20,33,35,13,17,46,52,27,53,48,36,56,43,50,24,26,39,20,40,53,60,17,46,21
57,48,26,41,63,59,22,34,37,19,19,37,50,37,47,55,42,60,41,51,21,35,36,23,51,55,50,13,43,20
59,53,30,43,65,52,23,40,43,17,21,43,53,41,46,36,42,54,48,42,17,29,41,26,47,51,55,20,34,21
53,42,30,45,64,54,23,29,38,25,34,42,51,36,46,41,37,64,46,40,21,27,46,21,44,54,58,16,42,23
59,51,30,51,69,50,21,38,34,13,33,34,55,38,46,42,38,55,40,39,20,35,36,24,44,55,52,21,41,28
52,51,34,49,67,52,20,36,42,18,30,30,55,32,51,49,33,54,44,50,20,29,34,22,46,58,53,16,45,20
62,56,20,44,62,50,27,33,41,16,30,37,54,41,43,43,31,64,41,51,27,32,43,15,43,51,59,24,34,18
68,50,36,39,61,56,19,30,42,13,25,36,50,40,47,55,32,55,42,50,24,33,36,17,41,59,56,18,40,22
65,43,30,41,64,43,23,42,41,20,24,39,46,32,47,40,36,57,50,50,19,33,48,17,50,55,57,13,46,21
62,44,27,44,64,50,30,39,44,17,32,36,57,28,47,42,36,59,39,52,18,36,45,14,40,60,51,24,39,16
64,48,24,42,63,59,18,37,39,15,25,36,55,32,56,46,38,53,38,49,22,30,39,28,47,59,54,23,34,19
56,46,23,44,62,56,20,39,43,14,22,46,64,42,42,45,34,54,46,44,17,30,46,19,42,55,59,18,42,22
62,48,32,43,63,51,18,35,42,15,24,31,49,41,59,51,27,56,41,45,20,27,32,17,54,53,69,21,45,21
57,52,31,38,63,50,24,38,40,18,27,44,58,30,50,40,45,58,41,47,20,24,35,19,51,55,56,19,39,23
65,51,25,44,62,52,27,39,33,15,28,31,54,37,51,42,33,54,46,50,22,33,32,20,43,64,62,22,36,19
60,54,27,46,62,54,27,39,40,17,24,29,51,35,50,41,40,61,33,54,24,32,49,16,49,56,47,17,42,16
56,47,28,47,63,54,21,30,45,16,25,42,56,46,54,45,31,59,45,41,23,34,42,18,45,54,55,15,38,17
56,42,30,42,64,56,22,38,36,19,26,34,49,36,49,53,40,50,50,50,25,35,42,17,49,52,50,17,44,19
64,47,28,47,69,60,24,31,37,17,24,39,59,33,48,43,38,52,45,40,22,30,38,21,50,50,54,21,46,15
61,48,25,44,64,57,19,44,41,16,29,33,55,40,37,45,37,53,47,45,19,29,39,18,47,60,58,15,44,23
59,46,32,43,56,60,15,41,48,11,29,45,51,35,44,38,33,61,49,41,19,40,42,21,40,55,57,19,35,27
60,45,26,39,64,53,20,36,42,22,27,38,49,41,46,45,35,57,46,48,24,30,37,20,51,57,50,21,40,23
56,42,32,38,62,53,21,39,36,10,21,46,56,37,55,43,46,58,45,43,22,35,35,20,39,59,63,20,40,20
64,51,27,42,67,53,25,37,37,11,22,42,58,39,46,43,29,60,38,46,17,34,46,19,37,60,58,19,42,23
59,53,26,35,62,46,23,33,35,23,21,48,58,33,45,47,43,58,50,40,22,20,41,23,43,70,53,26,45,11
58,43,26,49,65,51,19,31,46,21,29,36,51,37,45,48,26,59,47,46,20,29,41,20,47,60,60,24,37,21
57,40,29,35,69,55,21,36,39,23,23,38,56,36,45,49,39,51,43,50,20,31,32,19,52,61,52,19,48,24
59,44,25,55,57,53,21,38,39,19,26,43,53,37,49,45,27,55,49,51,17,27,46,20,45,66,45,19,41,21
56,50,27,43,64,51,26,37,40,20,17,34,47,41,52,35,40,59,49,45,26,23,40,15,46,66,50,25,43,25
58,53,36,45,61,61,23,32,36,21,28,38,53,33,40,43,39,59,43,51,19,29,37,17,45,54,56,15,46,21
61,44,26,48,69,62,25,41,41,16,22,37,54,35,43,47,30,63,43,50,19,34,38,17,46,56,48,17,42,18
61,54,22,37,62,53,20,39,39,15,22,35,49,37,43,45,39,61,50,54,16,34,47,14,48,65,50,23,40,18
50,44,28,48,69,55,29,42,38,15,22,40,53,36,48,46,31,56,43,44,25,37,39,19,39,55,61,22,38,20
61,45,29,40,68,59,27,33,39,17,24,40,59,36,43,50,37,58,46,41,25,29,36,21,44,60,52,18,38,17
60,53,39,43,60,57,13,28,39,26,27,33,41,38,48,49,42,51,48,51,26,31,36,25,43,59,54,16,38,18
65,42,32,48,69,53,19,34,41,24,17,39,47,32,52,38,34,55,40,47,25,36,42,23,57,59,53,15,36,18
49,53,26,39,60,59,24,37,52,10,24,40,51,30,46,55,31,58,44,48,19,31,48,21,48,57,48,20,41,23
58,50,31,43,66,58,20,43,45,15,24,37,58,33,44,45,39,55,40,51,19,29,39,26,46,52,52,16,39,19
52,43,31,45,66,55,27,35,33,18,33,37,56,34,48,45,27,64,51,49,17,30,38,17,47,53,62,22,39,18
59,49,31,44,66,50,23,31,40,19,26,40,60,35,45,41,30,59,47,54,18,31,31,18,44,55,59,29,39,19
55,44,28,45,70,55,27,40,37,14,24,43,58,34,43,42,34,62,43,49,26,35,29,26,46,53,55,18,39,18
62,50,34,44,63,56,23,30,49,17,23,40,53,28,47,52,37,51,46,48,18,28,41,16,41,53,52,21,49,20
56,44,38,38,60,55,16,31,44,16,29,41,60,44,50,48,28,51,45,55,18,35,46,17,46,55,58,20,32,16
55,51,24,44,62,55,21,36,35,17,29,45,55,34,48,53,35,51,45,49,21,36,40,16,48,56,57,16,39,19
61,45,33,41,65,56,25,38,43,20,23,48,44,31,49,54,38,55,43,50,16,35,36,16,42,55,57,12,36,25
57,53,26,48,63,52,26,45,35,18,26,35,54,40,58,45,36,59,45,51,18,24,39,24,45,56,54,11,37,12
60,41,31,47,62,48,25,43,32,20,23,33,53,46,51,53,28,60,42,50,21,30,33,20,47,57,61,19,37,19
60,42,34,50,66,54,20,37,38,23,26,38,51,39,48,43,26,58,44,46,24,34,43,18,42,60,51,18,36,23
58,51,22,40,61,54,23,34,39,17,23,46,58,36,50,45,32,53,52,54,13,32,36,24,44,55,56,20,45,19
53,45,34,45,62,48,27,36,41,14,27,39,55,34,50,43,40,60,46,50,26,29,26,17,47,65,56,17,42,18
60,42,33,42,69,60,20,40,39,16,28,36,49,45,47,55,35,56,47,41,21,25,40,14,42,58,63,16,39,14
60,47,28,45,62,48,21,35,31,18,26,41,52,39,54,44,29,55,46,47,26,25,46,17,57,54,63,18,39,19
56,49,31,46,58,63,21,31,35,25,17,41,55,40,57,54,31,53,39,49,16,30,35,19,43,56,62,21,42,17
53,53,25,54,69,56,26,44,33,19,23,49,51,27,54,45,36,60,43,44,20,28,36,20,52,57,45,16,38,16
54,51,21,44,68,53,19,40,32,17,21,41,45,30,50,39,31,62,48,54,24,28,42,18,47,60,57,27,41,28
55,52,25,38,67,57,18,34,32,20,25,35,47,40,49,47,36,62,44,53,15,31,40,17,50,57,58,21,51,16
60,39,32,44,64,55,31,37,39,19,23,43,46,43,42,41,41,53,48,51,22,31,43,11,36,61,56,25,37,19
53,40,35,46,72,53,20,36,49,19,21,45,52,30,49,46,40,54,46,46,26,25,29,18,52,61,53,22,35,19
52,40,35,46,63,56,24,35,37,22,22,34,54,36,42,53,33,57,50,52,24,33,42,17,41,53,59,19,44,17
62,49,24,42,66,61,21,42,35,18,26,43,48,36,47,45,35,55,39,47,23,27,45,21,46,57,60,19,36,17
61,48,35,44,57,50,28,35,45,19,22,40,53,47,44,48,36,58,48,41,23,24,42,19,45,51,56,13,40,20
55,53,34,38,67,62,20,39,34,15,22,40,49,37,46,47,29,60,47,56,21,32,42,12,42,58,55,23,35,22
56,49,33,49,66,55,22,35,40,14,29,42,47,36,49,44,35,56,42,42,18,28,42,19,43,61,58,23,40,19
57,57,35,40,71,48,20,36,36,19,26,31,50,42,46,47,38,61,39,45,23,27,37,14,52,65,54,15,40,21
56,48,26,47,66,52,22,33,42,17,26,28,52,40,47,51,35,53,39,58,24,28,41,21,45,64,53,21,40,17
59,53,28,32,59,59,21,38,39,22,22,43,55,37,37,46,34,58,53,45,21,33,44,19,45,57,58,18,34,23
55,51,30,48,66,48,24,24,36,23,30,37,50,33,54,46,25,58,44,48,22,33,44,17,47,61,55,18,39,26
55,42,36,34,64,52,23,36,34,20,25,41,51,37,54,42,32,57,48,54,17,33,43,19,51,54,51,21,45,21
58,48,31,46,66,52,19,32,39,21,23,40,53,41,46,51,36,50,47,36,20,37,45,24,49,60,50,12,39,21
64,50,30,31,60,52,19,43,39,17,26,39,53,30,50,44,37,56,49,53,15,30,35,23,50,64,54,19,38,22
54,51,31,46,69,56,26,39,43,15,22,36,48,40,48,51,37,49,39,44,20,26,41,18,46,52,61,23,41,20
64,42,20,48,68,44,22,31,39,11,31,44,51,41,50,40,28,57,45,44,23,37,42,16,57,64,50,18,41,24
55,47,33,38,69,56,18,37,34,21,28,42,55,38,42,51,33,59,43,50,22,39,32,12,48,53,48,17,56,16
54,51,30,46,70,51,28,38,37,18,24,38,57,36,35,43,27,62,43,50,17,36,33,22,51,60,52,20,42,21
57,44,33,46,60,64,22,38,31,18,22,35,49,39,50,46,33,51,41,45,16,40,46,18,47,61,58,18,41,23
60,45,32,49,73,58,22,39,35,17,23,38,57,36,45,46,33,56,48,42,17,23,38,24,44,56,54,20,42,20
62,47,29,40,61,48,20,34,35,21,28,44,56,38,42,47,34,54,43,47,24,32,41,13,54,58,51,21,49,19
53,42,33,50,69,54,22,35,40,21,24,28,52,32,48,45,31,64,47,47,25,29,36,19,51,54,58,15,46,22
56,48,25,43,67,50,20,40,41,15,21,45,48,36,47,51,29,54,46,49,21,40,42,18,46,54,56,16,50,18
59,46,33,39,63,56,22,43,31,18,27,44,57,32,43,42,37,60,39,44,14,38,41,19,45,55,58,21,48,18
60,47,27,42,70,55,24,34,35,18,26,37,58,33,43,51,37,58,43,54,21,26,44,17,45,56,55,18,33,25
63,49,35,43,62,63,23,38,34,13,33,29,48,32,42,36,33,63,45,55,24,32,36,18,43,61,57,15,46,21
46,47,29,46,72,54,16,30,37,19,24,45,52,43,45,47,38,50,45,51,16,42,39,18,46,56,56,15,46,22
60,52,24,52,67,59,22,40,37,14,28,41,52,34,53,45,30,52,41,45,19,32,42,19,39,57,51,22,43,20
60,49,32,44,69,53,18,34,42,14,21,38,51,35,48,50,36,61,44,41,15,32,42,19,49,61,55,21,31,27
57,45,32,43,65,56,21,39,42,22,27,38,55,36,43,42,34,57,45,52,20,30,36,18,39,58,49,19,46,26
56,43,29,45,62,56,15,38,37,18,23,40,51,41,48,44,38,52,45,43,21,30,40,19,43,58,65,21,41,30
68,50,35,44,70,50,18,37,38,19,18,34,51,40,52,43,32,58,46,47,23,27,37,23,47,55,57,15,41,17
57,53,25,51,65,54,18,32,37,19,36,37,61,45,41,54,25,59,38,52,22,33,32,14,50,51,51,20,40,20
59,43,32,42,65,61,20,31,37,19,16,44,60,36,47,44,40,55,46,58,20,28,38,15,41,54,59,20,40,22
57,55,25,45,64,57,25,34,38,18,28,36,55,41,44,50,31,52,35,56,27,30,43,15,39,57,54,19,46,16
54,46,31,39,63,59,23,38,47,21,26,42,46,36,45,44,43,53,54,52,20,29,40,13,47,58,46,16,41,20
63,41,37,38,59,55,22,44,44,16,21,41,55,37,48,48,29,52,43,51,17,26,44,14,46,59,60,24,39,19
60,47,32,41,64,59,17,33,33,18,16,35,55,39,50,48,35,57,47,50,19,30,41,13,50,61,60,15,45,22
50,43,29,45,67,55,24,39,42,19,32,41,49,39,54,43,33,59,43,47,16,23,37,18,54,52,54,20,48,17
53,45,34,40,62,56,22,35,40,24,18,45,50,38,50,50,35,58,42,46,21,36,43,19,45,50,68,18,33,16
63,36,30,40,65,64,23,29,40,19,20,36,49,39,52,50,33,56,43,47,21,29,42,24,49,61,54,16,45,17
58,49,26,48,65,56,15,36,37,24,22,43,50,41,48,48,32,57,39,50,14,34,39,17,42,61,60,27,37,17
62,51,32,38,68,49,27,36,40,18,23,41,51,30,44,50,36,54,47,52,25,25,39,17,51,51,52,19,43,21
54,50,35,47,66,52,21,37,43,17,24,45,62,35,48,39,33,53,43,52,16,26,40,15,48,55,56,21,35,24
66,44,35,44,61,51,23,29,33,16,19,40,55,33,48,42,34,55,51,45,17,32,47,17,46,65,60,24,35,25
61,41,27,40,67,56,15,35,33,22,30,37,54,39,49,50,33,58,34,50,23,28,34,15,48,60,60,22,47,24
57,56,30,40,68,59,25,36,36,22,17,41,50,33,45,54,36,51,48,50,17,21,40,17,45,63,57,21,37,20
58,47,30,46,62,60,16,52,41,14,24,43,53,38,52,42,28,52,42,52,16,34,44,17,50,57,52,13,40,17
57,47,24,47,67,58,23,30,35,19,19,33,54,42,50,36,35,55,41,43,19,35,36,18,52,59,58,22,49,29
60,44,32,40,58,56,24,40,34,19,39,42,58,35,44,48,35,56,47,44,24,28,42,17,47,52,54,19,33,21
68,51,23,44,63,48,26,45,31,18,33,37,60,32,49,41,30,59,39,47,17,37,33,18,48,62,57,19,37,20
61,40,33,43,66,59,27,34,44,18,28,36,51,30,46,44,31,50,44,46,24,36,38,14,46,59,62,21,44,17
55,47,27,48,62,58,24,39,37,23,25,33,52,30,47,41,33,63,49,41,22,33,45,25,48,58,48,16,38,25
61,50,30,37,71,56,25,41,32,16,26,38,52,40,39,37,33,55,40,54,20,38,41,18,51,54,58,23,40,16
54,59,27,42,60,53,21,40,36,15,32,39,58,37,42,47,37,57,38,53,13,31,32,26,47,61,56,13,45,21
60,47,26,39,64,54,19,42,40,16,29,38,60,42,46,45,36,51,48,52,18,22,32,22,44,59,64,17,39,21
58,60,31,45,66,55,20,42,39,15,26,44,51,37,42,49,37,56,38,47,23,29,33,16,42,55,54,25,43,14
64,47,36,38,72,54,24,33,34,19,24,38,52,42,47,48,30,66,48,44,18,24,43,20,42,57,56,17,41,14
63,42,30,43,69,51,28,32,37,13,26,38,57,40,52,37,38,55,56,45,17,24,46,22,44,62,48,17,38,22
53,44,34,43,65,54,17,37,44,10,25,43,57,33,48,53,33,64,38,49,19,29,44,18,36,64,58,16,44,20
61,46,27,46,70,57,28,43,45,22,26,36,52,34,49,48,33,53,44,42,16,23,48,17,48,56,60,13,33,16
56,54,30,47,64,55,25,36,40,16,30,38,49,40,49,47,38,59,35,45,19,21,36,19,51,63,59,12,38,21
63,51,24,42,64,54,24,38,33,17,21,45,54,40,47,43,30,59,40,48,21,24,37,22,45,62,61,22,40,21
64,46,28,44,65,61,27,41,38,21,24,39,50,36,52,36,33,61,45,46,23,24,31,21,42,57,53,25,37,22
55,54,33,45,63,54,23,39,33,17,21,44,53,38,54,42,29,53,48,49,19,30,36,20,48,62,56,21,36,17
57,47,26,40,69,54,22,36,44,15,24,45,51,30,44,50,38,61,44,43,20,37,47,15,43,53,51,21,44,21
50,45,31,40,60,54,25,38,35,19,19,40,44,34,50,47,43,60,49,49,27,32,34,13,53,56,61,18,43,23
54,48,27,47,66,55,21,36,31,16,18,43,50,43,47,47,37,55,46,49,12,37,33,26,49,58,59,21,41,20
57,46,24,45,63,55,27,36,45,18,18,41,57,35,47,48,27,56,47,41,20,29,50,16,40,65,59,14,44,22
60,47,31,47,68,57,19,33,41,28,27,42,54,37,52,46,32,51,43,42,19,33,38,16,42,55,54,19,44,15
53,47,28,45,64,59,21,37,35,20,28,46,48,30,42,52,34,53,46,43,21,34,38,22,53,57,57,22,36,21
62,38,31,39,69,57,20,44,42,15,27,42,56,40,44,50,47,51,42,46,19,36,29,10,50,57,58,20,35,16
66,55,32,44,59,54,24,38,34,10,20,39,52,33,51,38,28,65,42,51,18,31,39,18,47,62,57,23,44,18
60,42,27,51,66,55,24,43,42,17,21,41,52,44,52,36,32,55,39,50,21,34,24,15,50,54,60,16,53,16
57,43,27,45,69,55,25,40,36,18,27,36,53,36,53,49,33,52,43,49,17,34,38,16,40,59,56,19,48,19
62,40,29,41,61,57,21,35,39,20,23,40,60,39,52,47,37,56,41,49,18,31,33,18,48,63,54,15,39,24
60,45,29,33,60,55,25,43,31,17,25,43,55,37,48,50,40,54,48,49,25,31,38,15,42,61,59,19,43,12
55,38,29,47,65,60,24,34,37,13,29,37,61,38,45,41,40,56,49,49,19,36,44,22,54,48,51,22,36,13
63,48,31,48,63,54,17,37,35,24,19,43,55,32,46,50,32,59,44,53,15,29,50,21,40,53,56,23,36,16
61,48,32,44,65,58,26,39,35,12,24,40,53,38,47,48,34,55,39,50,24,29,35,22,51,58,54,13,39,19
55,53,40,43,64,60,22,32,42,21,27,41,48,40,43,45,33,50,42,43,15,30,36,18,51,55,54,25,47,17
59,53,24,46,66,52,19,31,44,18,28,44,50,36,47,46,35,47,46,53,24,27,40,14,42,60,58,17,46,20
56,42,23,41,60,63,20,43,41,15,32,34,54,32,43,44,34,53,49,51,25,31,37,21,43,61,58,23,42,21
62,57,22,47,62,58,21,35,45,18,22,50,52,33,44,42,34,59,40,41,22,35,36,21,46,57,55,22,33,21
59,48,27,48,65,55,21,39,40,18,25,36,53,40,47,41,40,60,48,52,20,35,40,13,36,61,54,14,41,16
58,43,29,46,58,56,21,35,46,19,25,43,48,39,45,46,40,56,46,49,20,28,31,17,52,60,55,21,41,19
59,51,30,38,64,57,23,39,37,14,24,38,51,30,47,46,35,56,48,49,21,27,38,24,42,62,60,16,48,18
63,41,33,48,66,57,20,40,36,15,25,46,52,36,38,44,34,54,48,43,20,36,41,9,50,59,62,21,39,16
55,52,27,50,72,55,24,41,34,23,26,41,45,38,44,49,31,49,38,42,29,32,36,18,45,53,62,20,44,17
49,45,37,43,65,58,25,33,36,18,23,36,51,38,40,45,32,47,45,44,24,33,47,19,53,55,59,19,45,28
57,50,26,39,66,56,27,33,46,17,19,40,54,39,44,54,29,58,45,45,15,33,37,21,46,62,59,18,37,20
61,45,37,44,63,58,26,33,33,16,24,45,47,39,50,41,37,52,40,43,20,28,37,18,41,57,59,25,46,27
56,45,32,38,65,53,27,45,47,12,21,41,49,38,49,39,29,59,46,51,15,39,39,20,45,58,53,23,36,22
63,48,28,41,69,45,18,37,35,17,23,36,57,38,53,49,36,55,46,49,25,28,45,21,44,52,58,16,44,16
61,46,30,48,61,58,21,40,41,15,16,36,50,43,44,41,37,59,36,44,23,28,43,18,50,60,56,22,45,20
51,53,31,51,65,49,19,29,44,21,18,43,55,38,52,45,35,52,48,52,18,28,40,21,49,56,54,19,39,17
59,48,30,48,57,56,21,36,38,17,24,42,52,38,40,53,34,58,40,45,17,38,35,19,50,61,52,21,41,22
56,54,33,46,64,52,24,40,35,14,27,38,55,36,51,52,34,51,40,44,23,27,38,21,46,56,50,17,43,25
59,49,26,47,56,55,23,39,43,13,24,42,60,34,53,48,29,53,48,50,22,42,37,17,45,48,60,14,43,13
59,45,25,46,59,60,21,35,40,20,29,38,45,41,44,39,35,61,39,46,25,32,43,19,43,59,49,17,48,30
56,45,30,44,71,54,22,40,40,15,23,38,57,39,47,51,41,53,40,54,16,21,42,17,43,53,53,23,44,20
62,49,25,45,64,56,19,41,45,17,18,45,58,39,43,49,31,60,50,46,22,34,31,20,35,55,55,18,45,15
54,42,29,50,58,54,16,38,46,19,31,29,55,33,54,41,38,62,48,46,18,28,40,24,50,59,46,14,44,26
52,52,27,45,66,63,17,34,40,18,26,44,53,35,44,50,25,53,44,49,17,34,38,20,50,60,54,21,39,22
56,55,34,52,60,61,26,39,30,14,24,40,61,30,52,46,39,53,38,48,20,34,40,25,43,50,55,15,41,11
62,42,27,47,64,49,17,43,36,15,26,36,45,32,49,38,34,57,44,45,20,35,50,19,50,61,59,20,48,22
61,40,30,50,64,54,23,34,48,15,29,34,51,38,45,44,45,59,50,44,16,29,33,11,49,64,54,15,40,23
57,41,30,48,64,52,18,40,43,16,24,42,49,52,47,35,37,61,35,50,23,28,42,18,41,55,63,17,43,21
65,49,31,41,59,48,25,34,39,18,26,31,63,34,44,50,31,57,44,48,24,30,44,18,46,56,59,18,38,22
55,46,26,41,69,60,22,27,45,20,29,41,52,31,53,42,36,61,46,44,19,29,44,15,44,57,62,22,33,21
56,46,34,51,67,52,20,31,45,19,24,40,58,33,53,50,28,55,38,42,14,28,42,21,44,56,56,21,46,22
55,49,39,44,73,53,22,35,39,22,29,44,53,35,47,44,29,53,41,55,22,27,44,14,45,56,47,17,38,21
56,49,31,53,67,56,19,34,42,15,29,42,54,34,52,47,29,52,41,47,19,25,30,19,54,56,56,22,43,19
52,52,32,35,70,64,28,28,37,22,28,39,48,38,46,45,30,53,40,51,22,34,30,17,47,60,61,23,41,19
60,53,28,43,65,47,25,35,48,18,20,39,54,37,45,52,29,59,46,41,17,26,41,17,44,54,62,18,46,23
52,46,33,44,68,61,22,38,32,16,23,42,48,39,47,44,37,59,48,47,15,33,36,17,45,62,55,21,40,22
57,46,30,38,67,55,17,35,45,15,26,41,52,37,47,44,38,57,46,46,13,35,39,25,47,62,52,20,39,21
52,53,31,39,68,58,18,38,34,19,21,41,60,31,50,55,46,56,46,53,19,34,35,17,43,54,53,13,38,17
60,43,27,46,69,58,25,40,44,17,30,42,52,32,45,37,35,53,46,51,21,32,35,18,48,60,48,16,40,22
58,43,34,41,64,63,20,37,45,19,15,36,50,30,50,41,41,63,46,51,24,28,31,20,48,58,59,17,39,21
62,55,21,47,64,58,18,44,38,19,24,39,50,44,49,39,30,56,41,44,16,39,42,13,45,52,55,19,49,20
58,59,30,42,70,53,20,50,37,17,21,41,57,33,43,50,34,54,46,43,17,35,35,16,45,58,56,13,42,17
63,48,32,36,58,60,16,34,37,22,31,32,56,43,53,37,28,59,44,49,20,38,38,20,43,62,60,14,44,15
65,43,29,45,66,54,23,30,40,19,23,37,61,37,55,49,36,56,41,57,16,26,30,23,47,60,55,12,41,16
65,44,31,40,65,50,19,34,39,16,32,35,54,37,43,49,38,59,47,43,21,37,32,19,50,57,56,14,47,19
57,55,31,42,61,53,29,33,38,20,31,34,44,34,44,45,34,54,47,47,19,32,47,20,44,59,52,18,43,25
64,47,34,45,64,56,14,31,39,18,24,39,58,37,43,53,31,57,45,42,23,32,46,15,49,56,49,26,36,19
52,53,35,49,66,51,22,37,38,20,17,39,51,34,40,47,32,59,43,40,20,32,43,21,51,61,59,22,42,16
58,47,30,44,63,56,17,28,41,20,27,28,59,32,50,49,37,60,46,45,24,27,41,23,49,58,54,13,40,26
56,48,31,47,60,59,26,41,38,16,22,41,52,33,56,43,32,62,52,53,22,25,35,16,45,56,56,16,35,18
55,52,28,36,59,56,17,41,32,23,26,40,54,34,44,39,36,56,36,46,30,27,49,20,47,59,56,24,46,24
59,52,23,43,61,59,31,32,41,17,23,39,55,39,52,40,35,56,39,44,19,30,47,23,44,54,51,22,44,18
61,40,32,37,70,62,21,38,41,20,28,45,52,30,44,45,35,60,40,50,18,28,45,19,45,56,52,16,45,17
58,43,29,52,62,57,16,38,35,22,21,40,52,37,56,42,36,54,39,45,19,32,49,20,50,52,53,20,41,22
63,48,32,47,66,54,20,34,34,18,19,37,49,45,49,42,37,49,48,52,23,28,42,18,47,56,62,14,44,15
59,46,32,49,65,53,17,35,33,16,21,42,61,32,47,46,32,62,40,44,19,35,45,19,38,54,58,17,53,22
57,44,28,39,58,55,24,38,47,18,23,33,58,29,55,48,38,54,52,52,16,29,39,19,48,58,56,20,38,19
55,44,27,38,59,57,19,30,37,19,27,43,55,34,51,44,29,57,53,43,19,35,43,21,52,59,55,24,44,19
59,47,27,38,65,53,24,36,44,16,30,39,57,45,47,43,30,52,42,49,21,34,43,20,42,59,53,19,41,17
51,49,35,46,66,58,13,42,45,21,27,36,51,43,43,45,33,54,47,50,20,22,36,16,43,55,63,24,43,15
62,45,27,42,65,54,22,36,44,19,22,47,42,32,50,46,33,54,49,43,28,34,31,15,51,62,62,21,39,15
61,38,30,39,73,58,26,30,39,13,26,45,55,37,43,43,38,59,48,51,23,25,40,21,45,53,56,19,40,18
60,43,24,40,67,55,30,26,40,15,30,35,60,35,51,48,35,46,47,50,22,28,41,22,47,59,53,22,43,18
60,49,30,43,57,60,25,37,42,17,26,38,50,43,41,39,30,67,41,40,18,33,38,16,51,62,56,25,40,18
60,39,25,29,57,57,23,34,38,21,27,36,56,36,52,43,31,60,51,47,18,33,47,27,47,62,55,24,30,27
62,40,28,44,66,52,10,31,40,18,25,40,54,41,44,46,39,62,47,37,22,29,43,25,58,55,48,21,44,21
59,44,33,41,60,59,28,29,35,16,26,40,51,40,51,43,34,53,52,47,23,29,41,16,55,55,57,19,40,16
62,49,28,37,68,56,18,43,38,21,27,33,56,35,39,49,35,53,32,53,17,33,34,20,46,58,69,22,40,21
65,47,29,42,61,58,15,37,44,16,24,44,58,36,42,49,40,64,43,43,18,31,33,16,50,56,54,20,37,20
67,47,33,51,59,53,18,39,41,17,23,40,49,33,51,50,26,56,45,48,17,30,44,16,51,53,57,20,41,17
54,47,32,39,71,51,20,31,38,17,21,50,58,34,45,46,30,56,45,49,24,33,45,16,34,58,61,22,38,27
63,53,31,49,68,55,26,31,39,16,21,39,49,40,47,51,36,56,45,37,19,30,44,18,45,59,53,16,34,22
61,53,29,43,64,60,32,37,36,20,17,36,49,32,44,41,38,52,40,46,24,32,46,18,50,59,48,21,41,23
52,47,29,50,70,52,26,29,40,21,27,47,54,38,39,37,36,56,51,48,16,28,45,15,48,60,52,24,35,20
56,53,26,43,55,60,14,29,42,14,25,44,56,37,50,46,37,56,40,47,24,32,39,29,43,57,53,14,49,22
58,43,38,49,69,55,26,39,39,24,23,30,43,43,50,43,34,54,39,46,16,31,37,21,52,54,60,13,40,23
62,52,25,39,60,56,30,30,39,22,20,36,55,38,42,50,39,54,51,54,23,26,38,17,38,62,57,20,41,16
56,48,31,55,68,49,27,34,36,14,22,36,55,38,48,45,28,57,43,45,25,27,45,14,49,59,61,20,40,17
48,47,28,44,68,55,27,27,39,26,28,42,59,35,48,43,26,67,40,55,16,28,37,19,51,63,57,15,37,17
53,44,24,51,68,52,18,42,30,15,29,42,53,42,49,51,34,53,40,53,21,24,40,18,40,62,56,20,47,21
53,50,25,47,70,58,22,31,35,8,31,43,49,33,53,39,37,53,45,49,29,31,49,19,47,53,56,22,36,19
58,44,34,47,69,58,19,34,40,25,25,32,49,41,42,49,37,53,42,47,21,35,37,18,48,62,56,12,38,20
54,47,26,42,60,51,16,39,42,12,25,43,52,36,41,43,45,60,53,45,19,34,35,21,50,58,59,22,36,26
55,50,42,49,67,48,19,42,35,16,22,39,45,32,55,53,31,55,47,49,19,40,36,18,43,56,62,14,42,11
56,48,31,45,64,54,27,39,39,21,24,40,48,38,43,43,37,61,47,43,23,23,39,25,45,56,58,19,38,18
55,49,28,47,67,57,20,36,39,19,21,41,50,41,41,42,39,54,45,44,16,30,44,25,52,54,56,16,42,22
62,52,25,44,61,51,20,35,38,15,27,45,62,42,53,39,35,63,42,41,20,29,41,12,46,56,55,20,41,20
59,51,34,48,66,55,29,33,32,23,23,32,51,35,34,45,46,57,40,49,23,33,38,20,45,55,57,14,40,25
60,46,32,50,65,54,27,25,39,19,30,37,49,42,45,43,30,54,45,51,28,27,30,26,39,52,65,19,36,27
59,45,38,48,67,56,21,37,34,20,26,29,51,42,47,48,47,47,41,50,15,26,35,12,52,60,55,24,42,18
58,47,35,44,64,55,15,34,36,21,24,37,44,34,47,43,34,59,46,47,18,31,34,18,48,60,63,26,48,22
56,42,34,40,68,52,18,38,32,11,27,42,52,40,49,44,32,62,41,39,23,28,37,25,51,61,60,23,46,19
56,43,26,36,69,59,17,35,45,12,21,42,56,42,47,33,38,57,50,45,25,27,46,23,42,64,61,16,44,15
62,56,26,36,66,54,26,33,40,13,28,41,46,41,54,40,40,60,51,49,22,27,35,19,45,52,55,14,38,23
60,51,29,44,58,51,19,37,40,16,34,35,54,37,51,40,37,65,45,48,21,28,37,18,50,50,61,16,40,20
51,48,29,36,61,58,18,35,33,21,25,37,63,43,46,39,37,51,44,47,23,27,43,18,42,66,51,20,56,24
56,48,35,44,65,52,21,40,37,22,27,37,54,37,47,47,30,55,39,42,23,29,42,14,46,63,55,23,47,15
62,48,29,44,67,54,23,31,39,13,25,43,47,35,55,38,35,61,41,47,21,35,43,20,48,54,61,21,34,18
58,48,31,43,63,58,23,37,39,22,24,47,50,33,45,48,30,52,48,48,20,34,32,17,46,55,57,16,49,19
59,48,33,44,67,48,19,29,36,19,28,30,49,39,48,48,35,57,40,50,17,34,42,22,48,59,61,26,41,16
59,48,30,41,63,60,25,32,42,22,28,44,55,36,48,44,36,56,35,43,21,36,40,17,45,59,54,16,38,19
63,51,25,41,66,61,17,37,43,18,28,33,46,40,42,40,38,50,49,47,22,37,37,18,50,59,52,20,44,18
61,45,31,39,63,60,23,38,38,13,24,46,54,42,51,43,27,55,43,45,21,30,40,16,50,56,52,16,47,23
57,47,25,52,65,57,22,26,37,22,28,39,54,34,41,41,29,59,48,51,26,40,38,23,43,51,62,17,43,15
58,54,29,45,67,56,20,27,42,15,24,44,60,37,50,40,32,51,38,45,20,25,43,16,54,61,59,20,37,23
57,42,33,43,65,62,19,31,43,14,24,32,52,37,40,53,32,57,46,54,14,34,36,16,49,61,59,20,46,21
56,48,21,43,66,53,27,43,46,18,23,37,50,39,50,42,26,48,46,48,15,33,43,21,44,59,58,24,44,21
58,50,29,49,67,57,21,30,39,16,25,39,49,41,49,45,34,50,48,47,18,34,49,23,44,53,53,19,36,20
57,48,32,39,65,56,24,39,45,14,32,40,54,34,45,47,37,50,54,47,20,30,37,16,45,57,54,13,46,15
58,43,20,36,69,60,16,36,38,28,29,37,47,41,41,34,34,58,41,47,24,33,48,19,47,63,56,21,44,24
57,48,32,38,66,54,23,37,35,19,30,42,58,37,49,45,40,48,46,47,21,34,41,15,40,51,56,13,45,25
57,53,25,47,64,59,20,41,25,19,25,45,51,39,51,47,36,49,55,47,23,23,46,17,43,51,57,19,41,17
63,43,28,44,62,57,28,28,39,17,23,44,50,43,53,48,28,59,48,49,25,31,39,26,41,62,47,12,43,12
58,46,26,42,71,59,25,35,36,24,24,36,51,33,41,45,32,62,47,60,20,36,33,18,42,55,53,22,43,17
55,46,27,36,64,55,20,34,39,21,23,42,49,35,42,51,30,55,53,55,21,35,46,17,42,58,56,24,40,21
57,46,26,44,65,61,20,38,45,20,21,31,46,34,46,48,30,51,52,48,18,32,46,15,46,60,59,16,49,22
61,48,27,39,68,55,16,33,41,15,19,38,54,34,52,39,32,58,51,51,17,38,39,18,47,66,54,20,33,29
62,44,35,46,62,57,27,31,41,16,16,46,48,35,49,39,32,58,45,57,18,34,41,18,51,55,54,19,39,17
66,49,32,43,54,56,31,32,36,16,32,48,49,40,49,48,29,50,46,44,17,29,36,23,49,58,51,20,38,21
45,46,31,42,64,58,24,39,37,19,25,33,60,34,51,56,35,64,44,46,22,24,35,18,40,59,61,14,40,26
52,43,27,44,67,57,24,38,42,15,30,34,52,41,48,48,33,53,38,44,19,35,53,18,50,52,55,17,40,23
60,46,30,40,61,59,25,28,40,16,29,39,49,38,53,33,39,63,48,41,23,27,29,20,52,61,58,21,38,26
47,48,31,50,67,50,29,34,39,13,27,36,55,43,48,43,41,53,43,46,19,36,45,18,44,50,57,13,44,23
56,47,39,43,68,49,19,33,39,16,28,37,57,36,43,44,33,64,46,54,18,26,29,21,48,59,58,22,36,24
51,44,35,53,61,55,26,37,38,16,26,35,53,35,49,45,37,59,49,54,21,29,31,14,53,55,62,17,37,15
58,52,26,41,56,60,19,32,38,21,14,42,56,39,48,46,30,51,49,46,18,41,40,21,53,55,51,22,49,18
54,50,25,48,68,45,22,39,36,21,23,42,53,29,57,46,36,52,53,38,24,28,46,18,50,55,59,12,45,18
57,49,27,39,68,56,20,48,33,22,23,39,59,35,42,41,32,62,49,43,18,33,37,16,44,60,56,19,41,24
52,46,37,43,69,60,19,37,41,19,28,41,50,36,51,49,37,56,35,45,18,29,34,18,46,67,53,14,43,19
54,44,33,42,66,59,21,26,41,19,24,40,61,30,46,45,35,51,36,48,19,32,35,19,50,63,56,19,49,29
62,46,31,46,67,59,18,43,44,12,25,32,47,40,57,53,40,49,43,51,18,23,34,17,42,58,54,13,42,26
60,45,23,40,65,59,22,35,38,20,23,36,55,39,50,41,38,53,40,47,18,32,36,20,45,70,49,22,47,24
56,43,38,40,65,60,19,36,42,17,26,37,56,35,46,44,32,54,47,56,15,27,41,19,48,58,57,21,42,15
57,41,31,42,62,57,26,38,42,14,35,34,48,37,51,43,33,55,48,51,20,31,37,16,50,53,56,19,41,24
55,43,30,47,65,56,22,41,37,18,24,28,55,35,49,40,29,60,46,51,24,30,36,17,50,62,64,17,40,21
63,46,33,45,68,57,20,34,37,15,20,39,52,30,48,42,40,64,39,47,20,27,46,19,48,56,59,20,35,23
57,45,25,49,67,53,26,36,37,18,23,41,51,38,40,32,36,58,42,50,24,32,48,21,52,60,52,17,40,22
54,52,31,46,58,49,26,34,37,15,33,41,57,36,43,49,30,58,39,50,16,32,43,21,48,59,50,21,44,20
64,46,25,41,62,54,19,33,38,16,31,34,55,38,48,49,35,54,48,49,20,28,36,22,42,57,62,20,41,25
63,53,29,50,68,49,23,35,35,14,27,39,44,36,50,50,34,62,43,46,22,31,41,19,40,61,58,18,31,21
55,47,24,45,65,57,19,41,37,21,20,41,47,33,43,46,33,57,48,52,21,37,35,22,49,61,60,17,43,16
60,52,27,45,65,56,18,41,46,19,21,46,45,40,40,51,37,54,49,54,20,18,51,21,45,52,50,16,35,18
51,56,26,45,64,62,19,30,41,18,22,34,54,37,43,51,35,53,47,45,21,35,39,18,49,61,59,18,37,22
63,48,21,38,63,51,21,34,39,12,22,44,56,43,48,44,30,56,47,44,19,39,32,28,47,65,56,24,40,18
54,50,26,43,70,61,15,37,47,16,24,38,50,39,53,46,27,53,46,53,20,23,40,23,45,61,50,20,43,19
54,38,29,41,72,61,25,29,38,18,25,44,53,33,52,40,37,61,47,53,22,29,40,16,41,54,56,20,38,26
57,47,27,41,61,55,25,33,40,25,27,38,54,30,52,42,34,59,40,58,16,31,43,15,44,63,60,24,33,18
61,53,35,44,68,54,18,34,37,18,37,36,54,31,42,42,36,57,50,51,20,30,45,13,41,59,55,14,41,16
62,54,26,42,58,63,21,35,40,16,24,43,53,32,51,50,34,55,44,52,22,32,37,19,34,62,57,18,38,18
59,51,24,46,70,53,22,46,38,14,23,30,52,36,50,55,37,51,37,47,15,30,37,22,55,61,57,17,37,20
52,47,32,41,55,54,21,40,45,19,18,43,50,39,50,44,36,58,46,50,18,29,39,20,44,60,62,17,41,22
60,50,38,51,63,49,25,25,41,9,21,39,52,35,43,45,31,58,53,47,24,33,38,19,48,58,53,22,39,23
55,51,31,41,67,48,26,35,28,25,19,41,54,37,42,41,33,62,47,49,20,32,34,16,53,59,61,18,43,24
58,53,33,38,64,50,26,34,33,18,18,45,52,38,42,51,39,58,45,57,20,34,33,13,45,57,53,21,42,22
60,43,26,42,57,56,23,41,37,19,23,35,48,46,47,39,36,60,49,47,23,33,39,23,40,61,52,16,44,27
56,55,24,49,63,52,29,27,34,13,28,43,53,36,41,44,42,58,46,49,19,26,43,16,42,58,62,24,43,17
57,55,35,42,67,52,22,36,38,21,24,36,53,32,47,48,28,66,40,51,14,36,43,16,48,49,50,20,45,21
54,49,32,53,64,59,25,40,40,15,20,34,57,40,54,47,36,51,38,44,16,25,35,16,51,56,54,19,42,26
62,43,27,46,61,61,19,39,39,22,28,28,60,34,49,47,35,62,35,52,20,34,26,20,45,58,53,22,46,19
57,49,27,47,63,54,22,32,42,14,24,44,56,45,54,51,35,54,40,40,24,34,39,16,43,53,55,22,39,17
60,46,30,54,65,63,20,30,40,16,32,37,48,25,48,41,28,58,52,44,28,28,41,24,48,56,53,16,40,21
68,51,26,47,69,54,24,39,41,16,28,37,42,38,46,48,37,57,44,42,18,32,36,19,44,61,58,18,36,16
63,47,25,51,66,55,24,39,30,15,23,38,54,43,49,50,36,54,47,42,17,35,30,23,51,53,51,18,40,23
60,44,35,43,60,60,16,31,39,19,23,37,56,40,39,47,36,53,46,54,17,30,39,18,42,59,62,22,39,26
63,51,23,44,66,63,18,34,40,23,22,31,52,38,47,44,38,53,49,51,22,33,37,15,46,56,59,20,36,18
56,59,33,51,58,50,25,39,45,21,22,42,57,31,34,46,33,51,47,48,13,36,44,18,43,56,56,18,42,18
59,46,30,34,68,56,23,40,43,15,23,37,51,33,41,46,34,55,50,45,22,31,39,18,51,58,63,16,44,21
62,50,33,38,66,59,20,44,37,15,26,42,52,34,45,41,33,52,42,45,19,35,42,25,47,58,57,16,39,18
56,55,29,50,73,54,28,32,36,15,26,42,52,34,49,45,32,52,45,41,22,22,43,9,46,58,56,20,49,21
65,48,25,53,62,51,24,38,41,17,28,35,52,35,45,46,35,63,42,44,15,29,43,18,49,49,55,19,44,22
59,46,27,45,66,53,19,35,42,21,20,50,50,37,42,42,37,62,44,46,19,28,32,24,53,55,58,22,37,21
56,47,39,40,64,51,21,35,34,19,31,35,55,32,41,43,40,56,51,55,22,31,39,23,49,60,47,13,41,22
58,46,23,40,64,55,20,37,42,17,28,41,59,29,48,42,29,57,44,48,24,29,43,26,49,53,59,20,39,23
57,47,29,41,68,57,29,42,38,16,27,31,47,40,51,45,32,53,50,48,19,30,37,18,38,62,55,22,40,23
54,46,31,45,65,57,19,42,31,15,24,37,54,36,59,41,34,60,45,42,18,31,39,19,55,62,51,22,38,20
58,42,19,40,64,55,15,42,39,18,22,43,51,36,52,49,43,68,42,52,14,29,36,17,51,56,58,20,43,18
62,51,29,35,67,61,24,41,44,15,28,31,50,35,45,48,37,50,45,49,17,30,37,16,55,60,53,18,42,17
61,47,29,42,68,56,25,31,38,18,24,32,49,36,40,52,32,59,50,52,24,33,37,18,52,59,49,23,40,16
57,51,16,45,64,55,27,38,39,21,22,38,48,34,43,41,33,55,47,45,18,32,39,21,47,63,61,17,46,29
63,53,25,47,61,52,21,36,43,16,18,41,47,35,53,44,33,60,44,46,13,32,45,20,51,58,52,16,42,25
55,40,35,51,59,54,22,35,42,15,25,38,54,35,53,40,32,59,47,50,25,29,41,21,47,51,56,21,37,23
58,42,31,35,64,61,15,34,35,20,29,34,39,31,51,48,37,59,47,53,30,33,37,20,48,56,59,22,40,24
61,48,34,46,61,55,20,42,46,17,29,33,50,38,48,47,35,63,48,45,18,30,33,19,44,56,53,18,40,15
59,46,26,38,62,61,27,38,38,17,23,39,50,34,40,54,37,62,44,39,17,29,43,22,46,59,64,12,43,23
62,47,30,34,59,59,27,35,48,12,23,41,55,30,53,39,35,61,44,51,19,34,42,17,42,50,63,21,38,21
58,50,29,43,63,53,22,42,46,20,29,37,53,42,46,32,31,57,44,43,20,30,45,21,51,61,46,16,43,19
66,44,28,41,69,57,24,37,38,21,28,28,38,38,45,45,38,53,41,51,23,29,39,20,58,55,59,17,43,19
61,48,20,57,63,48,20,32,41,20,22,39,53,42,52,39,29,53,47,54,18,36,45,15,52,59,48,19,39,21
60,49,32,42,69,55,19,37,35,17,26,47,54,32,41,46,37,60,39,45,20,32,34,22,47,52,62,20,40,21
64,52,30,46,67,48,26,40,42,17,27,35,49,34,42,46,35,50,48,48,19,35,41,19,48,53,50,19,46,16
58,45,23,44,66,51,26,38,43,19,27,38,55,33,45,44,49,49,47,50,13,33,42,17,51,59,50,17,44,16
59,40,33,39,64,50,21,39,37,17,27,32,55,39,53,51,37,61,45,52,17,35,34,23,49,46,58,11,42,26
58,50,32,40,67,62,28,44,36,16,20,39,56,31,45,40,35,56,38,42,28,34,38,13,46,68,51,19,42,18
57,41,37,43,65,60,26,29,40,16,29,36,49,33,54,46,32,50,49,60,17,25,38,17,47,63,59,18,41,15
56,37,39,40,69,55,21,31,37,19,31,42,51,38,47,37,36,58,38,42,25,33,37,21,46,60,57,23,46,20
51,42,27,46,69,53,28,43,41,13,22,46,45,31,51,47,28,63,48,46,19,36,40,18,45,56,57,24,39,18
66,52,33,35,68,51,26,34,36,19,24,37,52,34,46,48,33,57,41,52,20,21,42,19,43,52,57,21,44,29
58,55,28,47,65,59,18,39,38,18,26,35,56,33,44,57,29,55,45,41,24,27,37,21,49,57,54,13,37,27
59,51,27,42,64,54,26,40,34,16,27,33,46,38,41,53,39,59,43,55,21,24,41,13,51,60,62,14,42,17
64,42,40,41,60,57,24,40,35,21,21,36,48,40,52,46,35,50,45,45,22,30,41,22,49,59,48,18,37,24
64,43,23,36,64,55,32,40,41,24,22,37,55,36,37,45,30,58,39,46,23,36,44,20,51,58,54,18,39,22
52,49,30,46,63,60,24,30,45,14,22,49,56,40,48,37,27,58,46,48,19,35,35,19,48,54,62,19,38,19
58,46,29,47,65,52,25,40,32,22,25,41,52,39,49,37,32,59,49,44,27,22,39,14,47,61,50,19,40,30
54,49,33,47,66,54,20,43,44,16,25,44,53,34,44,46,34,55,42,55,21,28,42,13,39,64,50,21,34,22
55,51,31,50,65,58,25,34,37,16,32,31,58,42,51,46,36,51,45,44,22,30,29,19,46,52,59,16,42,19
61,55,33,35,57,53,16,34,37,18,21,33,50,35,56,49,46,55,49,49,22,35,39,21,47,55,56,17,38,20
53,51,29,52,67,55,19,39,41,15,27,36,53,33,45,47,32,63,40,48,20,35,41,21,49,56,53,15,39,18
65,36,31,32,62,50,24,34,43,21,30,36,56,41,46,55,34,53,48,55,25,28,41,21,45,54,53,16,41,16
67,47,28,39,63,57,17,37,40,13,28,36,55,35,47,42,32,56,48,50,24,33,41,18,41,55,54,22,47,20
60,45,29,39,67,58,25,34,38,22,30,39,54,34,49,39,34,58,49,47,24,33,51,16,43,56,50,15,36,18
58,40,32,40,69,63,22,28,37,19,21,39,64,32,48,51,39,60,41,54,15,30,34,18,42,65,48,23,39,21
56,49,32,36,62,54,24,31,38,10,20,43,57,43,54,44,34,59,47,52,20,23,42,24,49,55,52,22,45,15
62,57,27,47,60,55,18,42,39,20,24,34,52,33,50,38,24,53,46,49,21,29,48,26,44,57,56,18,47,16
60,55,25,43,64,56,26,29,45,18,25,34,50,36,50,44,27,50,54,48,17,36,39,19,45,56,54,21,49,17
57,47,28,35,63,52,21,39,38,22,30,35,55,39,52,41,39,57,48,46,24,34,38,12,45,57,63,18,39,18
56,44,29,49,68,55,18,39,37,17,27,36,46,33,57,44,27,60,40,43,24,30,42,22,43,57,55,22,47,25
59,57,24,46,67,49,25,38,32,17,23,36,51,34,48,49,35,44,42,53,18,41,34,16,52,55,56,29,39,23
61,48,29,45,62,58,20,38,37,24,20,42,45,37,39,41,44,56,49,48,22,32,39,15,43,67,59,19,34,19
62,48,30,47,71,56,21,38,40,15,32,45,49,39,46,46,32,50,40,46,23,29,41,20,36,54,59,21,40,16
62,51,29,43,65,54,26,35,42,13,27,36,51,36,47,44,33,58,39,49,21,38,46,15,42,51,53,18,48,20
61,52,28,40,64,58,15,37,35,19,23,43,57,33,46,44,40,63,47,42,19,31,39,18,47,60,54,21,38,18
62,49,25,39,66,55,20,39,40,17,29,33,57,41,50,44,37,62,39,50,16,30,36,22,45,60,54,24,36,15
58,41,27,41,66,52,20,36,38,18,30,30,56,39,52,52,36,56,45,40,25,27,32,19,50,62,53,17,51,23
57,48,33,42,64,52,23,41,33,16,24,41,51,35,51,45,37,61,42,40,14,34,44,18,53,60,64,13,38,18
62,45,34,36,58,56,20,39,46,16,19,40,50,40,53,62,32,56,45,41,15,33,32,21,46,52,54,22,45,22
50,54,37,37,64,56,22,33,44,22,27,41,53,38,46,48,33,62,49,49,15,27,36,17,44,54,57,19,38,20
59,46,30,55,65,56,17,41,35,17,25,39,51,36,46,44,38,59,47,56,22,27,34,20,34,57,62,20,38,16
54,42,28,48,56,61,21,37,45,16,27,36,50,39,52,40,39,54,42,52,22,34,41,18,41,65,52,19,40,21
53,43,30,43,70,60,20,38,40,18,28,33,57,31,50,47,31,53,53,48,18,33,34,20,49,58,55,26,33,20
62,53,30,41,64,57,24,30,35,16,28,37,52,38,56,42,34,50,43,51,27,28,33,20,48,59,62,23,35,14
62,53,28,49,60,48,20,39,44,15,25,50,51,38,51,43,40,54,41,45,22,24,35,18,45,62,56,18,37,19
61,40,26,49,64,55,18,37,40,14,16,47,53,37,43,44,38,61,47,48,22,36,39,18,47,55,58,13,47,19
66,44,31,42,66,56,19,39,39,15,23,36,62,28,46,47,22,59,46,53,19,23,44,15,53,60,56,18,44,21
55,45,37,49,62,53,18,38,29,16,27,43,59,30,49,53,29,61,43,47,28,31,34,21,46,64,58,18,30,19
62,56,37,42,62,54,20,29,36,20,32,38,48,42,49,43,32,57,47,54,21,26,32,17,46,57,49,21,47,16
59,48,29,46,67,50,26,37,34,17,26,35,51,43,50,45,29,53,46,51,20,36,38,17,44,59,51,19,47,19
64,41,25,38,68,50,25,32,42,24,29,28,55,35,51,37,36,53,41,53,20,35,38,22,47,61,54,23,45,20
64,45,33,49,66,53,27,33,31,16,20,44,57,45,41,52,39,53,45,37,19,27,41,22,47,58,54,10,37,27
56,53,29,44,68,54,24,39,33,19,32,39,62,36,39,41,31,52,37,43,11,33,38,24,50,55,60,19,47,24
59,45,32,43,66,62,28,38,37,20,24,40,56,35,43,44,33,62,41,48,19,24,34,15,48,59,54,18,45,20
59,46,33,39,68,59,19,35,39,14,29,39,51,39,52,42,32,56,44,46,25,28,34,20,48,55,54,17,51,19
58,41,36,41,65,63,24,39,41,17,26,40,56,36,52,42,39,50,47,52,10,31,39,16,46,51,60,15,37,22
63,56,37,49,62,48,19,38,43,11,22,36,49,40,55,47,33,50,38,48,21,34,42,17,42,57,57,21,40,17
49,51,35,41,63,63,24,29,36,15,24,48,58,43,47,41,24,53,44,47,18,38,38,16,57,57,60,15,38,20
55,47,26,39,63,55,26,42,42,24,25,43,56,36,52,41,31,57,42,40,18,33,33,27,45,53,62,19,41,19
55,52,30,44,74,52,23,29,37,22,27,39,61,35,35,35,40,57,42,53,18,33,37,18,50,61,55,19,40,19
58,46,26,45,67,60,19,43,29,14,29,42,49,37,48,38,35,66,48,49,16,31,40,20,41,53,59,22,40,22
54,56,33,42,68,56,28,33,39,14,23,42,58,29,46,40,35,61,50,48,16,32,39,15,52,55,49,21,39,19
56,51,41,47,66,57,22,36,34,24,28,41,55,29,55,43,33,53,42,46,20,22,45,12,50,55,47,18,43,21
61,39,31,42,61,57,23,41,39,24,28,44,49,36,48,46,31,55,45,51,21,27,37,21,41,54,58,22,39,21
56,46,26,45,61,53,25,44,39,17,18,40,55,36,49,42,37,55,48,49,19,33,40,18,46,51,66,21,45,12
57,40,35,54,66,49,20,36,41,16,27,34,52,44,50,45,21,60,41,53,24,35,38,19,42,60,53,22,44,14
57,45,27,46,61,54,23,26,42,17,25,39,49,34,54,52,31,60,51,47,19,31,47,17,51,51,47,24,42,23
59,51,41,38,68,55,26,40,37,16,25,33,46,41,46,35,30,56,42,54,20,30,35,20,40,61,60,16,49,22
62,55,24,41,70,51,26,32,42,15,20,36,59,31,53,45,37,64,46,43,20,30,38,21,44,48,50,22,43,24
60,39,27,48,65,56,23,43,35,8,26,39,55,43,49,53,29,54,48,49,19,37,34,15,50,49,55,16,50,18
57,47,26,40,66,51,24,33,45,23,26,44,39,37,50,45,42,50,53,48,23,31,40,15,42,60,66,18,33,18
60,47,28,50,68,56,23,29,39,17,19,41,49,40,46,44,30,57,39,47,22,33,46,18,51,62,46,19,43,23
63,51,41,47,62,51,21,37,36,17,20,32,55,45,44,43,30,55,45,51,13,29,36,17,51,70,55,15,41,19
57,47,32,41,62,55,24,40,34,18,21,43,49,39,47,48,33,58,48,49,18,31,43,18,49,58,57,13,41,19
55,46,29,50,60,59,20,28,43,18,20,38,56,43,49,48,36,64,41,37,21,28,43,11,51,60,59,15,47,17
64,47,28,51,63,53,21,37,34,16,26,44,48,41,48,49,33,64,39,49,14,32,39,17,48,58,55,16,38,20
60,44,34,46,64,54,18,38,44,15,24,28,58,38,36,45,34,55,42,53,28,26,48,12,44,49,60,29,41,25
56,56,32,46,67,51,16,38,37,14,28,33,47,35,55,41,32,54,43,49,22,29,38,20,48,59,58,20,48,20
56,40,30,45,67,61,21,37,38,16,25,44,54,36,43,46,38,52,46,50,21,36,32,16,49,58,59,17,42,17
58,51,26,40,72,61,25,35,36,16,28,37,48,37,48,41,32,59,47,45,18,30,41,23,41,57,57,17,41,25
63,51,34,34,61,56,24,32,39,26,29,39,53,40,46,48,30,56,49,48,24,29,41,17,40,61,48,14,41,19
59,51,23,55,65,54,22,36,47,17,27,36,53,33,49,46,35,58,41,45,25,22,44,21,45,50,59,20,36,18
51,42,29,48,69,56,22,42,48,15,28,40,50,38,44,40,36,49,49,51,22,29,37,22,46,62,52,13,46,16
59,47,24,47,68,50,21,40,39,18,25,35,47,39,56,39,35,56,46,48,25,32,30,20,51,54,50,23,48,20
50,50,28,49,63,52,18,34,43,16,20,35,51,38,48,48,36,55,43,45,22,27,44,19,52,59,56,24,44,23
58,39,28,44,59,55,26,37,35,15,29,41,41,33,49,44,27,57,55,49,22,35,41,17,47,58,62,22,44,23
62,38,27,43,72,60,22,44,42,23,23,43,52,42,43,45,37,62,44,41,21,26,42,20,42,47,53,21,39,16
65,44,30,34,67,59,25,33,44,21,25,41,49,33,45,50,33,56,47,41,14,32,34,19,47,63,61,17,46,17
57,50,29,54,70,51,23,41,38,13,28,33,53,37,48,52,33,59,43,45,23,29,32,19,42,60,51,17,40,22
58,47,20,46,68,55,16,34,33,18,29,41,49,38,39,45,45,58,49,43,22,30,40,14,51,61,56,29,35,23
63,46,36,44,67,56,22,37,39,15,26,42,54,35,41,35,31,54,43,52,20,30,38,19,51,57,49,23,41,26
54,43,33,50,67,54,23,38,43,18,31,37,50,35,50,42,26,61,46,53,18,25,38,19,47,57,47,17,47,23
58,46,26,43,62,57,19,36,34,15,25,43,53,41,53,38,32,49,45,49,19,33,46,18,47,67,58,15,43,22
63,48,34,46,63,52,18,32,45,14,30,41,51,38,48,46,27,49,42,43,16,33,41,14,60,59,53,21,38,27
57,45,26,36,67,59,21,37,36,21,24,50,53,39,46,50,44,58,43,41,18,31,43,22,39,57,56,12,40,21
65,48,32,34,56,58,21,34,37,15,25,41,53,39,49,46,37,53,56,54,19,26,37,16,38,62,58,19,42,22
65,45,26,41,61,54,25,36,46,16,23,42,50,43,46,41,41,57,45,43,15,27,35,24,48,58,62,19,36,22
63,50,37,45,66,60,26,37,37,19,29,34,53,36,40,33,29,55,43,47,19,28,45,20,49,54,51,19,44,24
60,47,31,49,61,50,19,40,39,16,29,36,53,36,48,52,39,58,42,40,19,28,39,19,54,58,54,15,39,22
55,45,28,47,62,53,24,28,38,22,27,41,56,38,43,58,38,54,58,46,19,27,31,23,46,50,58,18,40,19
57,52,28,39,66,49,23,36,30,19,29,34,55,28,53,51,34,60,39,48,21,32,33,20,51,57,56,24,49,19
52,51,32,42,67,52,27,28,32,15,30,34,51,41,57,41,31,56,52,51,21,34,36,21,47,57,52,23,38,21
64,46,29,42,64,52,22,34,43,13,24,32,58,35,46,45,36,59,44,48,21,33,43,23,47,55,56,20,42,16
58,41,34,52,67,59,23,43,39,19,27,39,49,35,45,42,39,54,40,46,18,29,44,23,44,48,54,18,42,21
50,46,30,46,66,51,18,37,36,18,31,44,56,29,43,50,32,66,49,46,19,30,40,16,48,58,54,18,44,21
59,55,30,49,65,57,18,37,40,16,22,40,53,36,51,42,31,59,44,48,20,25,36,19,49,64,46,19,40,22
54,55,33,43,64,64,22,31,42,15,26,40,52,41,47,48,28,60,46,48,20,29,42,22,46,50,53,23,34,14
60,41,34,46,56,62,19,39,37,18,22,40,52,40,42,46,33,65,44,48,19,37,39,17,43,62,59,14,45,13
54,51,27,43,62,59,26,38,35,14,24,46,54,32,49,47,39,55,44,44,13,28,37,17,56,60,52,16,48,22
62,50,27,45,67,50,25,28,41,15,23,46,51,33,46,44,34,51,49,48,21,37,40,19,48,56,57,25,38,16
62,47,27,46,65,56,24,38,38,18,20,43,55,35,47,40,39,62,40,47,25,35,40,15,44,58,53,15,41,17
61,48,30,41,65,52,19,34,37,12,28,40,58,40,56,42,36,48,51,56,22,30,35,18,40,55,61,17,45,15
59,53,30,41,65,53,32,35,36,19,25,36,56,38,44,53,29,62,52,46,17,33,30,21,48,56,56,13,39,15
61,44,30,40,66,51,18,42,41,19,28,40,52,33,48,46,37,53,47,52,21,30,49,18,40,56,56,19,37,18
52,46,35,44,70,58,27,39,36,23,25,35,48,37,46,39,37,55,44,43,21,34,38,16,42,57,59,16,45,25
56,43,26,44,67,54,24,37,44,17,27,41,52,37,42,43,37,49,45,48,21,31,42,19,49,53,57,22,47,18
58,36,26,48,65,69,22,31,43,19,26,36,46,36,53,46,33,55,42,52,21,30,39,19,47,58,60,17,40,19
52,57,23,41,66,53,16,32,51,22,28,41,49,37,48,46,32,52,47,44,13,27,41,25,48,62,51,20,48,20
61,44,34,46,71,52,25,35,43,12,25,45,53,32,46,51,36,49,50,47,17,26,31,17,44,58,59,20,45,18
64,43,26,41,60,49,15,44,31,15,30,43,50,36,52,43,36,57,45,51,26,39,39,17,46,53,57,22,38,24
60,43,34,46,64,57,22,39,36,19,26,38,47,32,50,42,31,52,42,53,22,30,35,21,52,61,56,20,41,21
66,42,35,44,64,49,24,33,33,15,27,30,56,33,49,42,36,56,50,55,17,38,34,20,46,64,64,15,42,13
62,49,28,46,70,55,16,33,39,20,22,36,56,30,56,43,25,57,41,54,30,35,38,21,48,56,52,14,40,20
60,46,35,48,64,60,25,27,32,17,23,42,50,37,47,44,37,51,44,49,20,32,42,22,43,52,54,20,47,22
57,54,38,44,66,52,22,39,37,10,29,37,52,40,54,41,24,59,51,50,20,28,34,19,45,57,53,15,37,28
60,49,33,38,65,51,19,37,42,19,16,40,50,30,53,47,33,60,48,53,16,30,47,15,46,56,55,20,42,22
56,45,38,43,64,54,26,33,38,20,21,43,56,39,42,45,33,65,41,52,24,33,40,18,43,56,52,16,35,21
54,46,27,39,70,58,24,36,42,17,21,46,48,34,48,51,38,51,54,43,17,34,38,19,47,55,54,18,46,17
51,45,27,47,69,53,20,35,46,16,14,37,52,41,52,48,41,53,36,58,15,34,41,21,51,60,48,21,45,15
62,49,28,42,60,56,30,36,46,17,27,42,52,39,48,42,34,56,44,48,24,35,27,19,33,69,49,19,36,23
63,42,32,48,71,53,28,37,40,20,25,38,54,35,51,41,34,57,44,44,17,22,44,11,49,65,59,20,32,16
66,48,31,47,64,57,22,36,47,20,26,41,52,33,44,53,32,59,37,53,16,29,41,18,40,54,56,16,39,15
58,44,28,42,67,58,22,32,48,22,25,38,55,30,42,51,25,59,43,46,22,39,31,21,42,48,63,21,50,20
62,43,30,46,60,54,26,28,33,17,27,31,56,42,54,45,37,52,37,51,22,25,47,20,46,61,57,20,43,20
54,42,29,51,64,57,21,33,42,15,23,33,54,40,47,45,31,57,41,44,28,24,43,24,50,60,59,21,37,23
64,49,25,44,64,53,18,38,40,18,30,40,52,39,47,50,28,59,41,53,19,26,40,21,37,61,58,15,39,24
56,50,27,47,70,59,16,34,38,16,23,35,50,36,46,45,36,65,37,49,20,32,38,18,47,60,52,23,47,20
62,41,29,42,68,52,19,41,36,23,26,47,45,29,51,47,31,61,49,50,20,38,39,10,45,55,54,23,35,24
54,48,28,51,64,57,25,31,37,20,22,37,53,34,49,42,36,54,52,43,16,35,42,15,43,66,58,21,40,19
48,43,35,47,69,57,14,37,34,13,29,44,50,40,42,38,33,58,50,57,19,30,44,19,46,54,56,25,39,22
56,52,24,45,62,59,26,44,40,14,21,36,54,36,46,42,35,61,41,45,16,33,39,21,48,66,48,16,45,21
57,43,33,41,63,57,28,34,36,19,29,29,56,34,56,40,38,61,45,44,21,35,43,17,47,61,50,19,43,13
59,45,30,46,67,61,18,39,32,15,20,38,48,37,48,43,36,57,45,52,26,32,38,16,52,49,54,19,51,19
58,43,29,44,59,50,23,39,39,18,25,36,57,38,47,42,32,58,41,47,17,35,43,22,53,63,60,17,40,17
57,48,29,45,67,62,16,33,31,17,25,49,51,33,41,44,40,55,45,46,24,31,33,19,48,53,59,22,47,22
53,48,32,45,72,57,24,36,44,14,17,40,53,32,48,54,35,57,39,41,21,30,45,13,42,58,56,24,43,19
63,39,29,43,71,54,20,35,35,15,26,41,53,36,49,41,40,54,49,54,19,32,41,21,42,59,55,14,43,19
54,52,36,50,64,53,21,36,32,24,23,34,61,32,48,37,36,58,42,48,14,32,45,21,44,59,52,22,43,19
66,46,31,51,68,60,25,39,39,16,20,44,45,42,43,43,44,53,42,45,21,31,44,18,34,53,61,10,42,16
55,41,36,44,67,54,19,39,36,10,24,35,51,35,48,51,33,60,39,50,29,29,35,23,47,59,55,26,41,21
49,50,27,45,62,48,25,36,39,22,26,51,51,35,47,43,34,58,50,49,19,29,43,18,51,53,56,22,42,12
56,43,29,41,67,46,21,37,39,24,23,41,52,38,49,42,39,55,44,45,18,29,43,16,54,62,61,27,37,14
60,44,28,41,71,52,17,37,36,17,26,42,56,39,45,47,31,57,46,50,20,33,36,14,51,51,61,20,43,21
57,52,31,42,62,57,21,43,36,22,25,46,52,36,45,52,40,49,39,48,19,23,45,17,42,60,56,17,48,10
62,39,33,43,66,51,23,36,37,19,21,36,50,32,52,43,43,60,42,49,19,34,46,19,42,51,62,23,44,15
52,54,24,50,66,60,22,34,39,14,19,39,53,31,44,44,36,55,47,59,20,35,34,23,37,66,49,21,42,23
55,49,28,42,65,61,24,33,31,17,22,32,57,41,50,43,26,57,51,54,23,28,40,15,51,59,57,24,40,17
57,47,32,47,69,57,30,42,37,19,19,38,55,33,43,46,34,55,44,42,23,32,38,19,48,54,56,13,42,21
56,44,28,46,65,52,20,36,41,18,26,40,47,39,40,52,35,58,41,55,19,26,39,20,46,58,58,14,47,26
55,41,31,55,62,56,22,34,43,16,31,38,52,44,42,36,38,46,45,40,19,39,38,19,52,55,62,21,43,17
65,51,32,49,66,51,27,35,37,20,31,38,52,26,41,42,34,56,42,53,15,31,37,24,42,56,58,16,47,18
59,52,29,47,68,58,25,37,46,19,21,37,51,34,55,38,30,57,34,55,15,24,34,19,50,56,56,23,38,25
60,50,28,37,61,57,24,37,30,16,26,39,53,29,52,48,35,62,43,53,28,29,39,19,45,59,56,19,36,22
57,45,28,51,64,62,25,39,40,13,24,38,53,43,41,44,32,52,52,52,19,26,39,13,48,57,52,20,40,23
60,45,30,48,63,56,24,29,37,19,23,48,51,35,46,42,27,59,43,50,24,30,46,18,41,50,53,27,38,30
60,51,28,42,54,52,22,32,42,17,35,39,56,33,55,44,29,60,45,47,27,23,40,18,38,66,49,24,48,16
60,46,26,44,69,58,22,32,40,24,29,43,53,35,38,45,37,61,42,43,26,34,32,19,47,56,53,20,42,16
55,52,32,44,68,53,19,35,38,14,28,40,51,36,43,40,36,53,48,48,25,28,42,14,44,60,63,12,48,23
53,38,25,42,59,63,26,38,46,16,26,44,47,37,48,55,34,64,53,43,17,27,37,18,42,62,56,15,42,19
62,48,31,47,63,55,24,35,29,18,32,41,56,40,51,45,31,52,44,49,18,28,32,19,46,56,61,21,40,18
57,47,35,45,63,55,20,38,42,16,28,31,45,42,49,46,35,56,48,48,25,35,30,19,45,61,53,23,41,14
57,42,26,46,65,56,25,42,36,21,25,39,53,30,49,51,40,53,44,51,16,26,42,21,47,62,51,17,36,23
56,46,29,47,65,48,17,41,40,16,26,45,49,44,56,34,30,52,46,50,18,30,33,19,48,66,67,15,45,14
56,54,28,45,63,59,24,35,43,19,23,46,44,35,48,55,33,54,45,43,24,28,33,9,40,65,56,23,41,21
61,45,27,40,70,52,23,37,41,19,28,44,52,33,48,34,35,61,48,49,26,27,41,14,48,59,53,19,43,15
56,43,26,34,62,55,30,37,45,23,24,45,52,38,42,44,35,60,53,45,15,34,33,20,52,49,61,21,39,19
54,46,24,45,67,65,19,43,30,21,21,38,43,42,55,43,33,54,41,48,22,29,36,25,49,55,55,20,45,24
59,44,36,41,65,54,20,29,35,20,22,39,57,32,45,48,34,63,49,54,22,28,35,20,46,62,53,12,48,20
59,49,29,46,64,56,20,37,43,14,21,39,51,41,46,43,30,64,44,56,15,30,37,15,45,62,48,20,48,20
62,49,22,52,63,51,20,41,44,24,23,32,57,43,38,42,36,59,43,51,21,31,34,18,44,57,50,14,53,18
57,53,26,38,64,53,23,35,37,16,24,36,60,34,44,38,36,61,38,45,21,37,49,17,51,56,55,21,43,24
50,47,23,47,66,52,26,33,44,15,22,43,55,36,42,45,34,61,41,51,25,22,37,20,50,57,59,21,43,25
60,56,34,50,71,61,18,40,42,12,23,32,49,38,47,40,31,62,36,44,12,27,49,20,41,57,56,20,39,25
62,45,27,47,60,51,19,44,31,19,22,43,55,36,54,42,33,59,47,42,19,35,45,21,48,56,60,16,41,13
61,48,26,49,61,49,21,31,36,21,23,35,49,45,49,38,37,54,46,57,19,25,43,22,49,58,58,18,43,21
55,52,28,40,61,54,26,39,47,17,21,42,46,37,48,42,37,52,56,45,20,30,37,23,45,55,58,17,36,26
50,42,35,53,58,60,22,36,39,21,18,44,60,36,48,46,32,52,46,44,19,34,42,17,54,55,58,14,40,17
55,45,32,41,66,53,24,36,37,21,26,40,51,27,46,43,30,60,44,54,19,30,51,15,50,55,54,23,44,20
53,44,34,39,65,59,20,35,37,17,30,41,51,39,48,44,35,59,47,43,19,27,38,21,46,55,61,21,44,20
58,42,21,50,60,56,17,38,34,21,27,36,53,39,52,44,32,56,41,50,21,36,48,23,46,51,60,19,40,21
58,42,28,48,63,55,24,41,42,14,29,35,52,32,43,54,42,55,40,54,21,30,33,13,47,57,57,20,46,17
64,46,37,42,63,55,18,39,42,17,31,49,52,31,36,41,35,59,43,46,21,36,32,20,49,60,59,20,33,16
63,38,30,37,62,57,25,31,39,19,26,42,44,34,50,40,39,59,47,49,25,35,42,27,40,52,55,22,42,21
45,47,37,42,64,57,17,33,34,19,33,33,57,41,50,41,32,68,41,44,23,35,41,13,50,56,59,19,42,19
61,44,31,49,65,61,24,35,40,15,29,44,57,37,43,40,23,52,39,48,13,42,41,20,45,53,56,18,47,20
59,40,27,51,65,57,21,30,41,18,26,45,53,35,45,51,34,52,51,41,19,34,44,22,41,53,56,12,50,19
56,47,22,39,69,50,18,36,49,24,23,39,50,31,52,44,38,55,48,45,24,32,38,23,43,58,53,21,48,17
60,46,27,42,59,60,22,41,39,23,24,40,55,31,45,40,39,52,38,46,20,31,33,21,46,59,61,25,46,21
56,50,32,45,68,49,19,38,36,17,22,40,50,37,43,47,35,57,36,42,24,37,39,17,52,59,62,18,43,22
53,50,25,43,68,55,28,38,45,24,21,42,48,36,48,46,32,59,38,54,18,26,37,18,52,52,54,22,46,14
55,43,33,42,70,61,20,38,37,19,24,39,51,40,40,44,46,59,46,45,24,27,48,16,40,53,55,18,44,15
62,49,29,38,65,52,21,36,44,17,25,46,58,33,53,47,33,53,44,40,24,27,34,19,40,62,53,18,47,23
58,45,31,45,67,50,19,36,39,16,28,39,56,37,53,42,46,53,42,48,21,33,43,22,46,55,55,16,38,13
54,52,29,44,63,56,27,28,37,16,19,39,50,39,44,45,38,55,45,50,18,35,28,15,50,63,62,20,47,24
56,47,31,43,65,52,22,29,33,15,26,38,57,39,55,41,33,52,47,52,28,29,42,17,47,60,58,16,46,16
53,42,35,48,64,56,20,39,46,21,23,42,49,32,43,39,35,59,45,54,20,31,46,19,41,58,53,19,38,22
57,47,28,45,68,53,20,48,41,9,26,36,52,41,46,44,32,60,46,49,17,29,31,16,48,51,59,22,49,22
61,53,32,42,65,57,23,38,36,23,29,29,50,31,42,51,40,58,47,48,23,27,35,25,44,58,57,16,37,15
62,46,35,42,61,48,24,42,41,19,24,40,53,43,54,42,40,53,41,55,16,34,43,17,51,52,52,17,33,12
56,47,24,42,64,52,28,34,40,19,24,34,48,33,44,48,34,66,53,45,19,31,40,19,55,53,55,23,44,18
64,49,29,46,69,63,23,41,32,21,29,46,49,25,39,46,36,62,40,43,18,30,44,20,36,56,55,18,43,20
67,48,23,36,59,55,23,39,34,20,24,42,50,38,51,37,36,60,44,52,23,34,29,23,55,58,49,22,40,21
61,49,22,37,65,53,19,34,40,17,35,36,47,32,52,46,37,51,48,52,20,37,31,15,47,61,66,19,41,22
59,48,34,46,60,58,23,32,44,20,20,38,57,39,42,44,30,54,51,41,19,31,41,23,50,54,61,19,35,19
56,55,30,51,63,55,24,28,42,10,23,50,52,38,46,46,33,57,45,46,19,39,35,21,46,58,58,15,36,15
64,48,29,40,70,55,27,45,42,16,22,37,54,37,41,42,37,54,39,47,15,32,41,26,36,56,52,24,46,18
54,48,33,45,63,56,23,41,38,24,26,33,52,40,45,43,34,62,42,47,21,37,40,19,49,56,55,16,31,19
56,51,33,43,59,51,31,31,34,24,24,41,53,31,54,46,38,56,39,49,26,33,36,20,43,52,48,22,47,21
55,42,33,47,56,58,23,33,44,24,24,40,56,34,49,43,47,48,46,50,19,29,37,13,51,59,61,22,34,15
54,40,44,53,66,55,23,30,43,12,16,43,45,34,42,49,41,50,43,51,27,38,37,16,45,52,64,27,33,19
53,44,38,43,64,54,26,34,49,20,29,48,53,40,49,38,33,51,42,48,11,34,42,16,43,56,60,19,37,18
60,50,34,42,57,61,26,42,47,13,28,46,47,35,50,45,34,50,43,48,21,31,36,16,41,59,53,15,42,20
56,42,36,50,62,52,24,37,45,14,22,43,49,41,48,43,33,48,40,49,18,32,48,13,46,59,57,18,49,18
58,46,33,45,63,57,20,37,45,13,32,34,58,37,53,46,31,54,35,55,20,25,36,13,44,55,57,19,52,19
52,43,37,39,72,53,21,31,47,21,35,35,54,40,42,37,42,52,45,48,20,20,33,17,43,65,61,20,44,23
60,56,32,35,69,55,23,33,44,19,20,42,57,47,46,46,34,55,48,45,20,31,46,13,39,51,57,20,35,14
58,42,23,48,66,55,18,29,35,24,21,44,49,39,41,48,43,59,50,51,17,24,44,19,49,59,54,21,35,27
61,50,29,50,57,58,21,41,37,19,22,35,49,42,46,48,27,55,48,49,23,29,42,24,49,55,49,17,32,28
66,47,37,45,68,48,24,31,43,13,26,30,55,41,54,45,32,51,45,48,16,32,33,13,57,57,57,16,43,19
60,46,30,45,67,58,24,32,41,14,28,37,47,31,45,46,38,53,44,56,18,34,43,23,43,52,56,21,41,19
50,50,26,41,68,59,18,40,35,16,24,34,57,42,45,44,39,62,45,54,20,31,40,17,40,61,55,23,39,17
46,48,31,51,67,57,16,40,48,16,21,40,57,31,49,40,24,55,44,47,20,32,40,27,48,56,57,19,44,21
56,47,29,43,73,54,25,34,39,17,29,48,50,33,52,42,42,57,45,45,16,22,40,16,44,55,56,19,40,24
57,58,26,40,66,48,25,32,45,15,26,50,53,37,44,49,34,58,38,55,16,36,44,18,47,51,53,14,41,16
55,52,29,46,66,52,28,42,42,18,30,31,48,40,51,41,41,50,49,49,16,33,38,15,51,54,53,17,36,19
63,46,29,42,69,66,22,44,40,17,27,36,54,38,46,45,30,59,39,47,23,27,37,14,44,55,50,23,43,17
58,42,24,41,64,55,34,42,44,12,27,41,52,39,45,46,32,57,44,39,22,35,39,18,46,60,60,21,39,14
57,45,24,46,69,58,19,26,35,20,27,39,57,36,43,41,39,60,50,50,19,32,38,17,48,57,57,21,40,22
56,47,33,43,61,60,16,41,43,24,21,41,50,38,44,44,34,59,48,47,14,25,38,14,48,58,61,24,44,16
59,53,33,46,69,49,21,40,45,15,23,41,51,33,44,39,34,56,46,52,18,32,29,14,44,59,59,25,43,20
58,43,32,38,63,51,23,32,35,19,28,40,56,33,54,48,34,56,46,47,18,32,42,17,47,61,54,17,43,25
61,40,33,50,70,60,19,37,43,21,22,38,45,35,47,42,33,59,45,55,22,34,39,23,34,54,53,15,44,19
60,42,27,49,59,53,16,29,43,14,27,40,53,38,48,55,36,59,43,47,23,29,33,16,46,61,63,17,45,21
56,46,29,47,59,63,20,40,44,17,31,31,55,35,59,40,41,58,45,54,15,32,32,18,41,55,48,14,47,20
64,52,33,45,69,56,16,42,37,13,23,43,50,29,52,46,42,57,38,43,17,31,38,15,51,56,56,18,43,17
58,42,29,45,65,52,19,49,36,16,22,38,54,33,49,47,35,55,51,39,29,29,37,17,50,62,56,20,43,15
53,45,30,47,68,54,20,34,45,19,19,38,55,39,47,47,28,52,35,56,16,32,49,19,50,56,59,17,46,17
47,56,32,53,62,53,23,32,34,17,21,42,50,36,44,42,32,59,47,52,23,31,46,17,49,53,64,16,41,18
58,41,32,44,67,54,19,41,39,16,19,42,52,37,49,45,35,55,45,44,18,27,44,18,48,56,55,22,47,23
61,48,33,48,63,63,25,31,41,20,25,36,44,37,52,39,37,61,46,48,15,33,36,16,46,58,51,15,40,24
56,46,33,38,66,47,19,40,34,14,24,45,55,33,40,45,30,50,55,50,20,27,46,18,51,55,63,20,50,22
58,47,28,43,67,50,22,37,35,16,25,36,51,33,54,35,39,54,39,56,16,34,47,21,47,62,55,22,46,17
61,52,26,49,62,55,15,30,37,23,23,40,48,39,46,49,32,52,45,54,25,27,39,19,50,59,56,20,39,20
58,44,28,43,65,55,29,34,40,20,25,40,51,33,42,47,28,63,37,51,15,40,41,20,44,53,56,21,44,25
61,50,24,49,66,60,24,37,34,20,25,36,49,41,49,41,32,60,49,46,21,31,39,19,46,55,53,17,38,20
63,48,23,43,63,57,10,31,40,21,27,37,49,39,36,45,34,56,51,42,23,37,46,21,49,59,61,21,37,23
48,54,27,44,70,47,22,36,35,18,27,36,55,38,48,43,39,58,39,48,16,34,45,21,45,60,51,25,45,18
52,50,25,41,67,59,25,33,38,15,30,32,56,35,51,41,47,56,42,57,23,26,36,19,47,61,47,19,41,21
56,55,29,40,65,50,23,39,37,15,21,37,53,37,51,41,31,58,42,52,22,30,40,22,50,61,51,21,42,21
59,47,26,48,63,55,17,43,34,18,27,39,46,36,46,50,45,56,49,45,27,25,34,17,41,60,54,23,44,18
59,54,25,45,66,57,20,35,29,17,29,40,50,35,36,50,36,56,53,51,24,33,47,19,44,59,55,16,38,14
62,50,28,35,62,56,27,33,35,24,25,37,54,29,45,45,35,56,39,46,23,35,43,17,53,60,59,19,41,19
54,47,29,42,65,56,16,34,38,18,31,44,50,41,47,49,27,61,44,44,22,32,40,21,43,61,60,15,45,16
62,45,22,47,62,58,24,40,39,20,30,32,57,31,48,52,32,56,53,44,20,20,37,17,43,60,59,25,39,18
59,52,30,38,71,63,25,35,42,15,31,37,46,32,49,40,42,53,37,48,17,28,46,18,49,52,52,15,47,23
57,45,39,48,67,56,13,37,44,20,25,32,46,32,45,53,38,54,47,49,16,28,44,21,46,58,60,21,39,12
57,48,34,48,67,56,22,31,33,18,22,34,53,38,50,48,36,59,55,43,16,31,37,17,48,55,64,21,34,17
54,53,29,51,64,54,14,41,41,17,24,32,49,41,47,45,33,54,40,56,17,31,37,19,57,66,55,17,40,14
62,45,31,44,59,61,19,37,37,19,25,41,55,34,41,41,37,55,44,46,16,32,48,14,46,63,49,18,52,21
57,35,31,47,67,59,25,38,38,19,23,40,57,32,51,43,27,60,41,54,23,28,44,18,35,55,53,19,47,26
57,52,27,45,66,54,17,28,40,21,23,33,56,40,51,43,41,54,43,45,21,29,34,19,49,65,60,20,41,18
61,38,26,39,70,52,21,38,38,17,27,42,54,32,46,51,33,53,49,59,17,27,39,19,54,54,57,21,40,18
53,57,35,45,68,50,24,32,33,11,22,44,56,41,43,47,40,55,40,44,17,26,41,16,46,62,60,18,45,21
60,50,34,41,65,61,14,38,40,23,22,43,48,41,37,50,25,53,49,45,19,34,41,14,51,56,54,25,43,16
63,49,33,43,72,52,25,29,28,18,20,38,54,35,61,46,33,50,42,50,24,26,49,15,47,57,51,20,37,25
51,43,32,43,71,60,18,38,48,13,25,32,56,41,49,47,35,59,46,44,21,29,35,23,50,62,54,14,36,17
56,51,31,49,67,55,26,37,37,18,23,42,51,36,51,50,37,59,48,48,21,25,36,15,37,60,55,12,45,14
49,43,32,39,65,54,19,30,41,24,26,42,60,37,46,45,41,56,47,44,21,31,45,21,47,54,53,19,45,16
55,48,30,49,68,60,23,40,33,13,26,41,52,41,47,51,37,47,44,41,14,38,38,18,35,61,55,23,44,20
63,52,24,39,65,58,24,39,37,17,24,34,55,33,45,48,42,60,36,42,23,35,45,17,44,64,54,14,43,16
60,54,27,44,67,59,24,33,35,14,23,35,58,38,46,48,24,55,39,43,19,32,38,27,46,61,56,20,40,27
58,50,30,44,67,55,24,38,39,16,25,36,55,38,41,43,30,52,49,47,22,34,39,23,52,60,56,14,41,14
54,42,33,50,70,50,13,32,36,16,21,40,49,41,50,41,34,55,50,55,23,30,38,17,45,62,55,16,49,25
59,53,30,42,63,48,20,35,34,25,29,40,51,40,53,50,30,58,44,56,12,29,39,24,46,56,52,13,36,25
60,51,29,46,67,66,19,35,35,17,21,45,52,42,43,35,25,55,42,41,23,40,34,16,46,62,57,18,45,25
61,48,30,46,64,57,21,31,46,15,27,39,53,35,53,45,28,51,52,48,19,26,42,18,39,62,55,19,44,18
54,41,29,43,62,56,23,43,41,21,22,40,55,45,47,43,34,61,51,44,12,32,39,16,46,58,60,16,42,16
59,47,31,40,68,57,15,42,36,14,26,38,50,32,47,48,29,60,42,56,17,35,42,19,44,56,60,21,40,21
67,46,29,41,61,60,19,36,33,23,25,39,49,45,49,45,31,52,48,47,21,34,35,16,45,57,53,20,40,26
61,47,29,43,63,61,19,41,46,20,25,35,47,38,49,47,33,55,30,55,18,31,42,18,49,58,47,19,44,22
58,46,32,41,60,59,26,43,39,14,24,38,53,39,46,46,38,53,45,48,17,31,44,14,44,61,57,16,36,24
51,53,33,43,67,49,27,34,40,19,19,37,45,30,51,42,29,50,43,49,22,37,46,20,48,62,54,21,46,25
58,44,25,45,64,51,27,31,38,19,29,32,57,33,53,49,26,56,41,53,21,38,35,18,48,58,63,19,43,18
54,39,28,42,66,51,16,47,47,19,23,37,47,36,37,41,44,56,48,44,15,39,30,19,53,68,60,21,44,21
55,47,38,50,72,53,27,39,42,12,25,37,57,35,42,41,38,64,46,48,22,24,35,18,42,57,58,20,35,13
60,46,33,46,54,56,24,41,39,23,30,35,61,41,46,42,33,55,46,46,18,34,32,16,42,57,57,23,43,13
64,48,26,43,67,55,13,37,34,26,24,38,42,41,53,45,35,62,45,47,21,32,40,22,39,60,55,17,43,18
50,50,26,54,67,54,21,38,34,14,24,38,50,36,51,45,32,56,49,46,27,27,39,17,51,56,61,16,40,23
58,47,31,47,62,53,21,34,34,15,25,46,51,41,50,43,33,53,45,48,22,29,38,20,48,63,56,19,37,23
61,43,26,44,64,60,16,42,37,22,27,35,58,34,40,49,35,60,38,51,19,30,40,19,47,56,57,17,44,21
51,46,29,40,58,52,21,32,41,16,27,36,53,40,50,49,44,59,42,44,19,28,48,15,44,61,55,17,49,26
53,52,30,45,65,53,27,43,38,17,28,31,57,35,50,43,41,58,35,44,20,29,39,17,46,64,60,17,41,14
57,43,30,46,63,55,21,35,38,18,26,33,53,37,37,49,33,59,45,42,22,30,39,26,42,64,57,22,49,21
57,47,25,44,60,54,23,34,47,17,23,40,58,44,49,44,35,61,45,49,19,19,44,15,40,63,60,23,30,23
59,53,36,41,58,54,15,29,37,19,25,40,55,37,48,43,37,59,46,47,22,26,42,23,55,60,53,19,38,16
56,53,31,45,68,57,25,34,33,23,30,39,53,35,48,44,33,61,44,49,18,31,34,11,46,60,53,16,40,22
54,49,37,45,69,52,24,37,31,21,18,40,47,39,50,42,35,56,41,40,24,36,45,18,43,67,49,25,37,21
59,60,31,39,64,57,22,28,37,26,28,37,50,31,40,48,36,63,52,36,19,33,36,26,50,52,57,19,41,15
53,47,24,45,63,59,20,42,44,19,32,32,46,34,45,45,38,60,45,43,23,24,42,19,42,56,66,19,40,25
56,42,31,48,63,50,18,39,43,22,29,35,55,30,40,44,27,61,42,41,23,42,36,19,53,57,55,25,46,20
58,57,37,51,66,55,22,37,47,16,25,31,51,36,39,47,30,48,39,51,30,28,31,21,50,50,57,19,40,23
56,54,32,42,60,53,25,39,40,12,27,36,49,36,43,48,40,51,42,54,20,31,34,23,44,56,54,21,47,23
61,44,31,39,68,56,24,30,44,13,29,45,53,37,49,43,39,54,30,55,22,36,36,15,46,55,56,19,39,24
62,46,32,40,67,53,22,32,37,22,35,36,49,30,49,41,38,59,44,48,17,30,52,18,47,53,57,17,41,18
57,38,31,39,68,53,24,34,32,17,29,41,57,37,41,52,37,62,37,38,24,30,43,22,50,61,58,13,45,22
65,49,24,38,67,49,26,36,31,19,29,46,52,38,46,40,34,58,42,50,19,36,41,16,53,52,59,17,39,21
60,48,24,36,69,57,15,37,42,17,30,37,54,32,45,51,37,51,49,44,17,29,47,25,42,62,54,19,44,18
69,49,30,41,67,49,25,37,36,21,21,36,53,34,39,49,29,55,46,47,23,33,32,16,42,56,63,19,50,25
60,48,24,46,64,48,23,36,38,12,33,38,63,32,50,37,32,58,40,56,18,32,41,21,44,58,61,17,41,21
54,44,30,42,62,50,18,28,38,20,31,44,51,26,51,45,39,57,41,52,23,30,37,22,50,61,61,16,49,20
50,46,30,41,65,47,18,39,32,20,24,37,53,44,50,48,32,54,42,55,23,33,42,24,51,60,56,14,37,25
60,46,31,44,66,57,20,33,39,16,24,38,53,42,46,43,38,58,42,58,17,34,40,17,44,58,52,18,41,17
65,54,24,46,63,64,22,30,35,17,27,37,52,44,52,44,39,52,41,38,24,28,39,14,49,66,52,16,37,21
55,49,32,37,65,55,25,47,41,13,26,40,50,42,51,49,33,51,44,45,23,34,36,18,38,54,57,20,45,17
57,52,27,39,70,56,23,45,32,16,21,34,61,33,42,46,30,61,44,49,25,39,37,15,42,66,50,17,43,20
56,46,27,36,68,55,29,40,35,11,21,40,57,44,41,52,34,53,45,44,26,32,41,20,48,57,56,20,39,19
63,50,37,48,66,59,27,38,35,15,26,42,46,25,50,43,32,52,45,53,23,33,46,15,35,51,55,18,47,17
57,52,33,37,71,42,21,38,46,14,27,41,55,36,46,45,28,57,40,48,19,36,39,23,52,56,56,22,39,16
65,46,31,40,68,55,21,35,35,17,17,45,45,40,49,42,33,56,45,51,16,33,45,21,52,52,60,19,45,13
52,49,27,45,72,59,23,36,33,14,28,45,46,37,47,51,24,49,48,46,21,39,47,21,41,61,59,13,41,18
61,46,29,39,65,62,23,28,42,12,23,45,55,41,48,53,32,56,49,38,19,29,35,16,49,58,57,18,44,20
51,53,33,52,65,45,24,38,38,20,20,41,55,34,50,40,42,51,42,52,19,29,48,14,48,64,51,14,46,13
57,43,30,47,61,55,23,34,34,20,20,33,55,40,45,46,41,59,49,42,22,32,45,21,45,61,56,21,42,13
56,49,31,37,62,61,11,34,44,16,26,41,48,37,48,44,39,57,51,45,19,28,38,19,48,52,57,29,46,19
56,54,39,49,68,54,30,38,30,16,27,42,52,33,46,46,35,48,36,45,20,25,41,16,39,63,60,14,46,24
57,52,34,40,70,49,22,42,42,14,25,42,48,39,46,49,34,51,50,45,18,39,33,14,39,61,57,21,47,12
65,44,35,48,59,60,18,41,37,20,20,31,54,36,41,47,32,58,48,50,13,32,39,20,43,57,59,20,40,25
60,38,42,37,59,53,16,43,39,16,31,45,57,38,48,43,39,49,46,47,16,31,35,17,40,57,61,21,47,21
59,53,37,46,66,62,25,38,44,14,22,34,48,37,48,46,31,58,39,50,14,33,43,11,47,57,55,20,42,13
62,45,36,36,65,57,16,45,37,16,31,35,54,39,46,40,31,52,50,53,15,27,39,23,52,56,56,21,32,25
57,50,37,49,64,55,29,33,38,23,22,33,53,43,47,49,42,51,36,47,17,34,32,16,37,60,60,20,42,16
60,42,30,48,63,61,19,38,40,21,28,39,60,37,41,42,32,53,42,51,22,30,43,16,42,59,58,22,32,21
59,50,30,48,62,55,27,38,35,14,22,40,54,33,49,46,34,56,48,47,19,26,38,17,51,54,61,11,42,26
55,49,24,49,64,59,24,35,36,15,30,39,52,40,40,41,28,53,41,54,22,35,37,18,51,62,57,20,42,20
60,50,33,43,64,59,26,29,36,23,30,37,56,41,40,43,38,52,40,45,20,35,42,14,44,57,55,14,43,23
56,47,26,34,70,48,18,29,36,16,25,49,55,38,52,52,39,60,41,45,27,36,36,21,53,55,46,14,41,27
58,42,27,38,67,55,19,37,46,15,25,37,47,34,45,44,41,58,43,50,25,31,37,19,48,49,61,24,44,26
60,47,28,44,69,56,28,39,40,24,30,36,46,32,52,44,32,52,47,50,21,26,35,18,44,57,53,20,46,16
60,36,26,44,62,53,17,36,51,14,20,45,50,36,47,47,43,55,50,48,14,34,37,17,49,65,56,20,45,15
60,45,35,44,71,55,18,40,35,13,25,38,52,40,43,53,31,60,52,43,15,35,34,18,48,52,54,20,41,22
58,51,25,45,62,57,26,46,23,14,29,33,56,38,48,56,30,56,52,45,16,31,41,19,44,63,50,18,36,24
56,48,32,54,61,53,17,37,35,18,29,40,55,43,41,46,33,55,50,49,25,24,37,19,43,59,58,16,38,21
55,42,30,50,63,45,27,42,41,12,32,37,55,33,44,44,34,61,46,46,26,26,42,17,40,58,61,19,42,22
61,43,39,41,72,58,26,36,35,18,22,43,55,34,55,45,23,60,43,55,14,26,31,20,48,54,58,18,40,19
61,44,29,42,71,58,23,47,37,17,28,43,57,29,43,42,29,57,44,48,21,25,47,20,48,55,58,19,35,15
66,45,36,35,64,63,19,32,33,21,33,36,54,32,45,47,30,53,43,47,19,35,33,20,39,60,63,23,40,26
54,47,24,38,65,63,19,35,46,18,27,37,50,40,53,40,35,57,46,50,21,23,40,15,46,54,63,18,45,23
54,45,32,45,61,59,19,45,31,17,24,38,55,40,51,50,35,53,46,37,9,40,43,22,52,52,60,19,40,18
61,53,23,43,64,62,27,36,29,18,23,35,58,27,52,47,30,68,42,49,25,31,36,18,42,62,55,17,37,22
60,42,26,45,58,54,16,39,36,19,31,42,58,38,45,38,41,61,39,47,18,29,43,19,42,56,63,26,41,20
57,53,32,46,69,55,24,34,45,19,23,30,57,36,50,49,30,55,35,47,17,31,38,21,50,61,59,18,33,18
56,53,31,36,67,56,23,37,45,21,19,35,51,36,44,35,31,56,46,57,15,27,41,16,47,54,57,28,45,27
68,49,32,49,63,59,19,41,37,17,23,41,55,33,47,41,36,51,43,45,21,34,42,14,46,56,49,20,41,20
63,56,30,40,67,53,25,32,44,19,23,41,48,36,45,50,35,52,37,52,24,30,38,18,47,52,50,22,44,19
61,49,43,38,66,55,19,33,36,17,29,41,56,35,44,43,34,49,42,50,15,30,37,15,45,61,65,17,52,15
58,46,27,47,66,54,26,39,37,17,36,43,54,31,48,49,35,56,52,37,18,32,36,15,42,58,56,17,40,20
60,52,26,46,63,54,20,37,37,17,26,35,56,35,48,41,31,60,39,53,20,33,37,15,47,58,57,23,40,26
59,51,30,40,64,57,24,36,40,18,24,32,57,42,44,37,36,57,44,41,16,29,40,25,47,60,59,22,44,17
57,42,28,46,74,53,25,30,33,22,24,36,52,33,46,43,35,61,48,49,20,32,38,17,41,62,57,27,40,21
60,55,29,47,63,58,18,36,33,16,19,42,50,30,47,38,35,56,42,51,22,35,43,22,39,62,62,17,45,20
55,47,28,38,69,56,24,44,42,14,24,42,53,39,46,44,42,53,41,46,14,34,36,19,50,57,54,17,40,24
61,52,29,41,62,50,23,42,43,20,18,33,53,41,49,40,35,57,46,47,19,26,38,21,48,58,54,17,47,22
59,47,30,48,70,56,24,43,48,15,30,35,44,41,46,40,33,57,37,45,22,27,31,18,50,52,61,22,43,18
50,47,28,51,66,56,18,33,42,13,27,33,49,41,49,49,32,57,45,51,20,27,42,24,48,59,63,16,34,22
58,44,28,40,68,49,29,40,40,16,31,35,54,39,45,48,43,56,49,40,21,38,35,18,43,57,50,15,42,21
63,50,21,45,63,62,24,41,37,17,23,40,51,34,46,42,37,57,42,44,23,36,30,19,55,55,60,18,41,16
56,54,29,41,61,59,18,30,44,14,20,35,56,35,59,41,36,55,40,52,25,22,44,15,50,55,61,21,38,26
57,42,25,40,61,57,20,38,40,16,24,43,41,39,43,47,39,53,50,56,25,32,34,20,46,62,55,18,48,21
57,45,28,53,65,56,16,37,29,20,26,31,51,33,54,47,28,63,42,44,18,32,47,20,50,59,56,20,46,19
54,43,32,44,60,52,20,39,41,23,25,35,51,35,51,44,41,63,47,38,18,29,38,23,47,50,65,22,40,22
57,42,29,51,59,55,27,34,37,20,18,40,53,34,46,46,45,65,42,48,21,31,36,18,55,58,48,18,37,22
63,55,34,42,62,49,27,34,33,17,25,38,48,42,42,48,39,63,47,48,24,25,32,22,48,51,56,19,43,16
50,42,30,44,65,61,29,35,34,16,22,33,48,34,54,44,36,55,53,48,14,29,43,22,57,61,55,20,41,17
59,50,32,41,62,59,21,34,45,20,32,37,54,42,46,45,37,54,41,41,23,28,37,20,44,53,56,19,43,17
51,53,26,44,74,54,24,34,40,17,18,40,51,32,46,47,31,63,39,46,19,23,41,21,52,57,59,17,49,24
54,46,30,39,67,57,21,34,45,14,21,41,51,41,45,45,33,58,45,54,17,38,34,19,41,54,65,19,40,24
55,42,29,40,63,59,14,38,38,22,28,40,56,35,46,46,42,58,38,46,23,31,39,24,44,61,61,19,38,17
64,47,22,43,68,56,21,39,49,20,22,48,50,35,51,40,33,54,40,48,18,34,36,14,50,62,54,20,41,13
59,49,24,45,59,49,17,38,37,7,30,40,45,37,46,46,37,55,52,45,16,42,43,26,49,60,62,20,34,23
59,46,31,41,68,58,20,38,42,22,25,41,49,28,42,44,31,61,44,46,26,33,33,15,54,58,58,18,44,17
57,38,29,43,66,55,26,41,36,17,28,42,62,35,49,50,32,58,39,48,18,33,38,14,50,58,59,14,39,18
52,49,35,42,66,62,15,41,39,21,26,32,49,42,50,47,38,52,44,47,17,31,34,22,46,55,49,19,50,20
56,49,28,40,63,53,25,38,28,22,32,43,46,37,48,38,37,60,54,40,22,19,43,28,52,61,56,17,39,18
55,51,31,47,66,52,27,31,43,9,25,43,50,36,48,52,35,57,36,44,25,35,41,19,49,57,53,13,38,24
59,54,34,42,65,53,23,37,32,16,27,32,48,34,44,42,38,54,51,51,22,32,45,20,47,59,53,21,41,16
63,49,32,42,69,49,17,37,37,20,29,44,56,37,52,43,26,62,42,54,16,30,35,18,44,60,56,20,31,22
55,50,27,37,68,55,24,39,40,17,31,35,55,36,48,39,38,56,46,47,17,33,39,13,50,58,59,20,39,21
57,49,34,41,63,52,22,34,34,16,27,42,50,42,48,50,38,54,47,52,15,32,45,14,43,54,53,23,41,20
55,57,30,43,61,59,21,34,38,18,22,40,52,36,56,46,35,62,44,49,15,27,41,20,45,53,57,16,44,16
56,56,30,42,74,54,21,38,41,12,29,40,52,41,48,47,31,55,44,42,14,34,34,21,44,62,53,17,44,16
57,50,20,47,72,54,21,42,39,20,22,34,55,37,46,47,28,56,48,45,14,33,44,23,43,57,58,19,40,21
56,51,38,40,69,56,25,36,41,21,24,34,49,32,47,41,29,56,45,45,26,37,41,12,42,59,57,17,48,18
57,51,25,47,67,53,21,37,32,22,25,36,51,38,50,42,34,55,42,57,21,24,38,14,47,64,53,25,45,19
52,52,22,51,68,60,29,35,49,17,23,40,48,41,43,41,31,62,42,47,12,30,37,22,44,60,50,21,42,21
57,43,27,40,62,54,19,36,31,16,28,38,57,40,45,50,33,54,47,54,23,31,45,18,46,53,60,18,45,22
57,48,36,47,67,52,26,33,40,16,28,39,64,33,46,43,35,59,46,41,18,37,30,17,48,61,50,19,37,19
50,51,27,44,59,55,28,34,44,16,26,45,55,25,48,52,25,56,49,58,22,36,40,15,44,55,54,18,37,24
61,42,30,47,63,58,23,31,31,15,18,42,48,36,56,41,22,59,49,58,21,34,47,20,52,57,58,16,39,18
56,44,25,47,68,49,21,40,42,18,32,31,49,45,44,46,30,51,36,51,32,34,38,18,50,59,56,20,45,15
52,40,28,39,67,54,19,39,35,16,32,35,56,35,47,42,34,61,45,51,19,30,41,22,52,55,60,22,41,23
63,46,29,44,67,61,25,34,33,16,28,36,57,27,51,36,31,61,44,51,17,36,35,19,42,60,58,22,46,17
62,37,29,49,66,54,24,35,33,16,27,49,46,39,39,44,41,57,50,40,22,22,35,22,43,64,67,21,37,22
62,45,25,46,64,61,24,28,42,17,23,42,54,32,42,48,38,57,53,44,19,38,36,21,47,59,54,14,35,22
60,45,30,43,68,54,26,38,36,18,27,32,45,36,45,48,29,60,46,42,25,33,40,21,45,57,61,24,38,20
61,43,21,48,67,51,17,33,44,16,27,41,50,38,51,47,41,54,46,41,16,26,41,15,45,60,65,18,47,22
56,50,25,38,63,50,18,40,43,15,18,46,50,35,43,49,34,54,51,55,16,39,43,22,43,58,51,21,47,19
68,42,29,46,63,56,24,36,38,15,33,47,51,39,42,50,37,52,49,46,22,27,38,22,43,54,49,12,48,14
58,43,30,48,64,56,23,35,34,15,24,45,54,43,51,39,42,58,42,50,19,34,35,20,41,51,55,25,42,16
62,47,26,38,65,54,29,32,40,19,28,37,48,39,48,44,34,50,55,53,21,36,37,20,41,59,51,18,44,17
53,48,27,44,69,52,19,38,43,23,21,45,50,34,46,45,35,54,48,47,19,26,46,13,45,54,59,24,49,16
55,44,34,44,58,50,22,28,47,19,23,36,49,42,45,50,39,62,51,47,18,31,38,18,44,59,52,21,43,23
59,51,28,47,63,54,24,45,39,12,25,33,48,42,54,33,38,59,47,47,18,32,41,18,50,54,54,20,39,18
62,44,33,43,63,56,25,39,37,20,27,39,57,39,50,50,35,50,48,50,22,26,44,15,34,50,60,19,35,20
62,53,33,38,67,47,22,35,35,16,31,30,51,37,45,45,32,66,41,51,18,34,33,24,50,56,56,17,47,20
63,57,30,45,69,55,23,27,29,20,24,38,59,37,44,51,32,52,39,46,18,27,42,18,43,59,58,18,43,26
55,47,29,47,68,52,22,31,45,28,28,44,50,35,52,44,27,59,47,50,17,35,40,22,41,53,52,16,39,17
61,46,37,42,60,53,17,40,42,16,26,36,50,38,47,46,31,50,53,52,20,32,45,27,44,58,54,19,35,15
48,48,32,42,64,64,23,38,43,19,27,32,56,38,46,51,36,54,49,47,23,21,38,23,42,58,57,18,33,22
62,43,31,52,65,56,27,35,36,14,26,33,42,42,50,45,37,58,47,50,22,30,49,21,43,50,52,14,38,22
62,50,31,50,63,56,31,36,32,23,30,42,47,34,44,50,37,62,40,39,22,25,31,19,46,55,60,20,41,14
62,37,31,43,57,55,17,31,43,14,26,46,54,42,49,42,42,53,47,51,17,31,42,16,39,64,61,19,43,18
59,54,34,40,61,62,25,37,40,11,24,42,53,34,52,40,37,54,48,43,18,28,38,15,40,63,58,20,43,19
61,52,38,40,67,58,21,35,35,19,19,42,52,38,47,49,32,58,42,49,21,30,36,24,44,65,54,16,30,18
61,47,34,43,62,48,19,34,37,11,26,39,53,33,52,40,35,50,55,50,25,26,47,19,51,65,55,20,38,17
61,52,31,38,62,52,22,33,42,17,33,46,53,31,43,54,35,60,48,45,20,30,36,20,38,58,54,10,45,23
60,45,32,46,71,64,18,31,38,18,27,38,53,34,45,44,39,59,42,36,19,38,40,12,44,58,57,22,40,22
57,48,22,44,63,56,25,39,35,19,27,41,51,33,49,48,37,50,45,58,16,31,39,23,52,53,63,17,35,16
54,45,22,45,67,52,25,38,34,17,29,39,53,42,47,46,43,56,35,48,16,32,45,13,48,56,62,18,40,25
58,50,29,41,66,57,26,35,40,16,22,39,51,29,51,45,27,56,48,51,20,31,41,20,46,65,57,17,43,15
56,42,34,48,62,60,22,37,39,12,26,39,48,41,47,37,35,57,43,50,25,35,41,23,47,51,60,17,39,19
57,47,37,42,70,55,23,37,38,10,26,33,51,32,49,34,31,55,47,54,20,34,39,19,51,68,54,17,40,22
62,38,35,48,66,58,28,43,39,13,22,45,50,33,48,38,34,57,47,45,17,29,43,17,45,50,55,20,46,21
58,50,36,46,63,65,20,35,39,15,30,43,56,35,49,41,32,56,42,40,18,33,33,13,54,62,55,14,39,20
57,44,36,47,64,63,23,29,43,19,14,40,51,34,40,41,31,58,46,45,22,36,38,22,55,54,56,19,41,24
62,46,29,48,67,53,20,44,41,19,24,30,51,44,47,40,35,56,45,48,19,30,44,18,52,56,57,17,36,14
60,45,25,47,65,59,19,44,43,15,19,41,47,29,55,47,37,50,48,48,23,33,39,10,45,54,60,20,47,18
56,46,34,41,70,60,28,44,38,16,21,44,43,32,45,48,34,56,41,45,18,37,32,21,47,56,58,17,49,15
56,47,36,47,64,59,24,37,36,17,21,40,60,30,47,47,26,52,46,50,19,30,40,22,51,52,56,20,39,21
62,46,32,43,67,64,29,33,39,19,20,37,51,30,46,39,30,55,44,44,18,27,44,20,48,59,62,19,42,23
52,45,27,45,63,54,19,37,39,21,27,37,51,38,43,40,35,54,46,48,31,35,39,17,52,63,61,18,37,18
63,42,32,32,63,61,22,42,45,16,21,32,51,38,48,49,42,53,50,45,20,28,42,17,49,62,56,20,35,16
59,51,27,41,68,51,19,37,39,15,22,36,51,31,55,45,31,58,39,51,24,30,47,18,45,59,55,21,43,24
58,40,32,42,67,55,21,42,35,14,32,35,50,43,43,44,27,51,50,43,22,32,42,19,46,60,59,24,45,19
52,50,23,42,67,53,28,40,35,16,25,47,53,37,48,48,35,56,40,48,19,32,40,25,47,65,59,14,29,19
62,50,28,48,59,57,17,38,37,20,25,42,47,30,45,44,35,49,46,49,21,35,39,17,51,56,62,20,42,21
52,45,26,40,69,58,22,36,38,21,25,39,57,37,45,30,28,63,41,51,20,31,34,22,52,59,64,16,50,21
66,43,30,49,64,54,18,37,38,16,22,42,46,38,47,39,29,63,48,51,20,35,46,12,50,58,52,19,40,20
64,43,30,39,63,55,25,42,38,15,30,38,54,40,50,40,35,58,46,50,21,32,36,25,38,51,51,19,44,20
61,46,24,45,65,58,21,38,38,21,19,35,60,42,37,46,32,53,49,45,23,32,40,15,48,62,51,20,44,22
58,49,30,42,61,52,24,42,39,20,23,34,52,43,54,43,33,54,44,55,12,23,45,17,56,51,61,21,35,19
59,45,26,50,69,64,18,39,37,17,24,46,52,42,46,43,32,59,41,45,20,27,39,15,49,59,47,24,41,17
61,51,22,39,65,58,19,38,37,26,20,39,54,38,41,52,34,57,45,45,21,29,36,15,47,56,63,19,47,18
60,39,31,50,66,57,26,31,44,15,29,43,44,36,52,41,37,54,49,54,16,35,42,13,48,54,53,16,42,15
59,50,35,47,64,54,15,42,37,12,27,41,51,32,48,42,37,58,41,44,17,31,33,23,48,59,57,20,46,22
54,42,37,50,64,56,14,33,38,15,25,39,58,39,49,47,31,57,46,52,27,31,37,21,44,57,54,18,38,19
63,41,28,52,67,53,24,32,37,16,25,43,62,32,47,45,34,52,41,54,23,26,31,21,39,63,58,16,42,25
60,50,36,35,64,52,12,34,44,21,27,43,47,34,44,45,35,60,44,49,15,26,44,19,46,53,54,25,51,23
55,47,32,41,68,57,17,35,39,14,29,37,47,32,45,38,30,65,51,47,21,28,46,21,46,55,59,22,47,21
61,43,29,44,64,48,15,36,34,19,25,49,56,39,55,46,39,53,42,38,24,31,42,14,51,59,56,15,45,20
50,51,32,43,63,58,25,32,38,20,22,38,59,38,51,41,32,53,42,55,22,23,45,22,48,57,55,22,33,22
65,51,32,36,64,53,25,39,33,18,19,32,44,43,50,42,40,54,52,52,19,31,33,13,51,64,58,26,30,23
57,49,32,46,64,54,23,39,33,18,28,45,52,45,53,45,36,57,47,44,20,28,42,11,42,56,53,18,33,22
57,54,24,45,65,59,21,36,48,19,25,37,51,27,47,44,35,56,46,41,21,33,38,19,53,57,57,14,44,19
57,47,29,44,66,60,24,39,30,22,32,35,50,33,49,45,30,54,41,51,14,36,42,23,47,57,54,26,38,17
58,44,31,52,65,54,20,37,33,22,24,40,56,36,46,41,31,54,38,41,22,35,42,20,44,63,64,24,34,21
61,42,35,39,67,61,18,33,39,18,27,33,43,44,48,44,35,56,44,45,29,27,39,21,48,66,51,20,39,20
61,53,23,45,69,55,18,44,32,19,22,35,46,41,43,46,43,54,39,49,14,32,43,19,46,58,56,21,45,21
56,61,31,42,64,60,14,37,45,19,31,37,50,35,47,47,39,58,36,53,17,26,38,22,45,57,49,20,40,16
60,49,25,46,65,63,21,25,37,18,32,36,53,37,46,45,27,50,49,49,22,33,31,22,51,61,62,15,44,18
58,43,24,42,59,56,25,42,39,21,26,38,41,41,48,47,39,53,47,47,24,33,40,17,45,55,60,21,39,22
52,53,41,40,65,56,27,33,39,12,27,41,55,38,46,34,32,56,51,47,17,28,34,13,47,57,60,16,52,23
59,49,29,48,67,62,20,33,39,17,29,34,49,38,51,51,28,50,42,48,20,28,38,24,49,57,57,15,38,23
51,46,30,46,65,57,22,33,38,20,28,39,50,40,51,52,31,54,48,45,15,33,35,16,44,61,60,18,40,24
56,48,33,40,68,49,18,39,36,18,29,36,56,43,47,33,35,57,43,46,22,36,50,17,38,62,54,23,40,20
63,42,32,41,63,63,17,32,40,20,24,42,50,41,38,51,30,55,49,49,20,35,38,23,54,50,55,21,40,14
57,56,26,38,67,55,20,39,35,12,29,41,46,41,40,43,37,57,46,54,23,31,42,19,49,56,58,23,36,16
59,50,29,40,67,48,16,36,38,27,31,37,49,39,44,44,34,55,46,46,26,29,40,13,52,55,61,18,45,18
53,48,28,44,70,57,22,37,44,21,29,33,58,41,43,40,25,57,41,58,25,26,46,19,51,55,52,13,34,22
54,47,29,45,67,59,16,31,44,20,23,35,49,39,53,34,31,52,46,52,23,32,40,22,53,63,59,18,41,15
55,39,34,42,69,58,29,41,44,18,23,40,46,34,53,46,41,59,47,50,13,24,29,15,46,63,54,23,37,20
53,43,28,42,63,52,20,26,40,19,27,39,59,43,53,45,43,53,44,44,23,29,45,17,42,64,60,12,46,18
57,47,36,48,62,65,18,40,36,20,28,33,54,27,49,46,32,57,46,54,23,21,35,16,49,62,57,14,41,19
54,47,24,46,64,58,21,33,45,19,22,37,47,36,55,38,41,58,49,54,23,40,35,13,48,59,54,16,39,17
64,45,28,39,61,58,24,39,40,21,23,30,55,35,46,44,30,55,44,45,18,33,41,20,46,61,56,21,50,20
60,47,27,51,67,62,19,39,34,13,30,39,47,30,47,40,40,54,37,51,15,35,32,16,38,64,64,19,54,21
58,46,27,41,64,48,15,43,47,14,27,46,51,39,47,38,38,58,47,53,21,30,45,22,41,55,61,17,37,16
57,45,37,49,63,58,23,40,42,13,24,32,58,39,42,50,26,64,34,43,23,24,40,18,47,57,55,21,50,18
59,40,32,49,64,57,28,35,35,17,25,44,43,42,51,46,32,52,43,40,22,30,44,23,44,52,60,19,49,15
53,49,21,43,70,57,20,29,39,18,18,39,48,40,52,43,49,48,46,52,21,30,34,23,52,59,50,22,44,23
56,44,29,57,61,50,29,31,50,15,23,40,54,37,47,41,37,51,47,47,18,26,40,19,43,60,54,15,48,23
59,55,36,40,60,50,28,33,39,17,24,41,57,35,45,46,38,56,48,50,18,31,39,17,53,58,56,19,31,13
52,49,31,41,70,49,26,32,37,13,29,40,53,26,49,49,40,60,49,50,21,19,42,17,51,59,57,20,40,21
49,49,22,46,70,56,24,45,39,13,27,37,44,40,42,44,32,53,51,51,20,30,44,16,48,53,60,23,39,25
57,46,39,42,69,56,20,34,39,18,22,42,57,32,50,47,34,58,47,56,19,29,31,16,33,62,56,16,47,18
60,48,31,44,64,58,20,39,45,15,28,37,57,38,45,47,34,54,45,48,20,31,32,16,43,58,58,19,35,23
55,54,30,37,67,61,22,33,46,19,28,32,60,33,39,38,30,53,47,49,18,38,40,22,52,58,60,13,36,22
56,44,32,43,64,50,14,42,45,18,27,31,48,39,49,44,31,52,51,45,22,33,40,20,51,60,51,25,45,20
63,45,28,51,66,53,24,34,35,16,25,34,51,36,49,40,44,60,40,49,21,31,45,22,42,59,49,21,40,19
57,48,19,49,63,58,18,28,38,14,26,39,58,39,57,53,40,54,43,46,24,26,45,17,53,56,50,14,42,18
64,51,27,45,62,53,16,35,30,17,24,34,56,26,44,49,35,55,40,49,20,29,44,17,55,56,62,28,50,19
59,50,31,44,64,53,20,32,37,23,28,47,61,39,50,40,25,59,50,42,16,28,48,19,45,58,48,28,36,12
58,42,36,40,64,55,25,34,38,13,25,41,58,36,52,43,37,58,47,48,25,28,34,18,39,58,62,18,46,14
61,46,29,50,62,54,14,33,42,19,25,41,54,30,42,49,43,62,33,48,20,23,41,17,50,61,55,21,40,27
59,43,26,48,67,60,23,38,39,17,27,36,51,31,42,46,40,51,40,48,27,23,37,20,54,67,47,26,41,18
56,52,29,46,63,48,26,41,41,16,20,33,51,35,45,51,40,59,47,50,15,29,45,25,49,52,52,21,41,14
62,56,31,43,67,47,21,30,42,14,24,32,56,33,43,38,31,59,42,47,22,31,45,20,52,57,60,24,36,27
63,46,37,43,68,50,23,41,33,18,19,43,52,40,47,48,34,57,46,41,16,30,39,19,44,65,53,15,41,21
59,64,30,44,64,57,23,33,43,17,26,38,54,38,48,47,26,57,42,42,21,29,39,19,41,58,65,18,41,9
50,47,33,43,63,57,26,38,41,17,27,40,42,34,46,49,36,52,53,50,24,30,37,20,45,57,63,16,36,20
60,37,42,37,71,49,11,35,38,21,25,32,49,35,43,48,31,59,38,58,20,32,48,15,51,57,63,19,39,29
62,51,33,43,62,56,26,37,39,20,20,33,50,39,43,45,29,57,45,46,24,40,43,13,46,54,53,21,44,18
59,44,33,45,60,46,16,35,40,20,25,39,53,36,40,51,31,58,47,50,25,30,48,17,50,59,54,20,39,22
54,54,28,37,72,51,16,27,30,13,31,41,43,37,55,51,34,57,54,45,21,29,49,24,49,58,51,18,43,20
59,47,33,43,63,50,22,42,45,20,25,46,47,28,54,45,37,52,45,49,18,29,34,17,48,56,58,15,46,19
51,50,28,53,70,56,28,37,47,12,28,40,55,29,45,44,30,55,40,51,24,32,38,13,47,53,54,19,41,22
52,45,24,39,63,53,20,44,43,13,34,37,47,36,54,49,32,63,55,44,16,26,48,16,49,58,55,12,44,21
56,44,33,55,65,63,22,41,38,15,21,40,53,36,40,46,31,55,47,45,24,24,38,18,42,53,62,26,43,16
57,52,30,43,65,61,32,29,40,20,30,35,49,35,54,47,43,47,42,44,24,35,34,21,48,54,55,19,40,7
63,48,31,41,62,58,16,32,39,11,27,40,51,43,48,42,30,59,46,51,19,29,43,21,45,53,50,21,44,29
55,59,23,51,64,60,22,34,39,19,26,38,51,44,56,48,36,55,35,46,19,27,41,18,44,53,49,19,41,20
63,57,27,44,68,57,25,37,38,19,26,28,52,41,44,50,35,49,47,51,19,34,35,19,44,58,53,18,38,16
64,44,18,38,61,48,21,34,37,17,27,39,59,43,52,43,41,50,39,47,20,31,47,13,46,61,64,22,49,17
62,50,29,41,67,61,27,37,31,17,24,37,50,31,43,45,37,55,48,40,21,35,37,20,47,55,62,17,39,27
59,50,30,45,67,57,23,37,31,19,23,37,51,39,48,43,37,53,47,47,26,27,42,21,42,50,56,17,44,24
59,48,38,42,67,57,24,37,38,9,21,37,49,34,40,42,32,55,54,52,17,33,37,25,45,54,58,25,44,19
58,50,31,52,67,56,23,33,33,15,22,47,53,41,49,47,27,60,44,49,18,28,42,19,49,54,47,19,42,17
51,44,34,47,63,65,22,35,41,16,23,37,52,38,42,34,40,60,50,50,18,28,46,21,36,60,58,17,43,21
63,47,28,46,64,53,22,35,45,14,23,47,58,35,59,43,31,53,42,50,17,35,41,15,42,52,52,17,40,23
58,42,29,47,67,60,21,37,43,13,23,41,52,28,50,46,30,52,42,45,16,34,34,16,44,61,64,22,58,17
61,42,27,38,67,52,24,35,41,14,23,43,54,33,51,40,40,47,47,55,25,21,40,26,43,61,59,20,41,22
56,46,34,47,64,53,19,38,43,17,28,33,49,43,47,47,34,54,49,53,17,27,28,16,48,54,61,23,43,21
61,41,30,45,67,55,21,31,39,20,26,35,46,37,49,43,40,60,47,48,16,32,37,22,45,60,58,20,45,16
54,48,29,45,66,60,25,38,30,19,33,26,43,35,50,46,44,52,44,54,18,31,36,20,44,55,55,14,53,25
58,38,33,36,62,56,20,33,41,16,31,41,53,34,51,47,36,61,50,55,23,29,45,17,46,62,51,17,35,15
54,39,31,43,62,59,24,38,38,19,32,46,52,35,39,48,46,53,49,52,16,29,40,18,39,54,58,21,43,15
62,57,33,48,65,59,21,41,35,23,28,30,51,40,46,50,30,49,38,49,22,30,39,19,42,53,62,21,31,18
59,50,33,46,64,60,19,37,37,18,24,39,51,36,48,41,43,53,44,47,14,26,42,18,45,56,62,21,38,21
59,41,30,52,68,59,18,41,34,11,18,39,56,30,48,41,43,64,40,44,23,31,37,13,48,59,55,23,43,24
61,48,32,48,57,54,20,32,41,12,24,30,56,44,48,48,38,62,46,47,18,32,37,19,45,58,53,18,48,16
60,45,26,48,68,66,19,36,45,16,22,32,52,42,52,46,40,60,35,46,12,34,39,19,46,59,52,19,36,20
54,47,27,41,70,53,19,48,37,25,23,31,57,36,46,46,36,52,46,49,18,33,32,15,53,58,59,18,42,21
56,44,36,41,71,56,22,39,36,17,30,45,54,38,48,52,32,55,42,42,16,28,34,21,39,63,56,17,41,21
58,41,31,48,67,57,18,33,35,21,26,40,51,34,43,42,31,62,50,55,17,32,44,22,42,58,55,18,44,17
60,46,32,40,63,52,33,39,38,21,22,44,52,40,42,41,25,57,51,47,24,33,30,23,48,60,58,17,35,19
67,52,29,43,66,59,23,37,33,14,23,44,42,36,47,36,37,55,50,51,22,38,38,20,44,64,50,17,43,12
59,55,36,45,69,50,22,31,30,14,30,46,55,30,52,58,26,55,48,46,15,29,46,15,36,65,51,16,48,14
60,37,29,43,61,60,29,38,41,14,21,40,54,38,50,47,37,60,54,50,18,34,34,13,47,47,52,18,43,23
52,45,32,35,61,58,19,43,35,15,30,44,55,42,56,43,38,48,45,50,18,31,39,20,41,50,57,20,50,20
63,42,31,44,68,61,17,30,35,22,25,40,50,37,47,49,37,49,53,51,19,31,39,21,48,58,54,20,33,18
54,41,26,43,58,60,20,33,37,22,28,42,58,42,43,41,45,58,49,54,19,28,41,18,45,56,51,15,43,22
57,44,30,47,61,60,16,33,47,19,31,33,44,36,45,42,36,57,48,37,18,33,45,26,47,62,58,15,49,16
48,49,32,47,61,59,26,33,39,25,26,46,52,36,44,45,40,60,51,48,19,32,37,14,37,54,59,16,39,18
51,48,32,39,67,64,19,34,38,14,22,41,53,35,46,46,43,59,42,38,15,36,42,17,52,58,55,20,39,27
54,54,28,42,65,59,25,37,32,9,25,42,59,37,48,43,29,53,41,46,23,34,38,20,44,55,61,18,44,27
54,52,28,42,63,61,22,45,44,27,27,37,54,40,47,47,30,52,34,52,15,28,33,15,46,59,60,17,44,17
55,52,31,44,66,51,30,38,38,15,26,42,47,38,45,39,29,53,46,49,18,30,37,22,40,63,62,23,41,22
58,43,29,41,63,54,23,44,39,16,21,39,55,39,46,47,34,54,46,41,23,30,41,21,45,58,57,19,41,25
59,42,36,45,63,59,26,42,39,19,19,38,53,37,39,50,43,49,58,53,20,27,37,13,36,50,62,16,42,20
60,50,31,43,65,50,24,39,36,21,24,41,52,29,43,46,29,55,47,49,24,26,45,14,47,56,57,23,43,23
55,44,28,44,66,58,23,36,28,21,25,44,56,40,51,42,40,57,42,54,15,28,38,17,47,53,54,18,45,23
66,46,33,42,61,52,25,32,40,17,25,42,51,32,52,43,42,53,40,51,21,25,43,20,46,57,59,18,39,19
53,46,25,45,66,53,20,44,38,10,18,42,55,44,57,49,29,61,52,45,16,30,44,19,47,55,53,16,38,22
53,46,28,45,67,54,27,31,31,13,32,39,48,41,46,48,38,52,40,54,24,29,42,18,45,60,55,25,40,21
59,46,28,53,67,58,25,34,34,16,26,33,58,39,49,43,34,61,44,46,21,23,48,17,52,55,53,22,33,15
64,52,27,43,65,61,24,39,36,22,24,36,56,37,41,45,34,49,46,48,18,30,41,18,44,60,63,15,34,20
60,49,22,34,69,55,22,38,38,11,28,45,55,38,44,44,32,50,40,49,23,34,46,21,43,57,65,21,40,19
60,50,30,50,60,53,21,35,41,13,28,46,54,41,47,56,30,60,47,46,18,28,35,18,44,55,58,14,37,17
59,50,28,45,67,50,18,40,40,21,24,39,49,33,51,43,35,54,45,55,19,27,45,20,49,58,50,20,37,21
60,46,31,37,66,53,26,30,35,15,29,43,51,35,45,52,32,54,43,48,21,40,38,22,50,60,55,19,42,14
63,51,33,35,62,58,31,37,42,20,27,34,51,43,36,33,38,59,38,49,18,33,40,18,41,53,60,24,39,26
55,43,20,50,63,56,21,32,37,18,25,46,52,34,55,47,39,54,53,49,18,33,40,12,51,55,56,23,38,17
56,49,33,48,62,51,24,43,37,23,30,37,51,42,42,40,33,61,40,56,12,32,39,11,46,57,57,19,41,20
56,49,32,49,65,52,23,31,45,20,21,38,56,28,50,42,34,54,47,56,16,24,41,20,47,59,57,23,38,19
63,43,29,41,70,55,24,43,36,15,30,43,54,36,53,51,34,43,43,46,18,26,42,13,42,63,57,19,45,15
60,51,35,47,59,50,27,33,36,14,29,32,43,34,44,45,42,52,45,55,22,27,42,23,41,57,57,23,43,24
53,50,28,35,65,56,28,36,37,17,24,38,57,28,44,44,38,58,52,55,17,28,35,14,54,60,58,22,42,19
49,49,28,48,70,58,22,40,33,24,29,40,50,30,39,41,31,51,50,47,25,33,40,22,47,66,57,18,40,15
54,45,31,46,69,49,26,43,40,20,22,40,59,45,39,43,30,64,49,43,20,28,46,24,37,56,55,19,32,18
65,43,28,48,63,63,31,34,36,16,30,38,53,31,55,38,28,55,46,47,18,36,33,18,42,57,57,21,45,17
61,46,33,40,60,52,19,38,32,17,25,30,62,34,48,53,38,57,42,47,14,26,42,23,42,60,58,26,46,21
58,47,28,40,73,59,15,36,35,16,27,39,53,33,47,45,34,58,46,44,18,31,41,23,44,63,56,14,47,22
62,40,31,44,64,52,19,43,27,21,24,46,62,37,45,48,37,57,43,46,18,36,26,23,50,56,58,20,39,18
58,51,31,49,70,53,23,34,36,12,29,42,58,35,40,44,34,55,47,48,26,31,35,21,41,60,58,20,33,18
58,44,33,46,65,56,28,32,36,21,21,38,52,31,47,45,27,68,47,54,22,32,29,23,43,60,59,21,38,16
53,53,19,44,67,52,22,38,44,18,19,44,52,35,45,44,33,58,45,40,19,33,38,26,50,61,55,24,44,17
55,54,23,42,70,57,17,47,34,19,27,45,47,30,44,50,40,52,40,49,18,37,41,13,40,63,63,19,39,17
66,45,32,46,59,53,17,45,40,22,18,44,52,37,50,47,28,60,41,48,22,26,30,17,41,62,51,26,44,23
58,49,28,40,64,58,24,34,42,19,21,39,49,35,47,41,41,56,52,45,11,23,43,19,44,63,63,17,47,20
59,44,41,46,71,42,26,31,39,20,27,37,48,34,51,48,36,60,43,46,16,34,44,18,50,47,57,17,41,19
61,47,33,44,61,53,19,31,35,14,26,43,52,42,49,51,30,52,45,46,16,28,45,16,43,61,59,20,47,23
62,48,34,39,65,49,18,32,43,19,29,41,56,39,50,48,34,61,41,48,21,33,32,17,44,59,56,16,41,17
64,45,32,44,67,58,22,28,37,22,22,39,53,36,44,39,39,53,45,55,17,26,37,19,44,64,55,21,42,23
59,39,26,43,71,53,21,35,44,21,24,39,49,29,50,44,38,57,54,46,22,27,32,22,44,61,61,17,44,20
52,52,24,44,66,54,23,33,44,13,26,45,49,33,49,45,30,53,51,56,16,38,35,14,49,56,63,19,38,22
57,55,41,49,64,52,18,41,39,20,31,34,49,31,48,44,32,64,39,49,20,30,35,19,43,56,56,19,42,15
59,43,30,40,70,59,18,42,42,17,18,37,50,36,49,41,28,51,44,49,31,28,38,23,46,60,66,19,36,22
56,46,31,42,64,55,25,35,36,10,29,41,57,44,51,43,39,53,41,47,25,34,43,17,47,58,45,20,37,21
60,58,37,53,59,49,27,46,35,18,28,42,49,35,45,38,31,64,37,43,15,26,45,16,50,56,51,17,37,25
62,38,27,43,65,61,28,42,33,18,24,41,50,30,47,49,37,59,50,53,19,33,37,18,40,60,60,21,37,10
63,48,27,50,63,59,15,33,38,19,24,39,51,32,42,48,38,55,46,52,16,38,39,16,47,57,52,17,42,26
61,45,30,39,62,55,16,36,42,20,26,31,51,36,47,53,43,58,50,42,15,33,27,20,49,61,55,22,47,20
56,55,29,41,69,56,28,35,45,17,26,42,51,32,42,54,29,62,41,48,12,29,42,20,46,55,48,22,44,16
55,53,28,39,67,60,23,41,41,16,25,30,55,37,54,46,27,53,44,44,27,28,46,18,37,58,56,19,43,22
51,52,35,42,73,56,20,32,39,17,32,42,50,40,48,42,34,50,36,50,18,34,37,17,42,53,58,21,46,25
57,45,27,49,64,58,19,36,37,11,24,46,58,40,46,43,26,56,44,46,19,34,37,15,55,61,58,26,38,17
56,50,29,50,63,49,21,32,45,23,29,39,49,33,51,47,40,57,43,52,17,29,37,17,43,56,55,22,44,14
60,55,32,40,67,59,21,30,36,20,23,32,63,27,46,43,37,56,45,49,16,32,45,20,41,60,53,29,42,13
62,41,23,43,57,63,25,37,40,18,25,47,51,25,41,40,38,61,43,50,25,32,44,15,46,58,61,18,50,13
63,45,20,46,65,52,21,41,45,21,23,46,61,44,43,45,28,52,54,48,23,29,38,19,36,58,53,17,37,19
58,48,37,40,62,56,14,43,39,17,29,43,54,31,45,44,32,51,46,48,20,26,40,19,43,60,56,27,45,19
63,42,29,40,61,51,21,34,31,18,23,44,51,35,51,44,44,56,55,50,20,35,35,21,47,60,54,21,44,12
56,45,28,42,64,55,18,37,36,16,19,47,62,36,47,53,29,44,51,41,22,35,52,15,50,54,51,21,47,19
59,49,25,46,62,47,23,35,29,18,30,47,57,27,46,49,34,54,42,49,20,36,43,16,45,59,54,17,50,24
53,44,26,46,67,52,19,40,40,19,24,34,57,44,47,52,38,61,47,44,25,30,44,13,41,51,54,19,44,17
53,52,30,39,64,54,19,36,35,22,26,38,51,46,45,49,37,55,44,55,18,27,44,19,46,53,59,22,34,20
54,44,33,45,66,52,17,39,42,17,35,43,55,27,46,45,44,60,45,44,11,27,33,28,49,60,55,20,33,23
56,50,29,47,72,55,17,46,43,16,30,35,45,39,54,40,33,58,35,49,22,30,41,15,54,53,64,14,37,13
58,48,33,54,69,60,24,31,39,17,26,32,52,37,40,43,40,49,41,51,21,31,38,16,40,60,60,17,45,20
61,41,33,47,60,54,30,40,35,15,27,33,51,34,43,40,36,56,48,48,18,24,39,24,51,60,58,19,47,20
58,47,31,43,70,53,22,40,42,18,26,39,47,38,41,45,38,50,41,50,18,28,46,17,49,60,59,19,42,15
59,49,28,49,64,54,21,38,34,21,24,35,54,36,47,45,35,56,44,45,25,27,43,13,48,57,58,23,36,24
58,44,32,44,60,61,20,40,36,19,21,37,64,40,44,43,39,58,49,45,16,31,39,21,40,60,59,17,36,19
55,47,32,41,65,57,16,36,48,16,21,42,53,35,49,46,30,56,49,47,19,28,41,20,50,55,54,25,40,19
54,56,29,42,70,56,21,39,40,23,25,39,51,38,50,49,31,57,43,36,14,31,41,16,47,60,56,19,40,19
63,51,22,40,69,60,21,36,40,16,31,38,53,34,48,47,30,55,48,45,11,40,32,18,44,60,61,17,42,20
60,43,29,41,68,56,22,37,33,18,26,37,55,32,38,50,38,61,44,54,16,33,35,18,48,54,64,20,41,21
61,44,35,47,67,56,22,30,37,27,25,33,50,36,50,38,26,60,52,48,21,29,42,19,44,59,50,21,43,20
55,38,33,48,64,55,28,36,35,20,21,38,46,37,49,45,32,51,45,52,18,36,39,20,44,59,55,24,44,25
52,38,32,49,68,57,22,36,32,14,21,43,53,38,44,44,30,62,49,45,19,35,48,18,40,59,59,21,48,16
56,48,34,50,66,56,22,35,43,13,19,38,56,36,40,52,37,57,46,39,23,29,40,25,48,66,51,15,41,11
55,49,23,43,65,54,19,38,38,18,24,46,54,41,41,47,44,62,44,43,15,35,43,18,48,51,61,10,40,23
61,50,28,42,69,56,20,33,40,18,18,36,48,45,50,44,29,59,43,48,18,35,39,18,51,68,50,22,39,15
57,50,29,37,68,59,23,41,37,21,28,48,50,39,43,43,35,59,46,47,25,32,36,12,46,50,52,20,41,18
53,49,22,42,66,53,17,37,41,17,27,36,52,37,55,45,34,53,52,50,21,35,41,23,49,59,54,20,36,16
55,49,32,45,58,50,25,35,45,18,25,37,54,29,54,53,37,51,45,51,21,32,37,16,43,65,52,14,41,23
61,46,29,43,62,51,23,35,42,16,18,37,57,34,45,46,34,61,50,45,23,31,39,20,55,58,55,17,41,18
62,53,26,43,63,50,21,35,43,19,28,41,52,36,45,48,37,58,38,40,21,32,44,23,40,61,53,18,42,20
58,48,35,45,68,52,24,38,39,27,21,45,48,34,53,48,32,58,41,39,20,27,38,16,46,58,62,17,35,20
58,51,31,38,66,59,20,35,42,13,23,37,49,37,45,34,38,58,42,50,20,33,41,20,52,56,58,19,43,24
60,55,27,53,65,57,27,38,31,22,17,32,47,40,49,47,27,59,44,44,21,34,40,14,49,52,60,16,43,22
65,59,22,45,69,51,19,40,47,13,25,40,62,26,44,45,30,54,43,53,21,38,34,15,43,56,63,18,35,17
55,47,37,47,64,57,18,33,38,19,25,42,56,34,47,46,33,55,45,44,27,28,40,16,48,55,55,17,41,23
62,50,29,46,69,51,18,30,35,23,26,35,54,36,44,42,38,59,37,55,19,35,34,18,54,54,55,15,48,21
61,42,24,45,69,54,25,41,37,25,25,41,51,35,40,48,26,55,42,46,22,31,40,22,47,58,59,17,44,20
54,54,32,42,64,56,25,43,40,20,20,40,49,30,43,42,41,52,39,52,26,27,41,23,47,55,57,18,40,20
63,46,32,47,63,48,24,34,48,17,29,30,58,32,54,44,33,60,41,51,20,31,43,14,44,56,56,14,43,17
54,52,32,42,56,60,25,32,32,21,30,37,50,39,43,47,36,58,43,54,18,31,36,19,52,61,53,18,43,18
53,48,26,35,67,62,27,41,37,16,23,34,55,42,41,45,37,62,38,47,18,25,38,22,40,57,55,22,53,26
60,48,28,48,72,51,27,39,40,17,24,37,56,28,41,50,29,59,46,46,18,26,39,17,52,54,53,15,49,23
51,49,25,49,64,50,15,34,39,20,28,43,48,33,54,53,32,56,46,51,22,22,38,18,53,60,54,20,48,17
59,45,32,37,63,52,25,36,33,15,20,42,50,42,50,49,34,53,43,57,21,26,48,16,46,55,57,17,48,21
60,49,31,42,69,47,29,39,43,22,21,35,53,30,47,44,36,55,37,54,22,26,42,19,45,61,58,20,35,21
59,47,31,44,67,57,23,34,38,20,21,42,55,34,42,58,36,57,39,37,22,33,38,15,50,60,55,19,36,23
60,48,32,46,65,59,21,35,39,21,29,42,53,33,38,43,36,58,40,43,24,35,40,18,45,56,60,24,42,7
56,45,30,44,71,51,25,30,35,17,24,42,57,35,56,51,35,48,48,50,20,30,44,16,47,57,58,15,35,20
60,53,31,41,64,56,15,32,39,20,16,36,57,31,44,42,38,50,55,58,23,30,34,19,44,62,60,16,44,22
63,46,29,37,65,62,28,33,37,23,24,34,57,38,47,49,38,55,48,45,20,31,37,11,41,54,65,17,43,15
58,47,29,46,62,57,25,39,36,22,25,35,48,34,43,37,38,62,48,49,25,26,40,22,42,57,57,21,40,22
57,44,24,46,60,59,20,35,39,16,28,30,56,36,58,44,39,60,40,50,16,33,38,22,50,57,57,14,46,18
64,38,25,41,63,60,21,32,36,20,25,41,64,40,51,43,32,57,45,54,19,30,29,20,40,61,56,18,47,20
62,39,32,44,70,57,18,37,34,19,27,46,49,36,44,42,36,53,46,41,25,27,41,16,53,59,59,16,45,19
57,47,32,50,72,57,20,37,40,18,25,35,54,35,44,50,31,58,46,49,20,32,40,13,50,60,55,17,28,20
53,55,34,47,60,59,25,37,42,14,19,48,46,37,50,47,34,58,51,41,22,24,37,19,49,53,61,14,39,17
55,42,25,46,66,53,24,40,42,15,29,42,55,27,46,42,34,58,50,47,20,32,43,15,42,62,54,24,40,22
57,42,32,41,65,52,26,42,48,15,19,29,54,40,49,43,39,64,37,49,19,25,42,20,47,58,55,19,46,18
57,46,35,39,69,56,24,41,39,20,21,48,55,36,49,43,37,53,40,48,12,39,40,18,44,57,58,17,32,19
57,45,34,46,68,56,19,42,31,11,30,42,52,32,46,49,25,60,44,44,19,27,35,19,45,61,59,21,43,30
63,46,27,39,67,59,23,38,36,20,21,40,52,34,48,35,40,59,50,44,18,24,35,20,48,63,62,20,38,23
61,42,31,49,69,55,23,38,40,14,34,39,48,37,47,46,36,60,47,45,17,30,38,22,37,59,51,20,38,19
50,49,23,42,65,54,16,37,44,12,30,41,51,44,53,43,33,55,45,48,17,31,41,15,51,57,62,19,41,23
57,55,37,37,60,59,21,28,48,17,30,46,52,37,45,47,31,49,47,46,18,25,43,17,38,57,57,21,48,19
61,42,30,47,69,51,24,39,34,14,25,39,49,38,49,46,38,51,41,50,19,38,28,19,48,65,57,19,45,17
52,46,28,45,65,54,24,39,46,17,20,34,41,38,56,42,41,58,46,38,21,33,44,18,44,59,57,18,40,28
63,46,33,44,62,58,26,27,41,22,25,43,50,45,41,48,37,58,46,49,20,26,44,15,46,53,57,16,38,13
62,46,26,42,68,51,21,26,34,16,24,40,59,43,50,45,35,53,51,42,20,24,40,19,48,63,62,22,41,19
58,41,31,43,60,56,20,39,42,22,22,34,51,41,56,52,36,58,43,47,17,25,41,20,46,57,55,20,38,21
62,53,30,43,65,60,21,36,42,16,26,47,54,36,46,45,35,53,40,41,17,30,40,15,44,57,60,18,42,18
57,50,24,44,63,62,26,45,39,24,18,28,55,32,48,46,31,60,45,51,27,26,27,25,50,59,55,19,42,14
59,46,32,45,67,52,26,31,39,22,24,43,53,27,43,44,29,58,48,44,17,32,41,23,52,60,57,18,42,18
58,41,32,37,69,54,18,39,41,16,26,39,50,35,47,48,44,58,47,44,23,32,42,22,46,52,58,16,38,20
53,55,29,44,69,55,17,32,31,15,31,37,48,38,45,51,37,62,41,47,19,33,47,13,52,54,58,17,41,21
56,42,28,42,67,51,24,38,33,18,32,42,43,40,44,44,46,53,41,50,25,30,38,19,42,51,57,25,51,20
55,48,19,49,62,56,27,40,40,19,26,35,58,39,44,41,27,55,46,49,20,25,46,21,46,53,56,15,56,19
61,45,22,43,58,55,22,45,38,18,26,44,55,37,51,42,35,59,45,44,20,33,36,12,48,57,57,22,42,20
59,46,27,44,61,55,20,33,41,22,21,39,50,34,51,45,37,57,42,57,24,31,39,13,46,53,57,20,44,24
52,54,35,46,59,51,16,37,43,22,21,35,53,41,52,50,33,64,40,41,20,29,43,13,51,61,61,16,36,17
52,42,32,41,70,56,26,33,34,20,27,35,50,35,48,41,39,58,45,54,23,24,42,21,50,54,60,18,45,17
56,45,31,50,63,53,24,32,37,22,23,33,53,35,50,47,36,54,50,47,18,35,34,22,48,63,60,10,37,24
49,51,31,40,66,57,21,35,37,19,23,36,51,41,47,47,34,58,50,57,15,29,43,24,44,55,59,15,42,16
64,43,30,40,62,59,26,31,41,20,26,47,47,43,50,45,40,52,46,49,21,24,33,18,54,58,54,19,34,16
57,50,26,37,65,51,19,39,43,21,25,38,51,39,41,53,36,61,52,44,18,31,37,15,44,57,58,24,39,21
64,47,29,41,57,53,19,32,46,26,30,36,47,36,48,47,42,53,43,35,17,25,44,18,53,62,61,23,38,20
61,42,29,36,63,57,19,35,37,25,29,39,54,43,46,50,31,52,47,40,27,28,42,21,52,56,53,12,47,19
59,53,22,42,58,63,16,38,47,22,24,48,58,34,50,48,36,62,44,50,18,24,37,17,40,60,48,22,33,19
55,48,39,44,65,58,16,37,40,18,24,47,50,35,44,43,36,49,54,50,19,32,39,17,41,58,50,22,45,17
64,53,29,42,68,60,18,34,36,19,23,35,49,30,46,49,33,56,40,55,19,24,34,25,42,58,62,18,47,24
54,52,36,40,61,56,20,31,38,14,23,40,53,38,46,49,36,60,46,53,18,33,40,18,44,55,57,19,44,18
59,40,36,40,69,53,22,33,42,16,26,36,52,34,44,41,38,59,55,47,24,18,45,18,51,54,61,24,39,16
61,50,28,41,65,55,21,33,43,20,25,37,45,34,40,45,34,55,49,50,20,25,50,21,45,63,59,16,39,23
61,57,21,50,61,50,25,32,36,13,24,47,54,35,46,43,38,62,44,45,22,27,36,16,49,61,55,15,45,22
50,41,29,47,66,56,22,40,38,14,27,34,50,28,45,45,33,62,42,46,24,36,44,19,50,55,52,26,47,24
54,43,29,47,65,56,20,38,42,19,24,41,60,30,44,48,38,52,43,49,24,28,40,14,51,52,61,17,47,16
56,53,26,48,67,55,27,35,35,21,24,43,47,39,52,57,29,49,37,54,17,36,34,19,43,59,56,21,43,10
61,42,35,45,67,55,23,24,34,21,21,40,57,34,53,40,34,55,49,49,24,24,36,20,50,59,50,23,43,24
66,43,30,47,63,58,32,33,41,17,26,44,51,35,43,46,34,58,43,40,14,33,35,12,46,60,58,19,40,25
59,40,28,40,66,57,22,41,34,15,27,34,51,30,47,45,37,59,41,52,21,34,44,19,55,59,52,21,42,20
59,51,29,51,66,63,32,33,33,16,28,32,52,28,47,41,33,59,46,45,21,33,41,18,37,60,53,22,41,22
64,53,31,39,65,53,22,41,33,16,28,32,60,37,48,45,37,54,45,44,10,36,41,16,47,57,54,17,39,28
58,40,32,49,60,54,20,46,48,14,27,37,52,39,46,49,29,53,47,49,18,30,36,14,53,62,56,24,29,21
63,42,30,46,63,55,23,35,40,15,25,49,51,36,49,42,35,59,42,46,22,31,41,15,39,57,62,17,40,22
52,47,30,48,60,51,26,37,46,20,21,30,53,40,43,52,36,48,40,50,17,34,39,27,40,55,53,24,50,23
57,45,30,43,64,46,23,38,38,20,28,42,52,38,43,47,38,66,44,42,25,34,44,23,44,57,51,19,32,19
61,39,31,47,64,46,24,38,47,20,21,42,46,46,50,46,29,58,48,44,17,33,39,19,36,54,59,20,45,23
58,50,27,42,67,49,22,32,43,17,32,37,57,38,44,44,34,59,48,45,17,34,37,14,52,55,52,25,46,15
66,54,35,45,63,54,24,37,37,18,23,42,57,38,46,47,36,61,42,47,15,39,42,16,45,49,49,17,33,15
57,44,34,42,61,59,17,39,40,20,27,35,54,32,47,44,41,58,43,49,19,26,43,18,40,61,58,20,48,16
55,51,31,45,63,47,30,36,41,12,37,43,53,41,47,50,27,57,46,54,17,28,41,14,41,59,49,15,47,15
56,45,31,47,71,54,24,34,42,20,28,41,50,30,53,48,34,51,46,45,18,33,38,15,43,62,57,23,40,13
59,49,20,41,65,59,22,43,40,21,23,36,50,39,47,46,33,57,44,44,15,30,43,16,52,56,60,22,42,18
59,47,29,48,63,58,20,34,36,18,25,34,53,37,44,48,33,50,47,48,22,25,40,17,48,57,62,19,46,25
55,45,32,44,67,54,24,33,34,25,26,42,51,37,43,44,29,54,47,49,22,38,36,16,41,60,58,21,40,25
60,44,26,46,70,54,24,35,37,15,26,39,56,37,47,40,37,54,36,56,23,31,34,16,47,59,52,17,48,26
47,50,30,48,71,52,23,36,37,22,27,42,58,38,43,39,38,54,46,45,22,26,35,20,48,60,57,19,39,20
52,42,28,44,64,59,22,38,43,15,28,39,48,42,41,40,30,50,51,55,17,28,44,19,53,58,54,24,34,30
59,45,30,47,69,55,18,39,31,21,21,46,49,39,45,45,27,62,42,48,22,30,38,18,48,56,64,15,42,21
59,54,27,48,65,54,22,37,37,18,25,35,43,35,48,47,30,58,47,60,22,33,47,16,49,59,45,13,41,18
50,46,27,47,70,57,22,32,44,18,24,36,54,34,42,50,35,57,34,48,25,32,41,18,48,57,60,18,40,26
66,46,23,48,67,57,24,33,42,18,26,43,50,34,53,44,37,58,48,44,18,31,32,16,49,57,51,17,44,16
54,45,32,34,64,51,19,40,42,12,22,36,56,34,52,47,39,61,45,45,20,29,40,18,52,62,53,23,46,19
57,48,30,43,68,54,17,31,35,13,23,41,56,39,40,45,37,60,53,49,22,35,35,21,52,57,54,18,39,20
57,43,26,41,64,52,10,33,40,16,24,48,54,40,50,43,31,60,49,50,19,40,38,12,49,60,59,18,46,20
57,44,35,48,61,53,23,37,46,20,27,40,53,45,51,36,37,61,43,44,21,23,35,13,47,56,59,22,36,19
60,56,31,35,65,60,14,32,38,19,30,40,58,34,45,51,39,57,43,42,19,34,34,21,44,50,58,17,46,20
59,50,24,41,67,47,23,31,48,19,22,39,56,39,47,43,36,55,40,48,20,39,37,18,55,64,54,19,35,17
58,51,33,47,62,52,18,42,39,21,29,35,56,33,52,45,29,61,46,51,17,27,37,20,39,59,50,25,40,18
59,52,38,41,65,50,20,39,30,19,27,38,49,38,44,44,39,61,42,45,19,36,41,23,42,56,62,16,39,18
57,50,33,45,70,54,25,40,38,16,25,39,52,35,50,42,29,50,38,47,14,32,38,23,51,48,64,24,41,22
54,50,32,42,62,60,17,30,40,24,24,36,51,25,52,48,31,61,47,40,22,32,40,21,42,59,55,18,52,25
63,53,30,43,67,59,23,32,36,16,20,34,47,47,46,51,35,60,45,49,19,27,32,21,47,54,56,21,42,17
53,50,36,41,63,47,25,30,33,17,33,37,56,34,47,48,27,59,50,53,25,30,43,15,40,58,61,16,44,21
51,46,32,50,67,56,19,38,44,13,24,40,51,33,57,43,24,56,50,41,19,37,36,23,49,58,54,18,45,18
62,47,30,45,67,55,17,33,32,13,25,45,48,44,39,49,44,63,41,46,18,31,40,17,49,56,51,24,39,22
60,44,20,37,62,61,27,36,32,20,18,41,45,35,51,42,33,58,50,46,22,38,43,24,47,57,58,22,49,14
58,46,33,42,66,60,27,37,32,25,25,43,48,36,46,40,32,56,46,51,22,30,38,22,48,60,56,10,43,14
62,58,29,44,67,59,24,33,34,22,30,34,49,25,56,41,34,57,35,49,24,30,42,17,43,61,60,15,39,19
57,37,28,41,68,57,21,31,33,18,27,38,57,40,49,39,36,57,43,49,21,32,45,25,53,62,49,16,41,22
54,51,33,46,61,56,22,32,37,21,25,30,55,37,48,41,30,62,48,50,12,28,45,26,44,59,54,25,39,21
52,51,31,50,67,60,23,29,33,11,22,43,50,45,46,38,35,58,45,52,22,34,40,20,43,56,60,15,40,21
61,54,22,41,63,48,21,39,42,12,26,39,50,41,54,47,42,59,52,40,18,28,37,16,46,58,58,13,43,22
57,45,25,47,61,59,19,29,40,18,26,41,55,37,46,46,44,52,39,47,21,29,43,17,47,56,58,18,46,24
51,46,25,43,64,56,18,44,33,23,21,44,59,39,49,42,36,56,48,43,24,24,45,21,47,54,55,24,41,17
53,46,35,35,68,58,24,30,44,16,27,40,49,34,50,45,34,55,36,53,15,36,42,18,43,60,60,16,48,22
51,47,26,44,69,55,21,36,33,18,27,47,50,35,47,46,36,62,47,47,17,35,43,16,49,58,56,13,42,19
59,40,32,45,61,53,24,44,39,21,26,35,43,26,53,46,33,65,47,51,24,27,41,19,45,60,60,17,41,15
46,50,32,46,63,56,16,36,46,15,26,44,54,39,59,44,32,62,37,41,19,26,40,20,49,59,53,19,45,18
61,40,36,48,59,52,20,37,37,16,24,42,63,37,52,50,33,56,39,40,16,26,44,21,42,63,59,18,40,21
60,47,27,45,66,56,20,34,45,16,18,43,54,30,48,53,31,63,45,53,13,31,48,24,48,49,50,17,42,16
55,44,31,45,68,59,24,39,43,17,20,39,53,30,50,52,33,55,44,47,18,29,48,14,42,53,52,21,47,20
51,48,35,48,60,47,29,34,45,15,19,40,53,34,49,49,32,58,35,49,17,40,41,20,46,55,56,22,45,20
58,45,32,51,70,57,24,35,28,20,31,40,48,33,44,45,37,60,42,53,17,35,30,14,49,54,57,20,43,20
64,37,25,45,68,58,25,42,43,15,19,50,43,31,41,48,34,56,42,54,19,34,43,18,46,53,54,20,43,22
59,51,28,40,70,58,21,30,41,18,31,40,48,34,58,42,35,49,40,44,17,31,42,16,44,54,61,15,48,27
62,48,35,42,62,57,28,42,41,14,27,44,52,39,40,45,37,60,40,43,17,28,36,18,47,52,55,17,41,23
53,52,28,53,64,56,20,31,34,19,27,38,60,38,46,39,28,59,46,48,18,28,42,22,46,59,55,20,40,23
61,46,31,47,65,65,22,38,43,15,28,28,54,33,41,40,37,61,48,43,26,29,41,20,43,56,53,16,43,19
67,45,32,43,66,57,12,33,33,19,29,42,56,36,53,48,37,58,44,43,18,27,41,16,49,57,57,21,37,16
59,50,31,39,64,58,24,42,31,16,23,40,50,35,45,45,38,58,44,52,18,34,40,16,49,57,55,20,43,16
55,51,35,42,59,52,25,31,39,18,23,38,52,37,56,42,32,51,45,52,20,31,37,20,49,53,59,21,42,25
62,37,29,53,68,62,22,39,38,19,24,39,51,33,49,50,28,57,50,52,15,29,35,14,48,50,55,19,45,20
59,43,31,42,68,62,31,33,39,18,30,47,53,39,48,45,33,58,38,30,24,33,38,19,44,58,52,15,45,17
58,49,34,40,66,54,25,34,38,20,28,41,53,30,47,45,36,56,42,37,26,32,38,23,53,53,52,16,48,18
59,49,28,46,63,59,22,40,39,15,25,30,55,39,51,40,38,56,36,42,29,35,41,17,45,53,60,18,47,15
59,45,34,50,71,52,25,35,40,21,25,36,57,41,50,34,32,57,41,54,14,29,38,18,46,52,49,21,47,19
56,52,32,37,67,58,18,31,42,16,21,43,53,38,43,39,30,60,38,56,25,34,42,18,41,55,60,24,41,22
60,48,30,45,64,54,20,35,33,16,17,49,57,29,47,55,37,51,37,54,18,34,43,19,51,59,58,12,37,23
55,47,24,48,69,63,20,32,40,18,27,34,59,36,51,41,37,59,40,53,12,33,40,20,46,48,58,20,48,14
60,39,35,43,59,51,23,34,39,18,28,37,48,36,51,40,34,48,52,52,25,28,34,14,45,60,59,25,47,28
63,42,31,49,59,59,21,35,42,12,25,45,53,32,52,42,35,57,51,50,18,29,41,16,44,57,51,18,39,24
57,49,30,37,67,60,22,38,36,15,34,28,53,35,51,44,35,64,41,39,21,24,41,22,45,58,56,20,45,25
57,45,32,51,64,61,15,36,38,20,22,38,48,41,50,39,29,59,37,42,22,32,39,22,49,63,55,20,44,22
64,41,28,41,67,55,27,40,32,17,21,40,56,30,47,44,30,48,49,48,17,38,38,23,48,58,56,20,46,23
59,42,37,50,62,54,18,28,39,22,27,37,39,42,42,44,34,60,50,47,23,32,38,24,40,58,54,22,46,22
65,58,24,37,59,55,20,37,28,19,26,39,53,36,47,42,41,53,41,49,21,37,42,15,52,61,56,17,42,20
55,42,20,45,61,53,21,31,40,16,22,47,53,42,44,52,37,62,44,48,23,33,44,19,45,60,52,19,41,21
61,48,35,47,67,51,28,32,47,19,28,41,52,31,53,46,31,51,34,50,18,35,37,16,47,60,55,16,40,16
56,51,27,46,63,59,23,38,40,26,27,44,46,40,46,42,30,53,54,38,16,28,41,19,50,57,53,19,38,22
56,46,31,50,65,52,19,34,37,23,27,39,51,35,53,49,26,60,39,48,19,25,40,20,52,61,50,23,42,20
61,53,30,47,63,55,25,39,37,20,29,38,58,38,52,38,32,49,35,51,17,29,44,16,44,48,58,21,46,19
59,46,32,48,58,59,19,40,34,21,17,36,66,34,40,40,39,55,45,47,15,28,47,17,47,62,56,17,49,19
63,47,30,45,72,57,21,41,44,13,27,37,56,33,42,44,35,57,41,48,17,23,37,22,46,60,47,24,49,14
56,50,19,35,65,59,30,39,33,23,19,39,55,39,40,51,34,53,54,43,24,31,36,26,44,52,59,23,41,20
60,43,26,43,70,53,20,38,41,24,20,31,52,35,48,47,37,51,45,46,24,28,38,24,53,53,56,21,47,18
55,49,36,44,65,56,20,36,40,17,35,44,52,35,38,37,36,60,41,51,24,31,33,14,48,55,55,25,38,22
55,42,22,40,63,58,17,39,42,16,26,37,54,33,44,45,33,57,57,45,26,35,34,21,45,64,53,20,47,22
51,47,28,43,62,57,24,36,35,25,18,45,50,37,48,50,34,60,48,49,19,27,41,18,46,58,61,15,38,22
61,55,22,47,64,56,23,36,40,20,27,34,50,35,50,39,34,47,39,53,20,28,43,16,48,60,61,20,44,20
50,54,31,47,66,47,17,34,43,18,33,37,54,40,40,45,42,60,45,49,20,30,35,12,43,59,54,21,44,22
57,45,23,49,67,56,19,36,32,13,21,38,61,41,46,46,34,57,48,55,14,38,37,19,43,66,59,19,35,18
57,54,38,43,60,50,24,36,38,14,36,36,48,32,50,42,30,60,45,55,21,29,46,13,44,60,55,18,38,20
65,42,28,42,61,59,25,35,37,21,24,37,50,37,50,54,30,59,42,50,18,27,41,15,42,64,59,17,44,17
56,58,29,46,68,50,17,30,38,17,29,47,47,33,38,44,34,61,47,44,15,33,42,23,50,55,54,18,45,24
59,46,28,43,63,59,23,36,38,19,25,43,45,29,46,48,36,49,45,55,18,31,46,18,49,62,60,18,39,16
55,40,32,40,65,50,27,38,44,21,31,46,51,38,50,38,28,54,49,48,15,34,34,19,49,62,58,16,49,11
54,51,26,36,70,58,23,37,36,16,27,40,54,37,51,46,35,53,44,50,26,37,43,20,42,57,52,18,37,16
60,47,25,42,70,59,24,40,32,19,21,32,57,39,45,42,38,51,39,45,24,31,34,20,42,60,56,24,51,23
59,48,30,54,70,56,18,37,40,16,26,34,53,36,50,48,29,51,38,46,16,29,36,20,49,62,58,20,44,19
55,44,24,49,66,51,26,36,42,20,25,41,57,29,47,43,44,59,47,54,20,26,33,21,50,48,57,18,44,16
57,38,32,38,65,53,24,38,40,16,30,41,52,38,55,51,37,54,51,52,20,29,38,14,49,52,51,22,39,16
57,51,33,46,65,52,13,32,38,17,22,38,57,45,50,46,36,57,41,53,15,32,47,18,38,55,62,16,33,27
60,51,34,38,69,56,15,34,37,17,23,37,53,33,46,54,35,59,49,46,17,31,46,19,44,60,56,16,35,22
53,49,25,49,70,56,24,33,30,21,22,36,54,41,53,45,29,52,47,37,16,37,46,18,57,54,61,15,40,22
57,46,28,43,66,57,16,36,36,18,28,40,53,35,47,44,36,54,44,42,27,30,41,21,44,54,56,22,46,25
61,53,24,42,65,50,30,36,42,17,28,44,59,35,40,36,32,58,50,47,16,30,43,20,52,52,55,19,40,16
65,44,29,51,66,57,20,42,34,11,20,45,57,40,39,44,31,53,43,47,17,36,42,19,49,54,57,20,39,21
56,54,35,45,72,60,19,37,36,21,22,39,50,31,40,46,38,59,40,46,17,31,34,20,45,60,59,16,39,25
55,47,31,37,68,59,18,39,31,12,22,37,54,40,51,40,40,60,47,59,23,31,45,15,46,54,54,22,40,15
57,49,25,43,63,56,26,43,39,16,24,34,56,33,50,47,37,59,42,51,20,35,38,17,45,53,60,19,41,14
59,49,27,41,70,58,18,35,40,18,24,42,53,40,47,47,39,55,45,48,17,32,33,10,48,61,54,24,41,17
53,51,28,40,70,50,26,36,43,20,25,36,50,29,50,45,28,58,43,50,13,31,52,18,47,61,56,23,43,17
59,40,29,44,63,56,15,39,42,20,30,38,60,37,54,40,40,56,46,46,18,24,40,25,36,58,52,23,42,20
57,49,35,51,60,52,20,31,42,17,23,49,57,40,48,41,39,52,44,47,22,40,29,17,44,57,50,22,47,10
59,47,28,51,62,56,21,33,44,16,26,38,48,46,50,46,40,55,35,45,25,31,40,18,42,56,52,17,45,20
59,52,25,46,69,61,22,39,34,15,21,36,49,38,39,48,33,61,44,49,23,32,39,17,52,58,58,14,39,20
57,38,32,43,68,60,26,40,46,23,18,43,53,31,53,45,31,54,43,50,20,25,41,23,45,58,54,15,36,21
61,54,26,43,67,54,17,30,34,15,20,43,53,36,48,52,32,64,46,42,26,30,46,18,48,53,53,21,41,19
62,46,34,41,64,55,16,40,29,20,29,39,44,44,48,46,32,55,42,49,20,26,42,19,45,55,55,20,49,26
61,54,38,50,61,61,23,37,35,8,26,31,47,33,48,43,41,59,41,47,18,29,42,16,38,63,54,20,49,19
55,43,39,50,65,65,23,31,29,14,28,43,53,32,44,42,38,55,53,51,21,26,27,23,52,63,48,19,41,19
58,47,29,53,65,58,23,36,37,22,30,36,50,33,45,45,29,58,46,51,17,28,42,15,47,53,63,22,38,16
51,42,32,46,67,57,22,33,47,23,24,44,55,23,44,40,39,68,42,51,24,30,30,21,45,59,54,13,42,24
55,51,32,55,64,53,24,34,44,14,24,36,49,38,42,42,34,64,43,53,19,32,37,15,48,57,62,16,36,19
66,52,26,49,61,59,17,34,28,17,27,33,51,32,40,43,31,52,43,54,20,32,45,20,50,64,54,23,46,23
61,53,34,46,61,61,23,32,36,18,25,33,56,33,47,49,31,57,43,48,14,31,38,20,44,60,56,19,43,20
57,53,34,42,68,53,24,31,37,24,19,44,59,44,42,43,33,56,43,49,19,35,39,15,49,59,49,20,35,17
58,54,28,45,64,58,23,27,34,16,26,40,53,26,49,52,33,59,44,51,23,32,39,19,42,52,61,22,45,17
59,49,33,51,57,60,23,38,37,17,21,40,56,39,43,43,37,65,45,40,10,24,38,19,45,59,57,22,43,22
63,47,28,46,64,55,19,32,37,19,23,36,42,40,52,42,37,60,47,48,18,28,35,22,45,65,60,18,44,20
61,37,30,31,66,57,19,33,35,19,31,36,51,34,53,46,36,57,49,53,25,38,42,15,42,57,54,13,44,28
52,52,29,48,67,51,24,39,35,11,27,40,58,31,47,41,40,55,35,51,18,34,42,20,45,59,57,19,52,13
61,53,28,39,69,59,24,37,36,16,24,38,59,37,41,50,32,56,46,48,19,20,34,14,49,56,54,20,53,20
57,54,28,42,67,52,33,35,36,17,26,35,50,40,51,39,40,59,50,43,18,27,33,18,43,63,59,17,45,15
57,52,19,38,74,49,22,43,35,18,28,35,63,44,46,39,34,56,47,46,15,35,41,22,42,53,56,15,50,18
57,45,33,43,62,64,22,30,36,24,25,36,54,35,52,38,31,52,51,50,23,24,43,26,43,62,61,18,34,18
55,49,36,43,61,52,22,32,42,21,22,43,58,41,53,47,33,51,37,50,18,30,38,17,51,57,55,19,39,20
66,46,34,46,60,59,27,33,39,21,18,34,54,42,39,49,34,55,41,44,22,32,33,18,52,56,57,13,49,19
64,46,28,37,66,61,22,39,48,19,23,36,60,36,48,45,35,52,35,45,21,32,48,20,44,56,56,15,39,16
49,47,23,49,66,55,22,44,32,23,25,38,53,38,53,35,27,50,52,57,20,33,33,19,41,58,56,22,46,26
52,53,36,51,65,54,21,33,39,17,23,41,54,29,43,48,41,58,48,50,15,26,39,13,46,57,60,17,42,21
54,40,30,44,60,59,32,36,39,19,29,39,60,34,39,40,34,57,36,49,16,33,38,19,44,55,60,16,53,28
64,51,32,43,63,52,22,32,37,12,25,45,53,36,52,45,30,61,45,48,20,24,34,24,43,59,56,21,40,23
58,51,30,40,61,62,24,34,32,13,24,41,52,32,49,43,29,56,45,54,25,29,39,22,53,45,59,24,40,26
52,45,35,47,67,54,25,39,35,19,24,37,48,35,50,47,30,59,40,53,18,26,40,15,55,58,60,23,36,20
59,46,36,46,60,60,26,43,34,19,21,38,54,34,44,48,36,44,49,46,19,31,39,22,36,57,64,24,37,20
57,46,25,45,59,56,26,39,40,18,21,45,56,33,42,43,36,58,43,52,16,34,43,17,47,59,55,14,46,21
57,48,33,47,65,59,22,35,33,20,22,36,61,40,54,37,38,56,51,47,21,28,33,18,50,53,50,17,42,19
57,48,30,45,67,55,22,36,37,13,27,37,51,45,41,46,40,50,39,48,23,42,42,11,46,60,54,21,37,22
53,49,37,39,68,50,17,47,31,21,30,34,52,34,41,53,37,55,45,49,16,31,37,23,52,58,52,17,43,21
64,50,30,44,69,55,24,42,31,17,35,38,47,32,47,37,34,52,44,52,19,36,42,15,46,60,52,20,39,19
54,49,30,42,68,51,21,32,42,20,25,46,55,35,47,49,40,59,48,37,22,26,35,20,47,53,62,23,36,18
60,43,28,42,67,54,22,31,38,12,24,38,51,42,49,43,41,60,52,53,12,31,43,19,43,57,56,19,44,18
58,42,31,39,63,49,25,42,38,22,25,39,56,40,46,51,31,56,42,44,20,33,30,19,47,54,56,21,49,24
65,47,26,51,60,55,16,33,40,19,25,34,52,36,41,42,31,62,46,47,20,26,36,22,51,65,69,17,37,21
53,47,37,53,66,50,22,40,40,11,29,42,41,34,44,47,41,55,37,44,18,28,40,19,45,66,60,18,44,21
55,49,36,51,62,50,25,40,35,12,19,40,53,38,46,43,35,58,42,51,21,34,36,18,46,55,61,20,39,22
64,46,29,41,61,56,19,35,38,14,27,32,50,39,51,53,36,61,46,50,23,35,38,20,36,56,54,20,38,24
58,52,23,41,65,50,26,34,38,17,25,32,57,46,38,50,28,49,50,44,26,40,43,17,55,57,59,15,37,20
59,42,24,45,65,58,16,42,42,20,22,32,54,32,55,51,40,63,40,46,18,24,40,19,54,53,58,20,38,20
55,56,30,42,61,59,21,41,45,22,32,45,53,32,44,43,39,56,41,51,17,30,48,17,39,55,48,18,37,15
57,48,34,50,69,59,26,39,30,17,25,33,52,40,49,45,30,58,41,46,17,26,35,15,49,56,58,14,47,27
60,49,22,37,66,56,28,33,41,23,23,37,46,35,49,42,33,64,46,48,17,34,37,20,49,54,62,21,46,14
62,45,30,52,68,51,25,34,34,21,21,33,54,38,48,45,31,48,48,53,20,28,40,14,47,61,61,17,43,20
54,42,28,39,68,58,22,40,36,18,29,42,56,32,42,45,41,58,44,41,24,31,38,21,37,60,60,19,41,26
60,40,25,47,61,53,21,36,36,19,36,39,54,30,49,40,34,56,51,40,24,35,46,21,50,56,48,17,43,25
62,51,30,37,66,59,20,44,42,14,19,39,53,42,44,48,33,57,40,50,18,22,41,22,53,57,56,16,38,19
57,43,26,37,61,59,23,41,41,15,25,31,51,49,47,40,33,53,46,56,20,20,40,23,50,61,59,21,42,22
64,48,33,40,72,56,11,36,34,18,29,38,49,33,44,44,40,57,42,51,22,27,42,17,49,59,51,26,40,20
58,39,29,43,65,55,17,39,33,21,29,40,61,34,50,49,26,60,46,49,22,31,42,22,41,51,52,19,47,22
61,37,27,48,62,49,22,38,34,20,27,37,50,29,46,47,41,59,45,61,13,35,33,22,47,61,57,22,39,23
53,43,25,45,66,54,23,45,35,23,28,43,54,26,43,56,37,60,48,40,20,34,40,19,49,54,57,18,35,19
53,48,24,44,65,52,22,38,33,13,15,43,50,34,50,44,41,54,46,52,29,37,42,20,48,62,58,20,37,18
59,45,33,47,65,49,24,38,33,15,26,38,51,34,46,46,35,65,44,40,18,33,41,10,55,58,58,21,47,18
59,53,36,42,68,47,27,36,27,13,18,37,56,38,33,45,36,63,52,55,21,31,40,16,50,54,56,23,39,21
57,52,32,48,56,61,19,37,43,20,19,37,52,38,43,46,35,53,44,42,22,33,42,22,45,56,60,16,44,18
52,61,39,46,59,60,20,37,34,17,21,39,53,34,47,47,36,51,48,54,14,29,51,17,44,49,57,16,44,16
60,48,27,40,63,55,22,41,30,17,18,41,55,33,45,43,42,59,55,40,22,29,42,22,52,56,51,23,43,18
56,48,26,34,64,64,18,34,49,20,22,49,56,32,49,46,35,57,51,46,21,22,33,18,40,55,62,20,41,24
62,48,33,45,69,50,22,34,43,16,28,35,52,37,51,42,26,58,35,54,21,33,30,20,38,67,50,22,46,25
64,44,37,36,65,52,18,30,36,16,23,37,61,37,48,54,43,53,43,53,16,30,42,16,41,60,58,19,41,19
61,48,25,43,63,52,20,30,35,20,24,42,55,42,46,48,34,54,46,48,23,32,42,20,45,55,58,18,39,24
64,51,33,43,68,59,28,38,38,16,25,36,55,40,45,45,29,61,46,53,16,25,36,11,48,50,58,20,35,20
53,45,36,44,67,57,21,45,29,22,24,37,56,42,47,43,31,54,42,49,19,30,41,18,44,56,49,17,55,19
58,50,27,42,65,55,14,40,46,14,20,51,53,31,44,48,36,55,48,46,20,31,44,19,47,57,55,18,38,20
52,52,28,56,67,61,21,43,33,14,23,41,45,39,38,38,36,57,38,54,17,34,37,20,43,56,57,20,45,27
62,46,36,38,67,55,25,36,31,16,31,37,57,39,51,51,33,54,38,52,19,35,30,17,40,65,54,17,36,24
56,44,38,43,64,44,22,28,45,17,28,37,49,33,51,43,33,59,47,49,14,36,43,16,46,64,52,22,48,21
52,52,28,40,69,52,24,38,37,17,26,32,59,37,49,44,28,56,49,44,16,33,41,17,46,58,53,22,50,23
54,51,25,39,60,48,14,36,38,19,26,49,53,41,48,44,42,59,50,53,17,29,42,15,50,54,50,19,47,20
57,41,31,48,64,52,22,36,38,18,20,39,52,37,56,43,38,56,39,48,17,32,39,25,57,51,54,22,40,20
59,52,27,44,68,60,24,27,37,17,26,34,47,37,51,44,34,64,47,52,15,30,37,15,48,58,55,15,47,21
60,43,32,37,65,53,21,37,35,21,32,36,54,30,52,46,33,54,43,48,17,37,45,16,46,59,61,22,41,16
60,51,24,37,61,55,24,28,41,15,21,40,43,39,55,47,42,55,36,48,21,33,35,16,51,64,58,17,47,28
58,42,26,48,67,60,17,37,35,12,27,38,57,33,49,45,37,58,46,44,24,30,36,26,46,58,56,20,40,20
63,45,33,42,64,61,25,33,39,17,18,35,50,42,44,44,40,59,45,43,18,28,46,21,47,60,55,15,44,16
63,51,28,51,71,54,18,30,38,18,27,39,53,38,49,47,37,50,48,46,18,32,37,19,43,58,51,16,45,17
60,54,40,42,63,57,15,40,34,14,25,38,50,32,49,48,36,68,37,49,29,34,28,20,39,59,51,25,34,22
54,48,29,38,66,53,19,35,39,15,31,46,53,34,48,45,40,48,53,44,22,37,35,14,53,59,54,30,34,16
65,46,43,39,75,52,20,33,34,19,31,37,51,42,47,41,36,58,49,50,12,36,33,16,47,57,53,12,41,17
60,53,30,45,66,58,17,42,35,16,25,34,56,31,43,48,38,57,48,44,20,29,44,21,38,58,51,24,39,22
55,49,31,42,64,49,25,39,39,10,23,46,56,36,56,45,24,57,40,44,18,31,41,20,53,58,53,22,44,22
57,46,27,51,62,61,16,37,38,16,25,29,56,33,48,45,27,61,55,54,16,29,35,19,42,63,57,21,41,25
55,43,25,52,63,55,18,37,38,22,29,40,53,42,51,46,34,61,40,42,16,29,43,18,47,61,55,16,40,21
61,44,30,49,66,55,21,38,38,20,27,34,48,37,45,53,35,56,51,47,18,33,43,17,42,54,51,16,45,18
56,53,30,41,63,54,22,34,40,20,23,39,47,37,51,43,40,60,44,51,25,26,39,19,42,57,60,19,34,23
56,48,23,39,69,60,16,35,40,21,28,41,46,37,47,44,33,58,54,54,21,29,38,14,47,59,57,22,37,19
59,45,22,50,53,50,21,34,41,14,24,40,54,42,50,39,43,62,46,58,23,29,36,16,42,61,56,17,41,24
58,47,28,52,65,55,17,36,33,15,20,43,50,33,48,39,25,63,55,44,19,35,44,15,48,58,58,23,43,23
55,44,30,50,70,57,19,38,39,18,25,40,52,41,42,39,46,55,38,48,25,29,36,21,46,61,56,12,43,17
55,41,28,43,71,60,29,31,39,16,24,43,52,31,46,50,35,57,48,45,28,36,46,14,44,47,62,20,37,14
64,46,26,39,64,54,20,34,37,17,18,33,48,35,45,56,37,56,44,48,22,33,42,19,56,64,52,17,48,18
52,46,37,37,59,53,26,36,43,21,24,44,47,41,54,46,37,45,44,51,21,27,43,22,50,56,61,15,40,14
60,42,27,44,59,51,21,35,39,18,23,41,44,36,42,41,37,55,47,54,25,35,41,16,44,67,64,20,45,19
61,44,24,45,64,60,23,41,39,20,29,33,58,40,46,36,39,55,50,47,14,23,42,16,43,57,55,18,50,20
53,46,32,41,70,55,22,30,38,25,28,33,52,37,54,49,34,60,35,43,29,38,40,25,41,50,51,22,39,20
58,43,20,39,62,60,24,31,47,19,18,43,55,40,53,49,38,58,42,43,16,31,37,18,46,60,51,21,42,28
55,49,31,48,66,62,17,36,36,21,31,43,50,42,42,43,32,58,52,40,21,37,42,21,35,59,55,16,30,22
59,50,38,45,66,57,23,36,39,21,26,37,55,34,45,43,25,55,40,53,18,30,45,18,40,58,57,20,43,16
66,49,28,45,66,59,28,37,35,13,27,43,45,35,47,43,25,54,46,51,19,33,33,26,45,60,59,20,39,16
60,48,30,40,66,47,17,44,33,18,26,38,54,37,47,54,41,58,42,46,21,27,42,20,51,60,52,13,39,21
63,47,24,36,67,59,24,32,37,17,23,34,55,32,47,48,37,68,44,46,22,36,38,26,44,57,51,17,39,22
60,42,34,44,72,55,22,36,36,17,25,40,52,33,46,45,26,54,43,47,22,32,52,16,40,59,55,17,48,22
65,50,28,42,66,57,24,37,34,14,27,45,57,41,45,47,33,50,38,44,21,32,32,18,46,56,60,22,41,20
54,55,37,47,68,53,23,27,38,16,28,44,54,34,45,43,46,60,44,40,21,20,34,25,43,56,59,18,40,20
52,42,26,43,68,60,20,31,40,18,27,36,55,43,49,47,32,59,50,45,23,25,40,14,50,57,53,25,44,18
56,49,28,49,65,59,25,29,38,17,26,40,50,30,55,51,35,56,45,47,23,30,47,17,44,57,56,13,37,18
47,38,26,41,64,56,20,34,37,21,20,38,58,33,37,43,42,56,52,52,15,38,37,26,43,56,64,26,52,20
54,52,30,42,66,61,19,34,35,22,23,36,49,33,58,44,30,58,42,41,26,27,43,21,45,66,50,17,44,24
57,45,32,39,65,56,29,36,37,16,21,35,49,37,50,58,34,58,44,45,17,26,36,26,44,52,52,23,50,23
60,53,33,42,65,60,21,44,38,14,21,39,50,32,54,47,32,53,50,44,23,29,35,26,47,62,54,13,35,16
66,50,27,40,64,60,21,37,41,12,21,45,54,28,44,48,39,56,49,46,23,31,38,17,52,57,46,21,39,20
52,40,35,51,68,49,19,41,44,23,23,35,49,42,47,39,31,54,46,51,12,28,44,23,48,66,59,19,34,20
57,48,36,44,65,52,18,40,37,18,26,40,57,36,48,49,35,56,47,43,19,22,42,22,42,52,59,21,37,24
50,51,36,42,62,53,20,37,43,15,16,43,50,32,52,47,40,61,48,48,17,29,34,20,47,59,52,21,44,23
62,53,28,49,65,55,17,38,38,23,19,38,52,37,45,42,22,61,41,50,20,33,38,14,50,59,52,24,45,22
54,51,25,44,60,55,26,33,41,19,16,39,53,36,51,49,35,53,52,55,23,28,42,17,47,55,59,20,36,18
58,48,29,47,63,56,27,38,38,19,27,38,55,38,47,48,34,61,36,49,18,29,36,14,49,48,56,16,49,21
61,43,28,46,61,54,21,43,46,10,24,31,52,40,42,39,32,59,40,46,22,38,41,19,50,58,61,17,49,19
58,50,33,39,65,53,28,35,31,20,23,44,57,36,58,45,35,56,50,43,21,24,40,11,49,54,51,18,46,19
64,47,30,39,66,59,20,36,45,16,27,42,51,39,49,46,34,57,49,50,19,33,29,22,46,52,59,17,30,19
56,49,28,48,67,51,22,45,41,27,18,43,59,35,42,45,36,57,41,51,20,32,31,18,43,59,52,17,37,22
56,47,38,39,73,57,21,37,39,15,24,41,53,39,46,48,28,61,44,49,15,30,42,16,45,58,56,19,41,15
64,42,34,50,75,55,19,31,34,13,30,38,52,42,52,45,34,63,43,47,22,28,30,13,45,62,51,14,47,17
57,55,31,41,64,46,20,36,40,14,28,45,51,40,50,41,35,60,46,46,10,28,41,17,46,68,55,20,41,20
60,50,29,39,68,54,19,36,37,22,27,36,55,30,48,39,32,54,42,49,21,34,39,17,50,60,61,25,40,19
49,52,39,44,63,54,25,47,38,16,26,35,47,43,41,36,33,60,46,48,25,32,41,17,50,56,61,18,30,20
55,45,32,53,65,60,29,35,42,20,26,40,45,40,39,37,34,58,44,38,17,33,47,23,50,56,60,13,36,20
58,49,23,51,63,46,26,35,31,26,27,47,51,37,45,40,26,60,41,48,22,37,49,16,45,56,61,11,42,23
57,48,24,40,60,55,22,44,43,24,28,45,52,38,51,53,32,53,42,46,17,31,34,12,51,48,58,19,46,19
55,53,28,51,64,53,24,42,30,19,25,39,45,41,52,41,36,54,43,53,22,24,42,18,46,62,56,19,33,22
58,48,26,44,66,66,29,43,34,21,17,37,51,33,41,52,27,54,49,53,16,30,35,16,43,58,62,16,46,21
55,50,35,44,56,46,22,40,43,16,23,36,55,34,35,51,36,62,48,48,17,31,44,19,47,58,60,19,41,21
65,43,27,47,63,51,20,36,49,16,31,38,44,31,54,44,32,64,37,49,21,35,37,21,41,51,57,21,45,22
54,47,30,41,67,57,24,37,34,11,28,37,50,37,48,54,38,59,55,43,16,34,39,23,46,50,64,13,38,18
56,44,30,37,68,62,24,38,40,17,25,38,52,34,54,43,39,53,40,44,21,26,39,19,49,59,61,18,42,20
58,44,31,40,68,58,23,33,35,19,27,40,56,31,52,43,39,63,41,47,25,30,35,25,45,49,51,16,43,25
56,53,26,41,64,56,18,35,37,17,30,43,56,35,50,44,38,49,50,50,15,23,47,17,45,56,53,22,38,28
60,43,29,41,70,51,21,35,35,13,31,35,55,39,40,46,33,63,42,53,21,43,38,16,45,60,57,18,38,21
59,51,28,46,67,52,22,37,42,22,22,35,38,30,42,44,34,59,46,49,24,34,31,21,46,66,55,20,52,18
49,51,27,44,64,61,21,35,45,14,23,38,50,32,50,47,34,58,43,50,20,37,41,20,47,58,58,16,46,13
65,52,33,39,66,52,19,36,40,18,26,38,53,38,52,44,36,59,46,48,20,28,37,18,45,51,56,20,37,20
53,50,34,43,67,53,25,33,43,18,23,33,57,38,39,50,39,60,44,48,24,30,34,17,45,52,61,17,44,18
59,52,30,44,60,58,21,32,35,17,32,37,55,40,51,42,33,56,46,47,19,21,41,19,45,60,57,23,42,18
63,48,27,33,69,53,25,36,37,18,27,35,57,38,51,46,34,56,44,49,18,30,38,20,43,58,58,18,46,17
53,49,28,41,66,51,24,37,38,16,21,40,50,38,50,49,42,60,39,48,30,31,37,24,51,56,54,12,36,21
62,47,38,40,68,59,22,38,35,25,23,35,49,40,50,51,37,54,41,45,11,32,42,18,48,55,53,18,37,19
58,45,32,46,58,55,26,39,35,20,28,37,50,42,41,43,40,65,48,54,20,28,37,16,48,62,50,12,42,15
55,52,27,46,62,50,23,34,36,20,22,39,54,41,52,47,36,56,46,45,21,29,37,18,48,54,56,25,41,20
57,46,33,43,63,51,20,36,46,15,31,33,53,39,57,42,33,49,40,53,24,25,43,21,46,62,60,18,37,16
68,45,24,40,61,58,18,41,34,11,28,47,50,29,44,45,37,51,53,49,28,33,41,20,48,61,56,22,34,16
56,44,21,44,61,56,26,34,38,19,30,34,46,29,45,41,39,54,49,47,22,38,49,17,48,63,52,26,41,23
52,45,32,38,68,54,22,29,41,22,25,46,47,36,51,57,33,59,43,47,21,32,35,19,51,55,52,19,39,22
62,47,25,45,62,51,20,36,39,16,28,48,49,34,51,41,29,59,42,43,23,41,49,18,45,59,50,15,47,18
51,50,32,43,65,53,25,39,38,14,24,43,50,35,47,45,35,54,46,51,23,33,41,17,51,59,53,19,42,14
64,42,31,45,67,54,14,36,40,16,27,41,53,37,48,43,34,58,43,46,23,32,36,19,49,58,50,20,41,25
58,40,39,44,68,60,23,42,40,14,31,37,50,32,49,45,32,49,36,41,23,30,40,18,48,58,56,21,43,25
59,44,28,43,66,55,26,33,39,15,21,48,50,37,49,43,39,58,49,49,17,24,39,24,48,56,62,19,38,14
55,46,38,52,67,56,21,38,40,18,23,39,54,35,46,46,35,63,48,46,22,27,37,26,31,53,56,12,53,9
56,42,35,43,58,53,30,48,43,15,22,34,44,37,49,45,43,58,38,50,20,36,32,17,48,63,58,12,44,19
55,44,26,42,67,59,22,41,40,21,22,39,53,39,49,52,31,46,48,42,20,30,43,17,50,55,55,23,41,20
58,53,34,46,61,53,25,28,42,22,25,37,52,39,42,50,36,50,41,48,23,29,42,18,42,59,55,24,41,17
55,39,35,41,62,58,28,37,36,19,28,44,62,38,59,42,35,60,40,54,22,23,37,17,35,60,54,18,38,16
60,50,34,37,64,54,24,31,33,20,23,28,59,39,43,44,35,52,45,42,23,36,45,18,52,57,59,18,41,26
51,50,32,47,63,57,14,37,40,17,24,38,55,34,48,48,24,56,45,52,16,29,43,23,50,55,60,18,44,22
56,49,29,48,69,51,20,38,38,15,25,32,47,32,52,40,46,56,39,49,19,26,41,22,54,60,55,23,41,20
56,44,22,42,65,54,26,39,48,25,25,40,50,38,44,35,36,60,41,47,22,29,40,17,41,61,59,18,46,22
57,47,24,44,67,53,22,40,38,17,23,38,53,33,53,47,38,63,40,50,13,27,42,18,49,55,52,19,51,19
54,53,31,39,70,56,28,33,33,14,30,38,55,33,45,43,37,54,40,52,17,33,42,18,41,59,60,25,41,18
57,43,37,56,67,46,17,35,34,18,28,39,51,30,49,43,34,52,44,49,19,30,48,23,53,64,53,15,37,21
56,39,24,45,62,54,17,37,42,22,26,36,51,42,45,42,34,57,51,50,23,32,42,17,50,53,51,21,47,24
58,43,33,47,61,61,22,36,36,19,28,47,55,33,38,42,31,51,47,50,22,29,35,16,50,53,64,15,49,21
56,42,26,47,68,53,19,38,34,18,21,44,50,38,45,46,34,57,49,43,25,35,49,18,39,56,59,23,36,24
56,48,31,42,70,51,23,30,42,22,28,34,47,41,46,47,34,58,46,38,16,30,41,17,46,62,66,17,42,21
56,50,22,42,67,59,21,38,40,18,24,37,51,36,47,53,26,58,51,50,25,35,35,17,37,57,57,17,43,23
54,49,29,43,67,51,16,41,42,14,32,40,50,34,40,41,40,54,50,51,19,40,42,16,42,52,62,21,41,19
57,40,23,41,72,54,22,35,46,17,30,29,50,43,39,55,37,58,49,44,22,29,35,16,52,54,56,20,50,17
64,48,36,37,61,57,12,44,41,20,32,45,48,35,41,46,34,49,43,47,19,34,40,17,39,61,60,17,41,24
58,52,33,34,56,51,24,28,51,18,19,46,62,36,43,50,37,54,44,46,21,30,37,21,43,58,56,23,41,20
59,52,37,49,67,52,22,37,45,15,13,37,49,43,41,51,42,58,40,50,18,33,40,15,48,51,51,20,41,16
57,48,28,37,63,54,24,30,44,22,23,34,53,34,48,50,31,60,47,51,22,31,35,18,46,59,58,19,46,20
53,51,29,49,67,56,24,43,35,15,22,39,56,26,41,43,25,58,53,46,22,32,46,19,45,59,56,23,40,19
55,55,25,50,65,58,19,28,39,22,30,35,47,39,45,41,40,51,49,52,15,32,38,25,45,56,50,25,46,15
59,57,32,48,65,59,27,41,33,15,24,36,58,37,46,40,31,52,34,48,20,29,48,22,45,49,50,24,42,21
53,53,30,48,72,45,28,30,40,19,19,41,46,41,53,45,36,62,39,52,20,29,36,19,42,57,52,21,47,17
60,46,33,47,66,57,20,34,35,24,20,44,45,33,38,54,28,58,46,50,18,31,41,20,47,62,58,19,40,18
62,44,30,46,69,55,20,39,40,20,25,40,44,38,46,47,34,54,46,49,21,34,40,12,47,60,50,19,44,17
57,49,32,50,69,49,27,40,39,14,23,47,45,33,48,44,40,67,36,43,21,27,41,17,34,58,57,20,41,24
57,43,30,49,66,60,26,36,33,19,24,39,48,31,55,43,38,52,43,51,20,30,36,20,43,61,61,14,45,19
54,51,39,49,66,60,15,33,37,21,25,38,49,32,53,42,31,56,39,54,16,34,41,22,46,58,51,22,41,17
60,41,28,48,64,53,20,34,39,17,27,34,57,37,44,38,30,60,43,58,19,29,41,19,53,57,58,21,42,21
57,53,29,41,61,63,25,32,33,22,24,41,52,27,46,49,42,53,45,53,23,31,46,17,37,58,58,13,39,22
59,44,29,42,67,51,20,36,37,16,21,45,58,38,53,48,32,56,43,47,19,28,44,19,46,55,56,25,41,17
56,51,31,45,69,55,19,36,38,15,24,51,55,38,47,43,28,60,49,50,16,28,35,20,49,56,48,16,49,15
57,50,31,43,57,58,15,37,40,20,21,35,55,36,48,48,36,60,42,46,21,31,37,17,50,55,55,24,51,16
54,46,27,50,62,55,18,33,35,14,30,46,51,32,45,46,34,58,52,50,15,30,38,15,47,68,53,20,46,22
58,50,20,43,63,56,12,38,40,16,25,34,53,43,51,41,38,55,42,47,27,35,39,17,54,56,59,20,40,20
58,51,32,46,68,55,23,33,43,14,26,38,56,39,47,42,39,56,48,51,16,32,35,18,47,54,51,17,37,20
54,51,31,40,65,55,23,36,39,18,22,41,59,42,43,46,30,54,41,40,27,27,37,22,49,59,52,21,44,24
50,42,22,39,68,54,19,43,32,19,30,39,52,36,41,48,47,57,53,39,14,31,38,23,50,61,57,26,45,17
56,49,33,42,64,56,20,38,43,15,23,39,55,41,51,50,34,59,43,36,21,29,34,18,41,56,52,24,45,25
59,53,30,46,64,52,22,33,48,16,23,33,51,38,45,45,32,55,48,50,23,32,38,20,49,50,54,17,44,22
60,42,33,42,62,57,20,31,37,23,28,35,43,47,49,41,32,61,45,44,19,31,38,21,55,62,60,17,41,16
58,49,29,49,64,49,24,42,44,19,21,46,51,39,45,42,43,56,44,44,13,27,41,18,46,55,53,21,44,16
57,46,27,45,72,59,20,38,36,16,24,45,53,43,48,38,35,49,36,45,22,28,40,23,33,63,59,21,45,26
60,52,28,43,65,58,27,38,46,15,25,42,54,33,40,46,37,61,46,44,21,27,32,17,45,58,54,19,38,21
60,46,32,44,62,57,27,37,49,19,18,33,51,31,46,53,30,58,39,54,25,29,46,14,39,56,54,18,42,23
61,41,27,45,64,52,25,35,36,25,28,47,52,36,46,46,35,54,42,51,17,39,42,13,43,60,52,19,43,16
59,41,28,44,65,58,18,39,41,21,33,38,55,36,46,38,29,60,45,44,20,33,42,16,49,61,58,18,35,22
55,46,28,45,64,60,15,39,43,15,26,39,48,30,42,45,44,58,45,52,25,30,40,17,54,50,55,19,43,20
59,49,30,50,58,59,23,33,43,16,25,43,50,39,43,41,43,53,44,51,11,35,36,21,41,56,61,19,41,19
60,50,24,44,64,62,25,36,40,22,27,38,59,40,39,43,46,54,44,48,17,33,42,14,38,58,56,15,35,19
68,50,34,41,61,57,23,26,48,14,25,43,59,37,40,42,38,52,50,53,15,29,29,22,51,53,57,19,40,16
62,51,27,46,65,47,19,32,33,13,27,42,53,33,52,50,39,57,45,47,23,30,45,17,46,52,57,13,44,25
60,40,27,43,64,53,24,40,42,18,31,45,53,34,49,49,38,50,43,39,23,27,37,18,45,51,60,19,44,26
55,45,36,48,66,54,26,42,34,12,23,33,54,35,48,48,47,59,47,42,21,25,40,14,44,61,61,17,40,15
55,55,31,40,64,56,23,37,44,15,28,39,52,29,51,47,47,57,45,42,19,28,29,24,49,52,54,17,44,19
55,60,27,47,64,60,18,38,41,17,24,43,51,34,46,53,31,56,40,50,23,28,36,18,49,54,52,17,34,26
57,58,24,47,64,51,22,33,32,20,30,32,46,38,47,48,34,66,39,41,20,35,43,18,49,47,58,21,47,25
55,44,32,47,64,53,25,41,43,21,25,42,48,38,42,45,39,51,44,52,17,29,45,13,50,54,58,18,42,15
61,58,30,53,69,59,24,38,32,9,25,36,49,36,44,39,41,53,51,44,23,24,32,19,39,59,57,24,46,18
59,49,35,45,63,57,17,40,44,17,22,41,52,32,44,53,37,55,46,48,21,27,36,25,51,56,53,15,42,10
58,47,27,44,60,60,24,42,47,13,27,39,46,44,42,37,34,55,42,54,21,32,35,16,49,54,53,21,48,21
62,56,27,38,68,51,22,39,38,22,24,47,50,33,44,50,41,54,47,48,14,21,46,17,45,53,57,23,34,21
55,45,35,42,68,56,21,29,33,16,31,37,53,36,50,53,35,53,43,49,31,35,32,18,44,57,61,19,38,17
60,45,29,52,65,49,30,37,42,10,23,32,47,37,49,42,36,56,43,55,26,26,37,18,46,65,52,19,40,24
54,48,28,42,67,57,20,39,43,12,31,35,56,44,51,47,36,49,45,46,20,37,38,23,41,61,49,13,38,22
54,55,27,40,69,53,25,39,37,18,25,34,57,34,43,47,34,58,45,56,21,36,39,15,40,58,58,16,42,17
54,42,28,47,62,56,20,44,39,19,24,39,49,43,51,49,34,52,45,54,19,22,44,15,44,60,55,18,36,28
55,46,25,48,65,44,27,42,41,16,20,37,54,32,54,44,28,59,47,48,12,36,42,23,49,59,56,23,41,19
59,56,26,46,68,58,19,34,35,16,26,36,46,39,39,47,39,58,39,45,26,38,44,22,50,54,55,12,38,22
50,51,26,46,67,60,22,33,38,21,16,41,60,38,46,52,33,56,46,44,22,41,37,22,44,61,57,13,35,14
56,54,26,41,66,58,27,41,34,21,24,35,54,39,42,40,31,60,49,48,15,33,41,17,54,54,57,17,42,16
55,48,33,46,64,52,17,30,44,14,26,32,49,29,49,45,34,57,48,49,25,28,43,21,53,65,55,14,46,21
57,45,30,41,65,61,25,32,47,17,28,39,61,39,45,45,40,55,47,46,22,26,38,14,43,47,58,18,42,19
61,46,39,49,67,50,22,35,34,17,22,30,51,34,55,53,35,59,38,48,23,32,39,20,42,62,57,19,35,18
58,45,34,45,66,67,19,37,41,19,26,34,50,31,52,41,40,53,37,53,19,25,45,21,44,59,51,20,40,20
59,42,29,41,70,54,24,40,35,17,22,33,55,45,44,38,40,61,43,45,18,35,38,13,47,56,55,30,37,26
54,54,28,42,62,61,24,37,35,24,18,46,51,36,45,45,38,56,42,47,16,28,40,19,37,59,61,19,48,20
62,51,32,42,59,56,19,38,42,19,23,36,56,40,45,38,36,61,41,47,18,35,47,18,35,60,52,19,47,18
56,43,38,46,68,51,14,36,38,16,21,50,47,32,47,47,34,61,46,52,25,27,35,14,55,51,58,18,48,18
49,42,30,44,73,57,20,31,36,16,32,46,55,34,49,46,41,63,39,49,22,30,35,22,39,55,57,18,41,21
57,49,34,40,67,52,18,35,34,19,30,47,51,42,48,45,34,53,45,46,20,29,34,15,47,54,60,20,47,20
64,43,23,48,68,59,14,39,42,12,23,38,51,30,46,48,34,55,49,38,23,35,46,22,44,59,54,23,44,18
55,48,21,37,61,60,23,42,40,25,32,38,49,34,48,45,34,65,47,41,16,32,42,17,47,57,55,15,40,26
56,49,33,44,64,58,21,40,37,16,28,30,51,41,40,45,37,56,41,51,15,34,35,11,54,59,56,25,43,22
48,45,26,39,66,57,27,36,31,22,31,33,49,39,47,47,44,51,41,44,23,30,42,20,45,54,63,20,50,22
54,53,37,42,67,58,27,31,40,17,27,41,47,36,48,40,44,56,46,46,22,28,40,16,42,57,61,13,36,20
59,55,31,46,65,60,25,36,36,22,29,45,53,29,51,40,29,55,45,44,16,26,33,14,54,58,49,16,50,21
60,47,24,41,56,62,24,34,33,15,21,39,60,41,50,38,33,60,51,48,20,32,44,18,44,57,57,15,44,24
60,54,31,43,70,58,20,34,35,12,28,31,54,45,52,30,35,54,40,50,22,32,40,19,45,57,60,22,37,22
56,46,24,47,62,57,17,44,40,17,26,35,52,43,54,47,48,53,42,47,15,32,38,22,51,52,57,17,35,16
56,32,25,45,71,58,24,42,40,12,24,37,49,30,47,50,36,58,45,50,21,31,47,15,48,62,56,23,39,19
61,48,36,46,62,52,15,32,38,19,23,37,52,41,45,49,35,48,40,43,25,30,39,18,50,58,65,24,38,23
64,58,29,34,66,55,20,36,32,25,25,39,47,32,51,42,27,53,47,40,26,33,45,18,51,54,65,25,32,21
54,46,30,52,60,56,19,34,46,19,22,33,50,32,46,41,42,56,48,51,18,30,36,22,54,59,56,22,37,21
56,55,32,36,70,59,23,34,41,15,24,39,49,39,45,41,36,56,46,56,15,29,42,18,42,58,55,21,34,26
59,47,27,42,64,64,20,33,35,12,34,42,53,36,45,51,29,62,40,49,21,28,40,15,41,62,55,16,41,29
57,42,30,48,67,55,22,33,38,15,27,35,54,37,47,54,33,58,43,48,27,27,44,21,49,47,55,20,42,17
61,48,24,44,69,57,12,29,39,19,26,38,59,32,49,39,29,49,45,52,26,40,45,19,44,58,61,23,39,17
63,38,30,43,66,46,17,35,46,16,20,38,44,41,49,50,36,62,47,45,19,34,34,22,47,59,57,24,36,28
56,41,33,39,64,56,32,41,35,15,23,39,57,29,43,47,35,58,46,52,17,27,47,17,45,54,63,20,31,30
56,50,37,49,65,54,18,36,41,21,24,36,56,35,45,50,38,59,42,48,19,24,40,19,43,54,49,22,45,17
53,44,25,43,63,54,23,37,43,18,23,33,57,42,49,50,32,59,47,50,17,33,48,18,53,49,59,12,39,19
62,45,30,35,66,56,24,40,45,20,23,37,52,27,49,41,40,56,47,45,20,26,38,17,54,60,57,15,44,21
61,41,28,48,64,57,27,33,37,18,25,45,55,39,45,51,32,57,45,52,20,30,35,23,44,49,57,16,34,24
63,45,34,44,61,59,18,40,33,18,25,34,54,37,53,41,28,63,43,44,22,30,43,18,44,58,63,19,43,15
63,47,34,40,69,49,16,33,37,17,23,38,53,40,46,48,31,53,42,46,17,35,36,23,48,60,60,21,45,22
56,41,31,48,68,53,27,37,42,17,21,34,54,43,50,48,36,61,48,47,22,25,42,19,43,54,57,15,37,16
62,44,26,38,60,53,17,35,37,17,25,38,51,35,48,42,38,54,47,50,26,33,50,20,44,61,63,17,38,23
58,48,31,43,68,62,22,30,38,16,18,44,51,38,48,45,39,58,50,39,16,31,41,19,46,64,56,15,36,22
61,43,31,42,68,53,29,36,32,20,27,35,54,24,54,42,32,63,45,49,20,26,40,19,50,63,57,21,31,25
60,46,20,49,65,56,25,39,39,15,25,38,49,38,50,41,33,55,44,48,18,25,48,14,49,64,55,23,40,21
57,49,31,48,65,57,25,39,39,20,24,39,58,34,51,45,38,56,40,41,25,24,33,18,43,59,58,13,47,16
53,43,26,43,73,58,12,43,33,17,27,34,55,37,50,38,32,54,43,44,26,32,49,19,51,62,58,22,38,20
55,43,30,47,59,58,17,43,41,23,24,40,49,39,53,44,39,58,45,42,22,24,34,22,49,61,55,18,41,17
64,42,36,45,69,52,25,42,36,18,24,36,49,30,53,37,31,61,47,49,26,33,35,20,47,53,61,14,46,11
51,45,29,42,66,55,25,41,33,25,31,46,51,43,48,44,32,64,41,47,18,33,37,17,45,50,59,12,45,17
55,57,34,42,68,58,19,45,42,10,25,39,51,42,42,41,41,55,50,45,19,25,42,14,41,58,50,18,46,18
60,46,33,44,67,59,22,49,34,19,27,34,48,41,45,44,29,57,42,44,22,28,43,19,40,53,57,23,46,17
57,48,26,46,63,52,23,35,42,20,25,39,54,41,45,44,29,59,41,45,20,31,47,26,45,61,48,16,42,22
57,42,36,40,62,62,19,38,40,17,25,39,53,40,36,46,37,57,44,47,23,32,35,18,45,58,57,21,45,21
55,45,33,46,61,58,26,32,35,12,28,45,52,36,48,43,37,54,48,52,18,30,42,18,47,53,60,17,39,22
56,46,26,42,68,53,18,36,40,22,26,36,56,30,52,46,33,57,48,45,19,29,43,23,55,60,57,10,40,20
56,56,33,43,67,60,21,27,40,15,26,39,46,42,44,46,39,67,43,46,17,28,45,17,37,53,53,17,47,22
53,45,22,54,69,52,14,37,34,17,22,36,58,36,51,40,32,59,46,51,25,32,41,19,54,58,51,20,42,22
53,46,35,43,66,53,23,34,41,16,24,39,49,41,53,32,35,57,52,55,17,31,31,19,46,62,59,26,34,20
58,49,31,50,61,57,19,36,39,17,22,37,52,48,42,45,37,64,45,49,19,24,38,21,46,59,56,20,35,16
57,50,26,45,61,53,23,38,42,21,29,37,54,37,42,52,38,56,43,48,15,33,40,26,42,55,55,20,38,16
65,42,32,40,68,42,20,39,37,14,27,37,54,43,43,53,36,51,42,53,28,34,37,17,52,53,48,16,47,22
57,46,18,42,65,61,20,43,43,14,28,45,52,34,51,51,33,51,46,49,23,25,41,21,48,57,46,22,41,19
58,50,39,42,68,58,17,45,36,17,22,41,43,37,47,45,35,64,39,44,19,31,35,14,42,65,57,20,44,18
54,54,29,54,66,58,26,37,34,20,28,39,52,41,43,40,37,62,46,50,17,26,34,17,43,57,47,14,43,24
60,53,23,50,64,54,28,38,40,14,26,34,49,33,45,47,28,58,48,52,16,29,35,22,59,57,52,17,38,23
51,45,30,56,69,57,17,31,42,21,21,40,54,35,54,40,27,58,43,47,18,28,35,20,46,54,61,19,50,23
56,39,25,48,67,55,23,39,45,12,32,33,56,44,42,55,39,52,40,50,19,36,42,20,46,50,58,15,39,15
58,49,30,45,61,57,21,35,41,18,27,41,50,36,54,48,27,53,41,42,15,40,43,12,55,59,53,20,38,23
67,51,22,45,65,55,24,37,43,18,19,42,52,43,49,45,37,60,38,46,17,30,40,10,40,58,65,17,36,21
55,48,28,39,70,62,26,33,35,19,31,40,52,35,40,49,35,54,48,49,20,25,39,20,40,56,56,23,42,23
57,51,30,42,68,57,24,38,33,11,22,38,46,37,54,50,34,59,46,54,24,28,42,18,49,58,54,18,38,12
55,42,28,49,65,51,18,39,42,17,24,47,50,32,54,49,36,54,46,41,18,34,41,16,43,55,52,20,53,21
49,43,32,41,64,52,19,43,41,16,27,35,46,36,51,49,36,66,46,48,12,24,46,22,49,64,56,15,46,18
63,50,25,38,61,60,23,38,30,21,27,37,50,35,47,47,33,61,45,46,24,28,44,24,47,58,49,21,39,21
55,50,28,42,65,59,14,33,39,16,15,33,52,35,47,54,45,64,50,44,21,28,41,22,43,57,57,19,48,16
56,55,38,43,70,59,21,30,32,18,25,32,56,44,50,48,30,57,45,53,15,35,32,19,43,51,54,19,42,20
55,44,28,46,65,57,25,38,46,17,25,44,52,34,50,54,34,54,43,48,20,26,37,17,45,53,61,16,41,17
63,49,29,35,66,49,24,30,40,15,35,45,58,36,45,44,39,55,53,45,18,30,38,19,44,55,57,17,39,20
58,49,30,47,63,56,26,36,39,12,33,44,44,36,49,45,30,55,52,50,20,31,43,26,39,52,51,13,40,23
58,43,36,46,64,62,18,31,41,16,22,39,59,34,42,40,36,53,46,51,19,31,33,20,57,60,60,20,36,19
57,44,38,47,67,60,19,36,37,19,31,39,51,27,58,36,29,53,49,47,17,34,45,19,47,56,58,18,39,15
65,52,21,46,72,52,27,38,39,18,21,41,52,33,42,38,29,60,36,46,27,28,38,23,49,56,54,15,52,22
52,50,38,50,62,62,19,35,36,13,23,33,52,28,46,51,35,62,42,46,19,29,33,22,46,67,52,22,45,22
59,49,26,45,72,59,21,38,39,19,26,32,56,39,44,44,29,50,42,51,19,26,38,22,41,60,58,20,45,23
56,52,37,36,66,55,29,47,39,17,28,38,51,27,49,47,33,63,35,45,17,31,44,18,44,58,53,13,45,19
57,53,25,34,73,57,18,37,43,14,21,46,49,41,51,60,34,53,48,50,21,30,39,25,43,58,48,14,31,19
64,45,32,44,60,57,29,36,33,19,21,33,55,36,46,42,36,53,52,48,22,30,35,23,45,61,56,24,37,18
55,45,26,46,62,55,24,32,39,16,23,38,57,35,50,50,33,54,45,47,17,40,48,20,41,57,63,25,34,15
55,47,29,44,68,52,22,35,39,16,25,43,57,24,51,35,29,59,38,49,26,33,39,26,52,61,54,19,42,23
50,47,29,39,61,58,20,39,36,18,20,40,50,34,53,47,32,60,48,51,18,41,41,20,44,59,55,15,49,18
55,50,28,48,68,55,20,38,36,21,26,41,54,41,46,45,32,61,43,49,23,31,44,17,39,55,51,14,50,11
56,51,30,51,60,58,21,37,43,17,21,41,55,37,42,39,38,54,40,39,19,38,33,20,52,63,55,18,42,22
60,48,31,44,70,46,18,35,46,22,26,37,58,39,46,42,36,55,39,51,21,27,47,18,36,62,58,19,36,19
55,44,27,44,62,56,25,35,43,24,22,46,50,30,54,48,36,55,43,54,24,26,31,15,44,62,58,21,36,22
59,52,27,42,63,59,24,36,38,18,26,45,51,39,43,49,36,48,52,51,19,30,37,14,47,57,65,15,31,19
58,57,31,40,66,54,11,28,42,18,27,39,45,38,47,42,39,56,47,44,17,35,41,22,48,62,61,12,46,19
60,46,32,46,65,59,21,36,38,14,25,41,54,41,48,48,29,60,45,52,21,27,35,15,34,62,60,13,43,22
59,55,25,42,62,51,19,35,37,18,30,38,56,34,52,44,36,57,51,47,17,25,39,19,38,56,67,21,41,21
62,50,32,48,62,59,22,26,37,21,25,36,54,34,46,41,38,59,48,49,21,33,45,14,49,58,46,15,43,19
58,53,28,41,70,56,19,40,39,13,25,36,47,36,56,46,34,58,47,39,22,34,39,13,51,60,56,14,40,22
63,48,27,40,67,56,15,43,45,18,22,32,51,33,46,49,33,54,49,58,18,33,38,23,44,59,55,16,40,17
60,51,31,41,61,53,17,33,36,21,21,44,46,39,51,53,35,62,44,50,15,25,40,17,42,60,62,17,41,24
60,46,31,44,60,59,25,33,37,18,24,37,54,30,52,52,30,53,39,47,16,31,46,18,48,56,60,15,49,22
60,42,33,50,63,52,22,34,39,23,32,31,53,42,45,50,30,57,43,59,12,32,34,18,41,62,49,19,39,26
51,46,26,49,57,52,21,39,41,16,20,38,51,30,47,53,29,59,47,54,22,32,42,21,42,55,57,29,42,24
56,44,30,50,66,53,21,34,41,14,24,43,52,36,46,47,32,55,40,50,19,31,41,19,48,58,63,23,36,20
59,48,31,37,63,55,20,38,41,16,28,32,50,35,44,46,42,57,50,52,22,27,33,19,51,56,53,19,49,19
55,46,33,56,64,57,24,39,36,21,32,39,57,37,45,46,34,63,41,47,17,24,43,18,35,55,56,21,35,16
61,39,33,49,61,62,20,31,37,21,25,41,49,46,46,47,31,52,52,45,16,31,35,19,42,57,60,18,45,21
56,60,26,41,69,54,26,29,31,20,23,46,51,31,45,46,32,59,41,44,18,32,44,24,46,58,62,21,36,21
60,45,27,40,64,54,29,36,50,20,22,34,54,33,44,42,35,62,51,44,18,30,36,12,46,56,58,24,42,24
57,49,32,49,64,58,24,42,40,11,24,43,59,29,40,46,33,52,46,42,16,32,38,21,50,64,57,19,34,21
63,43,24,38,69,62,18,46,34,20,21,38,52,31,53,44,31,56,45,41,25,30,40,19,52,57,55,23,42,20
58,51,31,40,64,61,23,41,40,13,27,41,54,42,50,44,36,55,46,47,23,30,41,19,40,56,47,21,35,16
55,44,36,43,64,60,23,39,26,12,20,40,51,28,56,44,41,58,46,45,21,39,37,14,54,58,55,17,47,19
55,43,28,47,62,58,23,37,48,12,17,37,49,36,48,39,36,57,42,44,20,35,42,19,45,65,59,20,45,24
60,45,23,39,65,61,15,45,43,19,32,42,55,37,45,47,30,57,49,49,17,28,30,18,57,57,49,22,38,18
55,53,26,30,63,63,19,38,38,17,32,34,56,37,48,50,41,53,50,44,19,25,42,17,42,60,66,14,38,22
61,52,21,43,69,58,24,32,43,18,20,44,54,32,45,53,34,55,43,47,20,21,42,21,49,61,47,20,43,20
51,48,29,51,66,53,24,42,37,14,30,33,56,35,47,42,29,62,38,52,19,26,40,23,50,66,54,15,43,17
57,42,37,51,65,49,23,37,29,25,23,35,47,43,59,42,38,57,43,54,13,29,39,18,49,52,59,18,37,22
59,42,29,42,62,57,20,48,40,17,20,34,44,38,50,45,36,57,43,54,15,32,37,22,48,55,59,15,46,26
54,49,28,45,63,53,26,37,39,27,17,44,52,33,50,45,28,59,49,54,18,26,33,23,42,60,54,17,46,21
56,42,29,40,66,55,23,37,42,21,25,42,48,36,49,46,30,58,41,47,22,35,42,21,42,54,53,20,48,22
53,59,31,45,60,55,24,39,29,16,28,37,51,37,40,37,43,60,46,51,19,30,39,21,52,56,57,16,44,17
58,51,32,40,65,53,26,39,39,21,24,41,52,30,50,50,38,53,42,52,26,28,34,11,46,57,52,17,45,20
61,39,31,44,64,53,19,34,43,20,30,36,50,38,46,50,36,46,41,50,21,29,40,20,49,59,57,16,48,22
64,44,27,46,66,61,24,38,33,13,21,38,54,36,44,39,34,56,49,47,14,33,45,19,46,56,59,21,43,22
56,44,25,50,59,61,20,42,44,17,22,36,46,33,52,42,28,54,51,50,19,37,42,14,47,54,59,20,48,20
51,48,34,46,66,55,24,43,41,12,31,45,53,26,43,45,31,58,48,49,19,32,41,15,38,63,55,23,37,20
58,48,31,51,69,54,27,30,41,10,30,34,50,35,54,42,39,60,48,44,19,36,36,18,41,56,58,15,41,17
58,59,28,45,70,53,25,33,38,17,28,26,54,35,52,39,32,50,45,40,28,31,44,19,45,60,60,17,38,23
67,48,24,42,64,51,27,41,37,16,21,43,51,35,47,45,34,58,44,49,16,30,35,25,48,56,58,21,40,19
58,45,32,41,66,53,23,33,42,25,27,40,51,28,56,53,30,56,49,51,20,30,36,17,44,59,46,20,41,20
49,43,38,49,67,55,29,36,39,16,28,49,52,38,56,46,35,49,42,47,13,23,41,16,49,57,61,15,38,16
55,51,38,37,68,57,22,36,43,12,29,35,58,32,46,43,34,61,44,52,29,33,35,17,39,63,57,19,35,12
63,53,33,41,66,45,21,32,42,17,23,44,54,47,39,49,34,51,44,38,19,22,34,19,54,60,60,25,40,23
57,50,28,37,70,62,27,30,39,23,29,33,54,32,46,57,33,51,50,46,24,28,41,14,41,55,47,22,40,26
60,44,24,45,68,58,19,37,44,22,24,42,47,37,47,49,31,51,37,49,18,24,37,19,48,63,63,15,39,31
57,46,26,43,65,53,15,30,40,20,28,41,63,34,49,44,34,58,52,45,22,29,40,12,48,58,57,17,45,21
58,55,37,49,65,59,15,34,36,19,28,38,48,43,50,43,38,56,44,42,21,28,45,16,48,56,47,20,37,17
60,54,25,51,54,55,21,36,39,16,22,42,53,33,45,45,39,54,47,49,18,40,35,18,52,57,55,22,36,19
59,45,29,43,68,48,25,26,33,21,18,41,58,42,50,41,33,54,49,49,25,30,35,18,44,61,55,22,48,22
54,49,29,46,63,53,12,36,33,14,30,48,53,43,54,46,25,55,48,54,19,26,37,23,51,50,57,17,46,21
62,48,33,45,66,57,20,34,41,20,29,41,53,35,43,40,41,53,47,47,22,32,44,17,44,61,53,15,32,17
59,49,29,47,67,51,22,31,41,14,31,37,55,35,49,48,42,58,39,50,16,27,39,12,51,55,59,25,37,17
62,51,31,49,62,57,19,33,38,16,21,34,51,45,55,49,32,56,42,53,15,26,43,18,49,54,56,19,35,21
54,48,30,37,72,59,17,34,40,15,27,35,58,30,43,44,40,60,42,48,14,31,41,24,54,64,56,18,37,20
62,49,33,40,59,58,16,38,40,12,27,37,50,36,54,39,37,56,48,53,22,22,41,20,47,56,60,26,38,16
61,46,29,32,66,54,23,35,37,22,19,46,53,42,45,49,31,57,40,49,16,35,38,21,53,58,59,14,43,19
57,42,29,52,67,54,21,33,40,19,26,39,45,31,36,56,36,55,42,49,22,40,39,19,42,62,64,14,41,20
51,48,33,40,66,56,21,29,41,20,20,41,53,31,45,43,34,66,42,51,21,34,39,16,44,64,59,20,43,21
59,45,32,41,63,60,20,33,46,19,23,42,54,35,47,40,32,62,47,46,20,28,43,23,43,60,54,16,42,17
53,54,27,46,70,57,26,44,50,18,21,32,47,39,53,53,28,54,44,44,21,32,27,23,47,57,62,11,38,14
52,43,30,43,65,61,24,34,46,21,26,35,50,37,48,51,34,54,41,50,16,32,36,22,43,57,67,20,36,18
56,40,31,45,63,54,21,34,46,20,31,34,57,40,42,42,41,50,40,51,22,34,32,19,51,59,63,19,37,18
61,54,23,37,66,55,20,34,40,13,27,34,47,39,47,48,29,55,50,44,23,40,37,20,42,59,60,21,49,18
61,39,30,47,66,57,21,35,41,14,28,42,48,36,47,46,39,55,40,50,18,34,40,17,49,60,60,17,35,20
54,55,28,42,65,56,22,29,41,18,26,38,62,34,45,41,42,54,47,45,21,30,32,16,46,55,60,20,42,26
58,51,34,50,63,59,19,32,43,18,23,38,49,33,53,46,34,62,49,48,21,26,41,21,35,50,55,16,39,26
56,55,35,50,64,56,28,26,32,14,26,37,52,30,46,45,40,56,44,44,24,31,41,14,42,62,59,21,42,20
66,41,31,49,71,60,27,34,36,14,22,38,48,28,38,49,32,59,49,39,17,37,39,23,44,53,65,24,39,20
55,48,24,44,63,58,22,35,39,20,27,41,38,43,47,37,38,59,41,57,25,37,40,21,46,54,57,20,39,17
54,48,27,40,67,49,21,37,35,14,25,45,50,39,41,47,35,58,47,51,18,37,38,24,40,51,62,27,43,22
60,46,36,44,62,58,17,33,43,15,25,37,51,27,56,45,40,61,41,46,21,31,37,22,45,52,55,21,43,22
62,49,32,48,66,58,18,37,38,17,25,45,50,31,44,36,34,58,43,49,23,34,32,22,50,57,61,11,38,24
59,47,35,41,64,52,27,34,41,17,22,37,53,38,41,43,29,60,47,41,18,33,46,18,51,57,63,24,40,14
59,46,29,48,69,65,27,36,33,13,32,41,48,29,51,42,32,63,44,48,22,32,40,20,41,48,57,15,41,21
56,51,37,48,63,53,28,38,40,14,25,35,46,43,53,43,29,50,44,45,23,35,34,14,41,57,60,22,44,21
56,40,34,49,61,54,22,40,37,17,28,37,52,39,40,43,39,56,50,54,19,35,35,20,52,57,52,23,39,12
57,51,26,41,69,53,15,34,38,19,30,36,56,37,47,46,32,63,41,52,20,35,42,17,46,50,60,23,38,18
61,41,27,44,60,58,22,44,42,18,21,44,52,39,38,48,36,61,38,55,14,34,37,17,46,58,62,15,41,19
53,46,30,36,74,58,23,40,44,15,25,33,48,32,42,47,36,53,38,54,22,34,46,18,52,58,60,15,38,22
57,43,24,54,63,60,21,45,38,13,21,45,50,34,44,44,35,52,46,56,18,34,36,17,44,54,55,21,48,20
50,49,39,45,64,56,21,34,29,10,19,47,58,39,45,53,36,56,42,48,24,37,40,18,50,51,57,22,37,16
57,52,29,49,68,60,23,30,37,15,27,37,48,35,51,45,34,63,43,49,17,25,37,20,47,56,53,17,46,22
59,41,34,44,66,51,23,36,47,17,37,31,46,38,53,41,32,60,38,52,24,41,35,21,45,58,49,18,41,14
55,45,29,38,64,60,26,26,41,22,18,41,60,39,47,58,34,54,47,41,25,30,37,20,44,66,53,16,38,18
62,54,36,47,67,59,27,33,45,20,19,38,50,31,44,42,37,57,41,46,20,26,38,17,40,59,53,19,44,21
58,49,32,41,64,56,18,42,30,18,27,38,52,38,48,46,39,49,48,50,21,28,38,20,47,56,51,20,48,20
54,52,28,41,64,56,22,36,43,20,26,38,47,37,33,51,36,58,43,54,16,29,38,20,50,58,51,23,47,21
61,47,32,41,73,51,36,29,36,13,25,43,52,40,45,43,40,53,44,51,12,29,34,25,43,55,64,23,31,21
55,49,27,47,67,60,25,31,41,26,26,37,48,32,42,52,37,50,45,44,21,31,40,15,51,63,59,18,36,17
54,57,33,53,71,54,26,40,38,15,28,36,52,36,44,41,43,48,42,52,18,28,36,14,42,53,64,21,36,17
62,52,34,43,58,58,16,42,43,13,26,37,52,43,47,50,42,51,46,50,18,28,43,14,45,54,46,15,40,24
59,41,35,46,64,48,18,32,44,13,29,37,54,33,42,47,27,57,46,49,18,32,36,27,45,59,61,16,54,23
59,44,37,51,66,56,23,39,40,15,23,39,59,37,44,42,28,57,44,46,15,31,49,17,47,58,50,18,39,19
48,50,27,46,60,62,18,35,44,18,24,46,57,37,50,47,38,54,41,50,19,35,35,18,43,57,62,13,38,20
62,46,30,50,65,55,15,36,45,16,20,31,48,33,51,31,41,58,42,51,25,33,40,23,52,53,63,19,42,16
62,48,27,44,66,57,18,41,34,21,19,40,48,36,42,50,36,59,40,53,17,34,39,12,48,58,60,13,46,24
62,44,20,39,70,55,16,39,43,21,30,44,46,31,56,46,43,51,41,44,20,26,36,14,50,61,59,19,44,22
56,49,26,52,58,57,22,36,43,12,22,36,54,31,47,49,35,64,44,43,23,30,40,17,45,59,52,22,43,25
54,42,29,42,67,53,21,37,36,11,27,42,57,36,54,37,37,51,44,46,22,32,43,22,50,59,56,19,52,14
57,36,36,40,65,51,23,46,40,17,23,42,62,40,49,46,43,62,36,43,22,28,38,18,46,57,56,20,35,15
59,45,26,50,61,55,20,40,49,17,24,42,55,36,45,47,37,63,41,40,21,24,35,21,46,60,60,11,42,20
65,42,24,42,64,59,26,37,34,18,22,36,50,34,52,43,43,64,44,55,18,32,38,13,45,58,52,18,46,18
53,54,30,39,64,58,23,36,44,15,22,43,50,36,48,43,37,51,43,46,24,32,51,21,47,54,52,16,38,22
55,54,32,42,63,59,25,36,42,20,32,40,56,33,48,41,31,51,42,49,15,28,43,21,45,53,55,21,43,17
53,48,22,45,68,53,27,41,37,15,34,48,58,33,52,41,41,55,43,51,19,31,35,18,44,58,52,7,44,19
59,52,33,43,64,56,23,32,35,19,28,35,53,36,50,50,42,55,40,41,19,31,34,18,46,57,63,20,42,16
52,56,32,43,69,51,25,38,46,16,28,33,50,39,47,46,32,58,46,45,18,31,45,20,44,58,53,17,36,18
64,47,30,40,65,59,25,29,35,21,26,38,47,40,42,50,35,54,43,41,22,33,45,21,41,64,53,17,40,25
56,54,29,43,71,52,26,35,30,13,24,32,56,37,46,52,33,55,46,45,21,31,39,18,46,53,60,22,41,26
55,47,33,41,66,47,19,30,34,23,28,40,50,42,50,45,29,55,39,55,24,29,41,21,44,65,63,16,42,19
55,46,30,43,59,53,15,38,41,16,20,42,47,35,54,51,35,59,54,52,16,41,40,29,46,49,51,18,40,17
59,49,25,46,66,48,18,34,37,16,24,46,47,40,46,39,40,62,48,51,24,29,43,20,44,55,55,20,43,18
61,51,31,43,66,50,22,32,44,22,25,43,56,38,41,41,34,55,51,43,19,21,38,19,45,61,58,18,44,20
61,43,24,40,64,54,22,36,40,21,22,32,55,41,47,43,33,66,45,44,17,26,39,21,45,63,56,24,45,23
63,48,30,34,67,54,23,41,34,18,19,47,56,42,46,39,33,54,43,38,16,37,34,18,37,65,61,24,50,21
57,47,31,37,64,54,24,36,43,21,19,46,56,40,47,43,37,54,42,49,11,35,46,19,46,63,56,15,35,19
57,48,30,48,68,56,15,38,37,12,25,35,53,35,48,41,36,62,45,51,23,29,33,20,43,58,60,22,46,18
60,49,26,36,66,53,18,30,38,19,20,31,56,36,46,50,32,61,48,45,16,36,39,21,47,62,55,24,51,21
60,41,26,41,66,56,20,34,54,16,23,44,56,43,54,40,30,53,43,48,17,28,44,13,42,59,60,20,40,21
58,47,30,36,67,57,21,39,41,17,20,37,51,37,48,51,34,62,47,46,21,26,46,16,42,63,59,13,37,23
52,44,19,41,71,65,24,38,40,15,22,41,49,40,44,45,34,57,49,46,30,28,38,21,52,58,50,19,44,16
57,50,28,39,67,57,23,29,39,11,24,47,50,37,51,46,36,55,42,48,22,35,40,23,46,55,50,27,39,19
60,51,33,40,67,58,19,35,37,14,22,37,55,36,49,44,39,59,46,43,23,31,40,16,49,57,57,17,35,23
53,53,28,41,60,55,14,36,39,23,24,43,47,36,52,45,37,64,47,55,15,34,35,20,47,56,57,20,36,20
58,52,31,46,64,54,20,38,43,13,30,47,52,34,44,50,32,47,37,42,21,34,38,17,46,54,63,16,45,24
57,48,27,41,60,55,23,37,36,17,24,47,45,35,45,51,34,61,45,46,21,28,45,19,55,56,53,16,47,18
57,43,29,48,66,57,17,30,34,19,26,37,55,38,55,45,37,53,41,44,29,29,44,16,44,60,56,19,42,22
57,50,32,42,63,62,26,40,37,13,21,40,57,34,41,33,40,51,47,48,20,40,37,17,51,66,54,21,35,17
60,42,25,46,70,49,18,40,38,24,24,40,56,31,46,47,37,53,46,62,18,24,48,21,43,54,56,23,35,16
53,49,39,40,65,59,21,38,43,18,26,39,52,40,46,45,31,55,40,50,23,29,38,23,41,59,52,17,44,17
50,46,26,38,70,57,26,35,36,23,27,40,49,34,49,40,34,58,44,48,22,37,38,18,54,63,56,23,36,15
58,43,32,43,70,55,19,28,33,23,24,41,53,44,45,44,34,60,45,54,21,29,33,16,43,59,52,21,49,21
55,44,37,50,64,46,27,43,37,18,23,35,53,47,45,47,35,55,40,49,20,34,41,20,44,50,62,19,36,16
57,49,30,43,62,52,22,39,33,23,23,39,50,31,46,48,40,52,44,49,20,41,43,21,46,57,50,20,42,20
60,52,26,41,70,57,23,39,38,20,25,41,47,35,49,39,37,57,47,52,23,22,38,18,43,62,54,15,45,17
59,37,31,47,67,56,22,36,44,20,31,43,53,31,48,43,34,51,45,49,17,34,42,20,49,55,56,9,45,18
59,39,34,54,66,47,17,34,46,24,21,37,41,40,49,56,44,52,45,45,17,29,45,18,45,57,51,17,42,21
54,43,28,43,68,58,24,41,36,19,20,34,51,37,55,40,32,64,52,51,23,29,43,20,39,57,59,20,32,20
60,47,30,43,63,59,20,37,33,13,22,37,52,39,47,54,31,55,48,50,21,31,45,20,49,57,56,16,39,18
57,49,39,41,66,56,22,41,42,15,20,39,57,37,58,36,35,53,38,46,20,29,33,17,49,55,57,18,44,23
53,43,26,41,61,56,28,28,36,19,24,33,51,43,45,38,24,62,50,44,26,33,43,17,56,58,62,21,49,22
64,52,31,44,69,55,19,29,34,16,24,43,53,38,47,41,36,59,47,47,21,35,33,18,49,53,58,16,39,22
57,47,34,41,65,63,28,33,47,9,17,41,52,35,47,46,35,67,47,47,18,28,41,16,47,54,52,24,37,17
54,42,33,49,60,53,28,34,41,11,28,43,49,33,51,42,38,62,46,47,25,29,39,22,42,62,56,21,36,16
53,46,30,47,65,58,20,39,42,17,19,37,53,38,50,38,40,49,46,51,18,32,42,16,48,63,57,20,37,21
57,46,38,42,63,56,21,34,43,19,27,36,51,37,53,47,30,54,43,47,17,29,44,14,44,61,59,20,39,21
55,57,30,51,60,65,22,36,32,18,24,40,54,45,51,50,25,59,51,48,19,27,31,15,45,58,55,13,38,18
57,46,24,41,62,61,23,36,43,21,27,34,47,33,52,50,35,48,43,38,23,31,50,16,54,59,61,21,41,15
57,48,29,41,65,63,22,31,39,16,24,39,51,38,52,48,40,56,36,43,25,29,40,12,49,63,59,17,41,19
55,52,27,42,67,54,20,32,40,15,17,40,54,37,55,44,36,52,52,43,21,31,34,18,49,62,52,20,46,25
54,50,37,47,65,52,27,31,43,21,23,39,52,34,48,48,28,56,45,46,20,23,48,19,40,56,54,25,42,19
57,40,23,47,56,53,23,36,37,21,22,37,46,42,57,55,36,58,54,49,22,28,38,23,47,50,57,22,40,16
57,41,28,43,56,54,23,38,43,15,25,35,48,34,49,43,33,66,46,48,23,26,41,17,49,64,60,22,43,22
60,48,31,43,68,61,20,40,29,15,27,38,51,40,52,44,33,60,46,55,15,31,35,14,45,56,56,13,38,28
58,46,33,45,73,55,22,29,38,12,27,41,59,44,59,48,23,56,40,47,17,27,39,18,45,60,53,16,42,20
58,48,22,46,64,55,24,42,44,22,24,41,55,38,40,43,23,58,42,48,27,29,40,13,44,63,63,19,41,16
60,45,31,37,66,57,18,35,40,18,24,35,53,38,48,40,43,56,47,48,25,29,40,18,48,58,54,23,36,22
58,42,29,40,69,64,12,33,40,16,31,41,57,46,47,45,42,51,34,51,20,32,44,13,49,62,53,17,36,18
62,41,20,48,63,58,17,38,34,15,30,42,50,31,43,45,36,53,44,50,20,26,48,19,50,58,62,16,50,23
51,51,37,38,62,56,22,40,38,18,20,43,51,40,55,56,31,59,45,52,12,33,45,17,43,46,54,20,40,17
58,51,33,39,63,60,28,42,39,18,28,40,58,36,49,49,23,59,38,48,22,31,38,18,39,55,54,14,42,20
60,51,27,47,71,55,20,29,34,18,31,47,46,31,48,52,32,60,44,43,21,31,28,19,47,50,60,16,51,23
54,46,26,47,64,59,26,34,36,21,26,37,58,32,45,48,36,61,50,52,18,23,38,17,47,59,59,16,41,16
62,52,27,52,70,54,21,35,35,12,28,37,53,33,50,42,25,59,48,46,17,34,40,15,45,59,59,24,39,19
59,50,30,46,56,56,19,39,38,14,28,39,53,41,48,51,31,60,36,49,22,38,38,15,46,63,60,14,41,12
57,49,32,52,67,54,21,32,34,14,23,35,53,37,53,51,29,55,41,40,28,28,43,18,44,58,59,15,47,23
58,43,27,45,65,57,22,36,31,13,22,40,56,35,50,52,32,62,45,49,17,26,42,20,49,62,55,23,31,27
61,51,29,34,69,60,18,39,35,19,25,41,47,40,36,41,36,52,36,51,17,33,42,19,51,58,66,21,37,28
65,45,25,42,64,57,23,38,35,21,20,45,53,39,51,44,37,52,41,43,16,34,40,18,49,55,58,24,36,22
61,46,28,40,61,54,19,42,47,18,19,40,58,38,47,49,40,52,40,53,20,29,42,21,38,64,57,13,37,19
53,41,26,53,66,58,22,38,29,20,27,38,53,27,50,40,36,62,40,47,27,28,40,16,51,57,60,21,42,24
59,49,39,43,61,56,29,32,39,15,23,43,48,39,58,36,31,62,46,54,23,29,31,15,40,57,57,19,39,20
60,46,27,46,66,57,26,43,40,11,29,37,57,41,51,39,30,54,45,49,21,25,43,24,47,53,52,21,31,21
58,50,25,50,63,56,24,44,37,20,27,36,53,35,50,42,33,53,39,49,15,25,40,15,47,63,61,19,42,21
55,49,37,49,62,58,28,34,35,15,20,37,48,40,45,44,33,51,45,41,22,31,39,20,50,57,56,19,49,23
59,49,26,49,63,55,25,29,34,13,26,40,49,38,50,45,34,58,41,46,23,31,44,16,48,59,59,24,41,18
55,39,39,43,66,59,15,37,45,15,26,37,52,33,49,42,35,56,39,48,21,31,39,16,49,60,58,25,44,19
57,48,23,40,67,58,23,34,44,18,18,40,57,38,46,48,38,51,45,41,20,15,40,17,54,55,58,22,55,22
60,46,34,49,66,55,18,36,37,12,26,33,57,34,49,46,30,56,49,58,19,35,37,18,42,52,50,22,43,23
57,46,24,40,63,56,30,28,34,17,27,41,56,36,53,33,46,51,41,51,18,34,38,15,46,65,58,17,45,26
61,39,27,41,71,60,14,35,43,12,23,37,59,36,42,40,34,52,46,57,24,30,39,16,51,57,58,24,44,20
55,52,27,42,70,54,21,41,47,17,21,32,53,34,47,47,35,51,47,54,23,31,46,18,41,56,57,17,42,14
58,50,35,42,67,56,25,39,40,13,26,35,50,41,49,43,32,57,41,49,19,22,45,20,49,58,49,19,45,18
60,46,28,43,61,59,22,43,37,16,21,42,49,41,52,52,35,64,38,48,18,27,43,18,42,60,55,19,34,19
60,52,30,39,64,51,18,44,35,14,30,45,59,37,47,39,35,51,40,46,17,38,42,17,54,51,50,23,41,23
57,43,36,44,73,57,17,40,34,10,37,40,58,31,48,46,32,57,42,44,20,28,47,16,41,59,50,16,49,20
62,47,40,48,62,49,25,33,41,14,19,43,47,39,46,42,36,62,41,42,18,28,52,18,48,58,56,17,35,24
55,47,34,44,62,59,23,40,43,20,31,32,56,31,45,38,35,61,40,47,22,30,36,12,38,58,65,20,47,21
58,56,28,40,69,64,29,45,49,16,18,37,49,33,49,36,34,48,41,41,15,27,42,23,48,56,54,25,40,22
54,41,27,45,59,51,19,34,42,20,28,41,50,45,46,47,40,56,48,46,21,33,44,18,44,56,57,21,45,14
61,49,30,45,61,58,18,40,37,17,19,38,53,34,43,52,35,53,44,55,21,34,36,21,49,49,61,20,35,24
49,53,27,46,70,60,19,36,31,24,32,38,51,28,41,52,40,54,40,51,18,32,32,19,40,55,63,20,43,28
59,48,33,45,70,53,20,30,39,19,19,42,49,34,52,49,29,61,43,48,18,34,38,18,46,60,55,16,41,24
53,44,26,44,62,47,19,43,39,22,24,45,48,42,49,54,37,62,49,42,15,30,33,27,45,48,58,21,49,15
55,51,32,42,64,61,17,42,42,21,34,37,50,36,52,48,32,52,46,44,15,27,36,18,42,57,53,19,40,27
62,42,32,46,63,58,16,36,41,19,25,35,43,42,44,49,35,58,45,48,25,31,37,20,45,55,59,21,44,16
62,48,30,33,67,63,21,35,32,19,21,39,52,38,46,44,40,52,41,52,14,33,40,14,48,65,61,15,44,23
57,50,35,37,69,52,27,29,43,20,27,31,48,31,48,40,45,51,36,52,22,32,45,16,46,60,60,17,44,22
58,46,27,50,64,54,22,34,40,19,24,40,53,38,48,43,36,61,41,58,24,31,38,12,44,57,61,19,34,16
48,48,29,50,68,52,27,31,41,14,26,35,46,31,53,47,41,52,48,45,17,35,39,20,49,57,57,20,52,14
53,48,27,48,70,58,17,33,37,13,24,26,56,40,52,45,40,57,40,52,22,31,38,21,44,59,58,20,42,21
67,49,31,47,59,62,28,36,36,13,29,34,47,36,44,53,31,51,43,49,19,27,38,19,48,64,49,19,44,20
61,49,25,41,74,56,19,37,37,21,27,41,62,36,42,50,41,48,42,52,14,33,36,14,44,57,60,18,37,18
57,61,28,35,68,51,18,37,38,16,26,39,57,31,43,44,34,59,47,49,19,28,29,24,45,66,50,22,46,25
58,50,32,46,59,52,16,43,35,15,31,44,51,36,47,38,34,53,41,44,22,31,36,20,48,62,62,21,39,26
57,51,30,46,65,62,21,30,38,21,21,39,48,41,52,50,31,59,39,44,19,27,37,23,40,60,60,20,41,20
57,49,30,41,62,55,28,43,45,16,23,36,49,33,43,50,43,55,46,50,15,30,49,19,43,55,50,18,40,19
61,44,26,45,73,56,23,40,47,16,21,40,50,40,49,43,39,54,45,42,20,30,40,11,47,60,55,22,34,19
63,41,28,45,67,54,21,35,45,21,21,32,55,31,51,42,33,61,49,51,18,32,36,19,48,56,59,19,38,21
61,47,29,49,67,52,16,34,28,18,23,41,53,45,43,44,41,54,45,47,28,31,38,17,48,55,62,18,41,17
59,48,38,47,64,55,18,33,34,19,29,42,58,28,47,42,31,61,41,46,21,34,34,18,45,56,56,21,47,20
61,47,40,37,61,63,16,34,37,15,30,36,58,33,56,42,37,61,47,47,22,25,40,13,47,57,51,17,44,18
62,45,26,42,63,50,26,35,45,20,20,41,49,42,40,48,36,56,50,45,14,28,44,21,47,59,53,25,43,17
56,57,35,49,69,58,18,42,36,17,26,40,51,32,41,45,29,51,41,48,19,32,40,18,46,57,62,14,39,24
65,39,30,37,70,60,28,38,46,16,20,43,54,46,40,46,35,57,48,51,19,23,37,15,45,55,51,17,45,16
58,51,28,49,68,49,19,39,38,12,22,48,49,32,51,45,45,57,47,41,24,36,36,15,38,57,61,19,40,18
57,53,32,34,61,56,24,38,38,24,26,40,60,33,44,44,33,56,46,50,15,28,38,20,55,57,52,19,39,20
59,52,22,43,68,54,23,39,35,18,25,34,55,34,45,57,39,57,48,44,17,33,43,13,42,61,52,19,40,21
63,51,28,43,64,51,21,39,46,15,28,47,54,36,44,47,28,51,50,46,18,29,33,18,47,60,58,18,41,18
58,51,38,46,65,57,26,43,38,16,14,38,48,39,49,46,40,53,40,44,18,28,49,22,39,60,62,22,30,13
64,49,32,47,63,54,19,39,45,15,19,44,46,35,40,42,40,62,42,44,18,33,47,18,44,59,55,17,41,19
58,51,25,43,63,57,23,47,30,18,28,33,49,40,49,40,36,54,46,40,22,32,56,15,44,53,57,20,39,24
58,41,32,44,69,53,25,32,27,17,30,38,51,39,45,49,42,59,45,50,17,31,43,23,46,55,54,20,36,21
55,46,31,42,69,56,13,45,39,21,28,42,43,35,53,56,39,56,46,45,16,29,40,19,47,58,50,15,38,20
52,51,28,43,66,48,15,33,33,20,26,40,62,35,44,48,33,61,42,50,24,31,39,23,44,60,52,18,48,23
64,51,25,43,69,56,21,38,34,12,20,29,53,37,49,46,34,52,47,46,21,33,40,17,51,55,59,18,51,21
58,39,26,45,69,58,28,31,34,19,27,30,48,31,46,41,40,58,46,48,24,31,49,24,45,56,59,19,43,20
51,49,33,43,67,53,25,38,35,19,27,37,55,26,53,53,32,54,47,45,22,29,43,16,50,55,55,22,44,14
53,48,30,42,68,59,21,35,44,15,22,37,53,31,38,53,37,61,46,55,20,28,41,26,45,61,55,22,30,16
63,46,30,51,65,54,26,33,34,18,29,37,47,42,42,49,33,57,44,48,18,28,43,20,46,57,56,21,35,20
53,44,32,46,65,54,25,36,40,16,22,38,51,41,45,49,35,62,47,50,21,26,38,22,43,53,55,24,42,17
55,44,40,45,63,54,26,34,35,20,23,35,59,41,48,43,35,54,48,47,15,22,43,19,45,58,47,24,50,20
56,47,33,43,65,57,23,35,42,16,30,43,52,37,38,46,35,49,42,58,20,30,36,11,48,57,57,25,45,16
64,47,27,46,71,54,28,35,38,15,30,35,54,35,44,48,34,60,47,40,16,27,41,20,49,51,50,22,45,19
60,54,29,38,58,52,20,37,30,16,31,43,58,39,52,40,37,60,41,48,24,32,43,19,46,57,63,9,34,22
62,46,36,44,68,56,18,35,37,18,19,41,52,33,42,42,35,63,49,53,16,34,34,17,43,63,58,18,42,18
57,43,31,48,63,56,20,46,34,22,23,41,55,40,44,48,25,55,48,47,20,29,38,17,45,56,59,19,43,20
56,49,26,43,67,49,20,35,39,21,24,44,55,36,52,55,35,56,49,51,23,24,36,14,56,53,54,15,39,16
58,56,33,49,64,53,25,35,40,15,30,36,49,35,45,28,34,59,42,57,22,33,42,20,47,54,56,16,44,15
62,45,26,45,66,60,20,28,33,24,19,41,55,39,46,48,37,45,41,52,25,29,38,17,53,67,49,21,43,18
58,42,20,39,67,50,17,31,36,23,23,41,61,35,47,47,29,55,41,50,24,42,48,16,52,59,60,16,42,21
58,50,26,47,67,54,20,32,40,17,28,34,46,40,51,44,42,52,44,50,21,37,30,24,49,55,55,17,34,28
56,50,25,46,72,55,21,28,42,20,28,41,49,36,50,54,32,48,41,43,19,37,40,21,43,59,56,17,41,22
55,43,35,48,71,54,21,34,36,19,27,42,48,36,51,40,36,54,40,52,21,30,47,13,44,56,57,21,41,20
57,43,26,55,66,62,12,46,46,14,20,42,46,39,53,46,32,56,45,40,17,36,36,16,46,56,56,18,48,17
58,51,28,44,61,46,34,40,44,15,27,39,60,36,52,51,25,52,50,53,24,24,35,18,43,57,52,14,40,19
58,40,27,49,66,53,28,34,39,21,26,41,56,30,53,54,35,59,44,44,18,32,30,13,52,58,53,15,44,20
65,49,31,46,65,57,23,43,30,14,23,41,44,38,48,41,28,65,53,47,23,31,40,17,43,53,55,19,42,18
66,48,31,46,59,54,22,35,40,19,26,38,57,33,46,46,30,57,40,51,24,29,40,18,47,61,54,17,39,19
62,46,30,40,62,48,27,33,36,26,26,39,57,37,54,43,27,48,51,55,19,31,39,14,47,59,56,19,41,20
51,50,29,33,67,56,20,42,37,23,20,36,45,37,43,45,36,61,46,49,20,38,35,11,40,69,62,25,44,22
59,48,25,42,69,57,20,42,44,16,19,41,56,31,39,47,32,50,47,47,23,30,46,22,48,59,54,14,47,18
53,55,31,41,69,50,22,37,36,23,25,34,52,36,47,43,31,62,43,52,20,26,37,24,43,57,60,20,40,23
63,50,20,39,67,52,21,37,33,16,23,36,59,39,42,45,44,57,43,45,20,32,36,23,47,56,57,17,49,24
58,41,31,46,61,60,25,32,38,21,25,42,59,37,43,48,35,58,44,43,17,32,35,24,45,49,57,20,43,23
57,50,28,46,56,57,22,43,41,17,30,36,55,38,53,44,41,56,38,40,19,30,38,17,41,59,51,22,49,18
63,46,33,43,63,55,23,37,41,19,26,45,53,42,41,44,38,55,38,49,16,28,38,16,57,59,49,13,40,22
55,43,30,53,72,51,23,29,32,13,30,46,41,32,44,53,37,57,50,51,24,29,41,19,40,59,54,22,43,19
60,50,29,41,68,54,21,37,40,27,14,43,54,42,45,54,36,60,44,44,21,24,34,19,43,62,56,15,39,16
60,51,27,48,62,57,20,42,37,15,22,40,52,38,44,51,34,60,45,49,19,32,42,14,38,55,63,17,39,19
59,51,37,53,60,58,22,31,39,22,23,40,49,38,53,48,39,52,43,39,21,28,39,19,43,57,53,21,32,23
54,54,35,36,68,53,23,33,38,17,24,39,55,43,47,41,31,47,45,52,14,28,40,21,50,64,60,22,38,20
60,44,25,52,62,55,23,44,40,15,16,43,57,33,44,49,36,57,39,47,15,29,39,16,57,61,57,24,40,13
60,48,33,39,68,51,15,30,42,23,22,39,55,43,54,52,33,58,53,39,21,28,40,23,44,55,52,16,39,17
60,53,28,45,69,45,21,33,34,21,27,41,54,39,52,38,37,48,50,48,24,29,43,17,42,52,56,20,45,21
63,47,32,41,63,53,17,44,40,23,14,30,48,37,47,41,35,62,49,51,24,27,38,20,50,53,54,28,40,21
58,46,37,44,67,55,21,32,40,19,28,36,56,38,45,47,33,54,51,52,23,34,42,13,50,58,46,14,40,13
54,49,30,43,61,62,20,35,39,14,24,41,52,38,54,44,49,54,42,51,15,29,44,18,42,64,46,16,40,22
58,47,24,43,66,59,19,30,31,20,27,35,49,36,50,51,40,51,49,50,20,22,36,20,54,62,58,18,45,22
53,44,28,50,65,57,27,37,41,23,24,32,58,41,42,49,27,57,44,46,21,26,41,15,49,54,61,20,39,21
62,41,30,40,63,63,26,36,33,20,26,37,50,31,49,47,34,49,49,47,20,26,46,20,49,57,57,17,48,19
59,43,28,44,61,57,25,35,36,21,28,46,63,33,53,51,33,56,49,51,21,30,33,18,45,49,55,13,44,12
58,44,27,54,64,56,14,35,40,18,29,44,48,36,49,45,33,52,37,47,24,32,45,26,42,62,54,19,39,19
56,44,25,44,68,53,16,37,46,20,28,33,48,38,49,41,29,58,48,50,21,27,44,22,45,58,63,23,40,18
56,51,32,42,66,48,23,43,37,19,25,30,51,34,47,47,38,61,48,45,20,28,34,19,52,56,58,18,43,21
56,61,32,42,62,51,23,28,41,20,23,45,44,38,51,43,34,60,49,43,24,28,41,18,46,58,55,20,37,19
53,55,33,42,67,61,21,38,31,16,27,38,56,34,50,45,34,62,35,44,19,34,35,18,47,59,60,23,36,19
50,46,29,44,60,59,25,35,40,17,25,38,48,38,50,51,38,61,47,42,27,30,37,22,44,54,55,15,44,21
59,45,29,38,69,55,24,36,33,17,22,38,51,38,54,56,36,61,45,39,19,34,41,17,52,49,60,14,42,19
61,40,28,42,65,50,31,40,42,12,23,38,50,31,50,45,40,58,43,58,18,31,37,22,40,49,59,20,49,20
57,48,34,50,65,58,20,34,43,15,32,37,42,33,49,40,31,55,45,47,21,37,51,18,44,54,52,18,43,19
53,47,26,48,69,61,18,41,42,15,25,35,60,39,49,47,32,53,44,44,23,34,42,15,49,53,56,18,36,18
47,48,30,50,60,53,21,34,50,21,23,42,52,36,50,51,33,60,41,52,15,28,38,15,53,57,51,20,37,24
65,47,33,41,65,50,23,36,43,18,21,37,51,44,40,39,36,56,41,51,19,34,40,23,46,59,56,17,38,23
54,50,40,46,65,61,24,35,40,17,21,35,49,34,52,47,32,54,39,50,22,39,41,17,42,57,49,14,51,15
50,50,25,40,69,59,21,41,34,18,29,30,49,39,47,44,35,58,48,49,17,36,40,23,44,57,60,13,41,26
59,48,31,51,62,58,15,40,39,15,22,39,47,41,50,39,36,58,44,46,23,31,41,23,55,59,50,15,35,20
59,53,26,41,67,50,22,44,33,17,23,42,48,42,41,47,41,58,45,47,22,33,40,17,39,56,62,18,34,25
62,51,27,46,68,55,25,37,34,9,22,40,54,37,51,40,35,57,41,47,23,24,40,20,50,55,67,16,41,18
57,51,30,47,60,53,23,41,33,13,25,37,51,32,43,48,40,58,42,50,23,35,29,22,41,51,64,20,50,23
58,55,32,40,61,55,15,35,38,13,24,41,46,45,51,43,40,65,40,46,23,31,37,15,53,64,51,18,40,17
61,51,28,46,67,58,21,40,37,16,25,36,42,41,48,45,32,47,52,51,21,31,43,16,42,57,55,17,44,22
63,48,29,47,59,56,24,43,38,13,22,36,57,35,41,45,36,57,41,59,22,28,43,13,43,65,53,17,42,17
64,51,28,43,67,51,24,37,31,15,26,41,48,36,41,52,35,56,42,51,18,40,35,23,45,64,56,20,34,18
60,40,23,39,65,51,21,41,45,16,26,47,57,35,49,45,40,60,41,44,15,31,47,15,45,65,57,13,40,19
61,47,26,40,70,55,28,44,42,15,24,30,51,37,48,43,32,55,48,52,16,36,39,14,49,62,56,20,39,13
58,52,22,48,60,60,20,39,39,14,23,47,52,38,43,49,37,57,49,50,17,32,41,18,44,50,52,13,46,22
55,54,26,39,62,57,20,37,45,15,28,45,59,33,44,38,39,52,49,44,24,31,36,17,42,55,62,23,41,20
51,49,27,48,64,52,24,32,41,20,27,38,49,44,45,50,27,58,43,51,22,34,46,19,47,60,55,17,34,18
59,47,24,50,68,63,21,37,34,21,25,35,47,33,45,45,38,59,44,40,22,35,32,19,47,65,51,16,51,19
57,39,33,40,69,58,24,29,44,19,16,29,53,46,49,50,41,58,50,49,15,28,41,17,44,55,53,19,41,26
58,46,27,44,66,51,26,40,33,19,28,43,51,40,52,41,37,52,46,49,19,31,41,19,48,56,51,22,35,21
58,47,22,44,69,58,18,37,47,15,28,41,49,33,41,51,37,48,46,55,16,30,40,21,47,57,60,20,41,16
52,39,24,41,59,56,22,43,34,20,23,41,59,30,52,51,27,55,44,48,23,35,37,21,51,61,55,20,49,20
66,55,24,46,66,51,24,37,35,20,23,39,55,37,35,50,41,57,40,39,16,23,41,23,49,52,61,23,42,22
54,59,31,40,59,54,24,40,35,17,23,39,55,39,47,41,34,55,36,52,24,28,43,14,47,59,57,21,44,21
55,51,28,40,65,50,28,37,39,24,22,41,52,35,45,44,31,60,42,48,22,34,38,20,51,54,54,18,43,21
59,54,30,43,68,62,25,36,34,14,23,43,56,38,46,47,32,56,41,48,10,31,38,15,45,59,52,17,45,25
55,40,33,49,60,47,16,42,37,21,21,42,54,29,42,45,32,53,56,48,20,33,44,21,47,57,62,18,45,23
52,42,31,35,69,59,27,41,49,14,25,37,51,40,52,49,34,49,47,50,15,27,45,15,49,60,59,17,38,14
54,50,28,44,68,46,24,36,40,16,31,39,53,31,53,48,25,64,47,44,25,28,38,20,42,55,57,19,42,25
57,46,28,43,67,59,21,41,39,17,21,32,48,33,51,43,33,59,45,42,16,24,43,24,50,61,59,23,43,24
61,41,30,39,65,54,20,33,36,17,23,40,60,38,45,54,46,53,41,43,16,36,41,24,50,56,60,19,37,14
58,47,35,47,61,58,27,39,29,16,23,45,44,36,49,44,30,55,46,44,18,32,38,24,47,56,56,19,48,21
54,42,32,45,65,59,28,23,37,17,29,40,58,35,53,42,40,55,39,49,18,35,34,14,47,56,62,14,51,19
57,48,26,46,63,67,27,33,38,19,28,37,47,42,43,42,36,60,43,52,20,30,35,17,46,59,57,18,38,18
55,49,35,49,63,55,26,33,37,14,27,42,48,36,51,45,35,59,39,44,24,31,34,20,41,60,52,21,48,19
56,49,34,39,67,52,22,40,38,18,29,35,53,39,45,49,34,59,50,40,16,29,41,18,34,53,60,23,48,22
60,55,33,52,64,53,20,32,33,24,19,41,54,40,41,43,31,57,40,42,20,36,37,19,48,57,56,21,45,19
59,45,41,44,65,52,23,42,42,15,22,41,53,32,43,40,38,51,41,55,21,32,44,19,43,59,57,15,41,17
59,50,34,43,67,55,26,36,35,15,27,31,55,32,52,51,24,64,53,45,18,30,47,15,41,54,56,24,40,13
55,43,30,50,65,54,19,39,43,13,18,48,46,38,50,49,38,60,39,52,16,28,43,25,44,65,53,17,36,16
60,49,35,43,61,56,18,36,37,15,27,40,51,37,36,42,34,57,48,56,18,32,38,16,48,62,59,15,45,21
64,53,32,46,60,55,25,31,38,20,26,40,53,36,44,43,30,53,53,42,20,34,39,12,52,61,52,20,41,17
57,42,30,50,62,46,22,32,38,19,22,37,49,35,48,51,38,55,42,55,19,33,47,25,42,58,60,16,42,20
55,41,37,42,67,54,23,36,36,14,23,42,55,33,41,53,31,61,43,54,22,38,41,14,43,57,55,19,40,22
59,40,32,51,64,62,21,54,32,16,20,35,42,44,39,37,34,59,49,53,20,33,40,14,49,52,59,20,48,14
61,50,27,42,70,62,24,33,35,13,23,39,44,35,50,41,34,67,43,50,27,24,40,20,38,54,55,22,40,29
58,43,40,44,67,57,22,35,36,18,28,40,48,35,48,51,30,50,41,50,17,30,41,16,49,48,57,20,53,20
57,46,36,39,69,55,19,28,37,18,29,36,56,36,42,49,38,57,47,48,17,35,38,15,45,56,60,14,49,21
55,47,36,52,66,58,18,35,35,14,22,37,52,34,49,55,38,55,40,46,25,30,37,18,45,59,56,20,40,18
65,39,29,49,68,51,18,35,36,17,24,37,58,35,42,47,37,59,48,49,28,21,44,17,49,59,56,7,44,24
55,48,33,44,60,61,24,37,38,14,28,43,53,31,51,43,43,60,41,48,22,26,40,21,50,58,48,23,28,21
58,52,23,33,71,55,24,39,41,18,27,36,55,38,42,44,33,61,45,47,16,30,39,22,42,60,59,21,39,22
58,43,33,48,64,50,29,39,39,24,26,40,51,36,48,49,32,57,44,54,23,32,36,13,48,60,43,15,39,19
55,46,32,49,64,60,24,31,34,14,24,37,55,38,54,35,35,56,41,49,20,32,38,20,45,59,58,16,47,24
62,44,28,43,70,58,17,40,39,16,23,35,52,36,42,44,32,55,47,47,22,32,37,25,50,59,59,22,40,16
58,44,30,51,65,56,21,38,42,20,27,42,48,21,42,54,35,54,35,55,19,32,44,23,44,54,59,18,37,24
56,39,33,49,67,55,27,38,34,16,26,44,52,25,51,45,40,51,45,47,19,31,44,15,48,61,60,16,40,18
59,46,20,49,66,62,23,40,32,17,29,39,55,39,47,49,29,56,49,40,20,25,44,18,50,54,61,15,39,20
57,51,29,48,67,58,18,35,32,20,27,33,47,30,55,50,30,57,40,50,25,32,37,16,48,57,56,23,37,27
56,48,31,46,61,48,28,30,40,17,27,38,47,40,37,45,37,57,48,56,24,26,41,18,49,54,63,15,45,20
62,45,29,50,68,58,20,35,41,19,26,36,52,33,52,41,30,56,41,48,17,26,40,20,44,61,60,16,41,25
54,44,33,53,69,56,22,35,36,11,26,36,55,41,50,43,27,50,46,50,21,38,38,15,48,61,59,19,40,16
57,49,32,42,67,54,27,38,35,28,27,42,46,34,44,45,37,54,44,51,21,23,42,14,47,52,60,20,43,17
60,53,22,36,63,57,21,34,39,19,25,30,56,40,48,45,29,54,48,49,21,39,50,15,42,64,55,21,38,19
58,41,29,48,66,51,16,31,42,16,28,49,52,34,47,43,37,63,41,50,23,32,42,26,44,54,54,16,42,17
62,51,28,46,61,55,26,41,30,18,25,27,57,38,43,41,31,58,48,45,12,32,41,16,52,57,64,15,48,24
64,48,26,50,67,50,25,37,45,15,20,44,51,37,40,39,32,57,46,44,22,33,43,16,48,57,52,14,48,22
59,41,32,40,65,51,32,35,42,17,28,37,49,30,50,48,37,62,51,44,18,22,45,21,47,60,59,12,40,18
53,40,30,40,61,54,18,36,43,18,24,41,43,36,42,47,44,59,49,54,25,28,39,23,46,58,51,23,43,24
58,52,28,41,68,59,22,41,39,16,25,40,59,38,41,42,28,54,45,54,20,30,39,20,48,56,53,16,38,22
57,50,32,41,67,62,31,31,37,20,23,35,51,38,48,46,34,55,43,50,22,26,33,22,51,56,55,25,31,20
57,45,26,43,64,54,19,42,35,21,32,46,43,32,50,45,32,58,44,53,20,32,43,15,53,57,53,14,42,22
63,56,31,48,66,51,26,36,27,17,27,37,56,39,40,42,39,53,46,51,11,31,38,19,47,54,56,15,48,22
64,49,36,53,61,51,23,38,38,18,20,36,50,38,45,50,31,58,52,45,13,30,42,19,43,58,59,20,35,17
61,52,32,46,63,53,22,45,40,18,22,35,50,34,49,53,31,52,39,48,23,29,40,18,47,62,56,20,38,14
59,45,31,34,63,55,21,37,42,22,30,38,50,28,54,41,34,57,46,38,21,31,36,20,51,67,52,23,40,26
62,48,32,50,65,59,23,37,34,18,22,40,46,29,47,36,40,56,40,52,17,32,41,11,41,60,55,22,52,25
57,45,31,43,65,54,21,41,32,14,30,47,50,38,47,43,37,59,50,50,20,30,37,17,34,63,48,24,45,20
62,54,27,58,61,60,23,33,39,13,22,38,53,42,37,41,33,56,42,43,18,32,44,18,45,57,55,25,39,22
63,47,30,44,57,57,26,40,37,12,29,35,50,36,52,50,42,59,44,41,22,29,39,23,40,54,49,21,47,17
56,48,30,41,58,59,26,30,39,22,17,32,55,38,48,45,33,57,49,52,20,32,39,19,46,62,60,16,42,21
54,54,33,46,65,57,16,36,34,21,26,40,40,43,43,43,39,57,43,46,21,25,29,20,44,60,57,25,48,27
56,48,28,50,61,54,25,37,35,21,25,43,48,38,57,36,36,57,44,45,20,27,49,21,44,52,53,20,42,20
55,56,28,44,69,48,24,34,44,17,23,40,57,35,44,44,35,60,40,48,20,34,38,16,49,56,54,18,37,25
57,49,25,36,67,57,19,35,42,17,27,47,51,35,49,46,36,60,44,47,25,28,36,19,46,60,52,19,39,22
56,53,31,42,71,59,23,42,42,20,20,39,53,44,41,39,33,54,44,43,16,29,37,17,43,63,54,16,43,25
63,46,31,32,70,56,25,41,45,18,32,45,49,30,45,45,34,53,39,43,19,29,41,19,41,61,59,18,44,19
64,46,29,38,60,54,27,40,42,16,23,44,57,42,47,44,40,61,40,47,25,33,32,12,52,53,56,16,36,16
62,47,26,42,65,59,13,34,44,15,32,30,55,40,47,47,30,65,44,44,22,25,45,20,42,57,61,16,41,22
59,43,26,33,65,60,20,41,43,17,27,44,58,35,44,46,40,57,43,47,23,32,40,14,45,56,57,19,39,19
60,50,30,39,69,58,20,34,49,22,23,39,48,32,43,49,34,51,42,49,25,28,39,14,51,56,58,20,45,15
57,43,35,43,63,56,19,33,37,15,29,44,54,39,50,40,29,56,52,48,20,30,41,20,43,53,62,22,38,21
58,45,28,47,65,66,21,39,39,21,29,36,45,35,49,45,36,58,45,46,26,22,39,12,41,60,56,22,43,18
57,48,33,41,65,66,27,32,50,20,24,29,50,41,48,41,44,54,39,48,22,32,30,16,47,61,53,14,40,20
52,51,36,43,66,50,28,35,45,12,31,42,44,31,59,51,33,52,40,46,23,30,31,18,43,52,65,21,41,21
55,57,31,36,70,51,19,37,32,18,24,40,54,40,55,45,35,57,37,43,20,35,42,17,44,66,58,14,42,18
54,44,31,43,58,57,22,35,37,20,21,37,61,41,47,47,36,48,39,58,20,33,42,17,42,54,57,23,46,22
52,55,27,39,67,54,24,28,40,16,36,45,54,38,50,35,28,56,47,41,24,34,43,16,45,57,56,22,42,21
52,48,30,47,61,51,19,39,40,18,20,41,53,38,47,39,32,61,43,44,19,27,46,17,49,60,56,22,50,23
50,45,22,42,67,51,17,33,45,16,19,35,56,40,54,50,40,63,42,47,18,37,43,22,48,48,59,18,45,20
57,41,32,47,66,57,18,36,38,17,21,44,52,31,47,40,38,64,52,52,18,27,40,25,40,60,52,26,41,13
55,47,27,49,69,59,29,40,41,18,21,42,49,35,35,51,38,65,47,47,17,27,34,19,41,60,54,23,38,15
61,50,30,45,73,60,25,27,40,17,26,40,43,52,42,42,39,53,40,47,17,35,38,20,50,54,49,13,41,23
64,54,26,43,62,56,21,37,40,17,24,38,56,36,50,42,32,59,42,47,23,28,32,16,53,56,55,20,46,17
61,49,29,38,72,57,15,42,31,24,27,42,49,33,41,45,37,63,43,45,21,29,42,18,51,60,53,19,33,23
56,42,30,50,65,54,27,39,35,19,30,32,48,28,52,49,34,54,41,41,20,37,43,19,47,56,59,23,44,18
60,48,29,42,62,56,23,33,41,12,30,34,54,29,41,47,42,57,41,51,16,34,34,22,50,64,61,14,43,22
56,50,35,34,63,57,26,37,37,10,30,42,49,44,46,40,31,53,49,48,26,34,37,20,49,56,54,19,43,17
63,52,27,43,71,54,19,28,40,16,23,42,59,40,49,47,30,59,34,44,21,21,39,20,42,60,57,17,53,22
55,47,22,37,65,54,21,40,38,20,30,38,58,37,51,47,37,60,47,51,16,29,38,19,46,58,57,14,43,17
57,50,31,42,66,52,20,28,45,15,25,36,47,37,45,46,41,53,37,48,21,24,43,19,52,65,52,20,46,29
58,50,30,45,62,50,29,42,39,17,17,37,57,34,39,42,42,62,39,48,24,26,41,26,43,61,51,19,40,22
58,47,28,48,68,51,22,38,44,18,25,36,44,30,49,43,32,58,47,50,14,27,37,21,55,61,51,18,51,21
64,41,27,48,61,61,22,39,39,16,21,35,52,38,46,40,36,60,46,48,13,27,40,21,47,61,64,14,40,25
62,48,26,42,67,55,19,36,39,20,22,28,57,40,46,46,32,63,46,46,20,36,38,18,47,63,57,18,35,20
57,36,33,44,64,51,26,36,44,13,24,45,57,38,44,47,31,60,35,56,21,27,37,20,48,63,53,15,44,23
64,45,30,47,65,55,21,30,44,19,25,37,51,41,48,33,27,58,46,50,24,34,39,17,55,58,59,10,43,17
59,53,27,44,68,60,23,37,42,27,22,30,45,35,48,50,32,60,47,41,18,30,34,20,40,62,58,18,45,17
55,55,26,40,72,60,26,42,38,10,26,31,46,34,44,50,36,50,42,47,15,35,43,18,48,60,52,23,46,22
58,40,37,42,71,57,31,45,37,13,26,32,48,41,47,44,38,62,37,56,20,26,37,20,39,55,59,19,37,18
58,40,24,50,64,49,18,39,41,13,28,38,59,42,42,46,43,56,43,51,17,31,40,19,42,64,54,18,43,20
54,37,27,46,68,58,25,43,35,19,24,39,57,36,40,49,37,62,45,46,25,31,36,18,44,63,51,20,43,14
56,53,27,42,62,61,27,38,34,14,25,38,58,37,45,45,35,52,42,48,24,28,31,21,52,62,55,16,42,22
54,55,36,43,62,60,15,36,47,13,27,37,55,34,43,50,29,56,40,46,25,30,40,25,41,60,51,24,38,20
54,52,27,49,61,56,22,34,36,15,24,37,59,32,40,47,42,64,46,46,21,32,40,16,45,60,56,20,42,17
64,43,34,42,64,50,25,38,47,19,26,37,48,35,46,38,31,54,48,50,17,27,42,17,47,58,60,25,40,20
56,52,34,39,67,59,18,36,33,16,22,33,55,38,43,40,32,57,52,48,17,30,38,20,54,65,56,20,44,18
60,39,24,47,62,50,27,40,42,19,23,38,56,38,48,44,34,63,49,43,20,31,43,17,46,53,61,18,40,17
65,52,31,42,71,60,24,30,41,22,25,41,55,32,47,51,33,54,42,43,26,24,41,16,39,62,59,13,35,16
52,54,35,41,69,56,19,44,35,19,28,38,53,41,47,46,34,53,46,48,14,27,42,15,40,60,61,22,35,18
55,50,26,37,69,60,22,32,45,15,29,44,55,40,46,37,31,54,44,56,21,22,34,24,52,59,51,19,42,21
63,52,37,45,62,60,20,33,31,13,27,34,50,37,51,48,34,58,40,52,18,37,40,14,46,55,61,25,30,19
58,38,23,45,69,53,20,41,41,16,34,33,50,31,46,47,29,56,53,50,20,27,43,28,39,58,57,23,48,16
62,44,29,47,63,60,20,41,40,20,15,38,54,21,45,44,41,56,39,48,23,35,42,19,44,59,59,18,38,28
57,41,22,46,67,58,31,41,37,17,26,33,59,36,38,39,36,48,50,47,20,34,46,18,44,62,54,22,42,21
56,47,34,38,69,53,28,33,36,19,24,35,55,39,53,55,38,58,35,45,18,30,34,22,47,57,61,19,32,22
58,50,22,47,68,42,32,34,43,20,28,41,52,42,40,41,37,56,55,54,16,37,29,22,40,57,50,16,42,21
60,46,32,41,68,55,23,44,33,22,30,41,55,32,42,46,38,64,48,44,16,34,29,16,48,56,50,23,39,17
55,49,31,42,68,65,22,30,29,16,22,43,60,32,46,49,33,54,51,54,20,32,45,15,46,61,50,15,33,24
57,51,29,47,66,52,20,36,44,18,23,39,42,41,45,46,32,50,47,46,18,30,46,26,46,57,58,17,43,20
67,36,25,50,65,54,30,40,40,21,32,41,53,34,43,40,34,59,41,45,21,31,45,14,40,52,56,19,47,17
59,45,33,50,68,60,33,39,41,12,28,29,52,34,46,36,35,57,56,46,17,28,41,16,39,63,52,16,45,16
69,41,34,45,67,61,25,36,34,21,29,50,52,33,45,42,37,51,44,53,21,32,37,12,49,51,57,16,34,14
60,40,21,38,63,64,22,32,44,21,25,38,56,40,45,43,34,56,45,50,26,38,43,17,49,55,60,19,32,16
60,44,23,36,72,61,14,37,39,16,26,40,53,36,37,42,35,58,46,48,23,30,42,20,52,58,60,18,46,20
57,35,36,44,65,64,26,46,38,15,19,40,50,39,49,49,33,58,45,47,22,31,41,15,42,50,55,25,36,20
55,49,27,43,64,51,24,38,37,12,25,42,51,36,57,40,35,59,49,47,29,26,41,13,45,62,52,17,39,27
61,45,25,43,66,47,23,38,42,21,18,47,56,39,50,44,30,55,46,51,25,28,43,15,42,55,56,20,45,16
58,48,31,44,61,57,20,42,39,21,21,37,55,30,49,51,36,57,48,48,18,28,30,25,39,63,56,21,44,15
58,46,32,41,69,53,18,40,37,20,18,47,58,29,45,40,39,57,42,57,15,31,43,17,37,57,60,19,44,23
61,47,31,44,66,54,21,35,29,19,23,40,62,39,49,43,37,51,44,44,18,27,36,19,47,59,62,19,45,21
58,41,29,41,67,48,26,41,41,18,19,46,47,39,41,49,33,55,41,57,25,34,48,20,43,60,46,18,42,19
62,48,32,48,67,51,21,34,38,14,19,42,52,41,50,42,41,55,42,47,21,24,40,17,44,66,61,15,36,22
62,46,25,43,61,55,29,33,36,17,25,40,51,33,49,47,38,60,46,45,23,31,32,17,40,61,57,19,51,20
63,51,25,48,68,54,28,42,34,15,27,49,45,41,50,43,28,65,39,48,24,24,40,15,40,59,54,18,35,20
56,44,21,43,52,53,25,37,42,25,24,41,55,32,44,44,34,57,47,50,20,32,41,18,49,59,62,22,47,16
58,51,29,39,67,53,15,41,32,24,28,33,45,32,50,47,38,62,50,56,22,30,41,14,43,56,58,21,42,15
51,44,28,47,66,47,29,38,43,16,32,30,59,39,44,54,36,59,45,45,21,28,33,14,52,54,64,20,36,18
63,44,27,45,69,57,23,33,40,18,28,32,52,32,50,50,33,54,49,44,14,27,37,20,50,59,62,22,41,17
55,45,35,43,58,55,15,30,38,14,30,42,51,34,46,42,37,54,51,49,21,30,50,22,44,61,62,14,43,21
58,43,23,43,68,59,25,40,37,18,26,38,50,32,50,56,31,50,46,49,25,35,37,18,47,59,49,20,45,15
64,49,30,42,60,53,22,32,49,14,30,44,48,38,41,40,41,56,42,43,20,32,37,20,42,62,54,22,46,19
61,43,40,44,62,52,19,41,32,16,25,43,50,43,45,46,39,60,45,48,19,24,43,15,50,59,48,20,38,22
64,51,32,39,70,52,22,37,34,21,19,42,46,42,47,44,33,58,44,49,15,35,37,23,44,59,56,17,38,22
62,45,36,41,66,58,25,35,37,21,21,40,53,32,44,47,32,59,45,49,23,27,42,23,41,57,54,21,33,23
61,42,36,40,69,49,24,34,31,12,25,50,54,39,62,50,38,58,41,53,13,30,36,18,40,58,59,14,38,18
52,44,37,43,64,50,18,40,40,17,28,32,49,36,44,51,41,55,49,45,20,32,42,25,48,55,57,18,36,24
60,52,34,44,66,53,21,36,39,15,21,40,56,38,49,46,36,63,48,46,19,28,38,17,46,52,53,16,41,19
52,45,34,36,66,51,29,36,40,15,28,42,49,45,48,48,33,44,51,46,23,37,37,15,47,56,54,17,43,25
65,48,28,36,65,58,26,34,46,16,26,33,55,36,46,50,31,49,48,43,13,38,35,19,48,55,61,18,45,21
62,54,32,50,66,50,21,38,39,14,25,41,51,37,45,44,36,55,39,59,15,24,41,16,42,51,54,18,46,27
53,50,36,43,63,51,18,32,38,20,28,44,52,35,41,40,34,57,43,56,24,33,45,18,47,46,57,20,46,22
58,43,34,46,63,56,23,34,33,16,26,41,60,33,58,48,34,57,37,48,27,35,42,12,45,53,58,20,31,21
53,43,32,34,63,58,23,37,43,17,25,41,54,38,42,44,35,56,47,40,22,37,47,20,49,53,60,19,43,17
55,51,27,45,65,55,26,40,39,18,17,37,52,36,48,50,32,64,46,48,9,32,33,21,49,58,55,22,41,21
62,45,24,45,63,62,22,42,42,24,24,44,52,41,51,41,31,54,39,39,22,24,45,17,42,50,56,20,43,26
58,48,22,37,68,54,19,39,34,16,29,42,58,35,49,44,33,60,40,45,25,30,43,19,44,69,55,21,37,19
51,44,26,46,65,48,21,35,40,18,26,42,54,29,50,47,38,56,45,46,17,39,45,17,45,53,59,23,44,23
60,47,27,41,69,49,23,46,32,18,28,47,51,39,46,44,31,51,46,49,24,22,43,18,46,59,58,14,42,22
63,40,28,44,62,55,18,43,39,16,29,41,47,38,47,54,40,49,40,49,23,37,40,14,44,54,58,17,42,21
61,39,25,46,68,57,23,40,46,18,29,33,44,29,48,43,32,60,42,43,25,26,41,22,41,57,62,23,47,22
60,48,31,42,68,61,17,39,42,16,30,47,57,39,45,48,36,54,39,41,22,25,40,12,53,60,53,17,35,15
59,52,22,43,69,59,17,32,39,20,25,36,48,33,53,46,34,55,39,46,19,37,46,21,53,56,52,19,45,17
56,42,22,43,62,59,19,46,41,17,23,44,57,29,43,39,31,55,53,52,25,38,42,20,50,62,57,17,36,12
50,50,32,41,64,51,19,36,45,20,28,43,52,34,48,43,35,57,49,53,15,32,31,19,45,56,54,22,46,22
63,45,26,47,65,60,28,37,45,16,26,32,47,39,51,42,33,56,35,49,18,27,36,22,50,57,55,18,45,22
55,37,30,44,63,58,22,33,40,16,27,40,50,32,52,43,33,54,43,59,24,39,34,21,40,61,55,25,46,16
63,52,36,49,65,56,27,36,35,17,18,44,52,29,47,49,28,56,52,47,14,33,37,18,44,57,55,24,31,21
58,49,26,48,62,58,27,33,34,17,26,39,51,33,45,56,32,53,45,46,21,33,37,13,47,59,62,20,42,20
51,46,26,38,68,56,30,32,32,15,26,41,60,46,49,41,41,47,50,45,26,32,31,22,42,57,60,17,46,19
51,39,35,30,67,53,23,34,40,15,30,35,60,41,54,43,39,53,51,44,25,25,40,18,43,58,59,25,40,22
64,57,23,41,64,57,26,38,41,19,25,36,49,37,36,42,41,59,41,40,20,36,37,17,51,57,60,18,43,17
62,44,32,47,66,60,22,44,41,22,30,33,49,42,44,41,35,58,35,45,19,35,38,19,48,56,52,19,38,16
57,46,26,43,67,58,23,46,40,13,28,35,52,29,49,51,41,60,45,44,20,32,34,22,47,63,50,15,35,21
63,55,26,44,64,51,25,34,33,11,24,39,46,42,41,48,21,60,47,54,27,38,40,22,42,58,52,23,42,20
54,45,32,42,65,59,21,37,43,17,24,40,50,35,47,48,40,55,44,46,20,27,42,13,42,66,58,20,41,19
54,43,38,43,64,57,20,36,40,19,21,46,55,23,48,47,32,55,40,50,21,37,46,18,53,57,48,16,42,23
60,45,34,47,63,52,17,30,47,16,26,41,56,37,49,40,34,65,39,44,20,29,41,20,48,55,48,22,39,28
61,54,27,45,61,61,25,43,40,12,18,33,45,42,47,42,30,59,51,44,18,35,39,24,49,52,60,20,34,21
56,50,32,41,64,60,31,34,41,17,24,33,55,32,47,48,38,58,44,53,17,35,37,23,44,53,56,20,32,17
59,47,28,42,61,58,20,36,36,17,26,36,53,40,48,39,36,54,39,50,24,30,43,17,52,53,60,21,45,22
57,41,27,50,68,51,29,39,45,19,24,33,42,42,45,44,37,54,51,51,16,33,42,17,51,55,58,19,33,19
51,47,28,48,61,58,27,44,39,24,25,37,50,43,39,41,34,57,44,53,22,30,35,18,41,61,59,14,37,25
60,52,26,49,68,58,15,30,44,11,23,33,49,39,50,46,38,57,39,50,23,32,33,21,53,60,54,20,40,19
60,45,31,41,62,55,26,30,46,15,28,38,56,37,40,40,37,64,41,39,24,26,40,21,46,62,59,24,44,15
59,49,20,54,68,50,21,39,39,16,30,34,51,31,59,39,43,56,42,49,22,34,37,15,43,53,53,16,47,23
55,46,22,38,61,54,27,46,39,17,24,43,56,40,52,45,37,50,49,52,21,29,46,25,42,60,52,15,37,12
57,57,36,45,62,48,22,36,33,17,25,39,50,38,47,45,35,58,42,56,22,23,37,19,43,57,57,21,38,27
60,49,29,43,66,55,17,33,43,20,22,37,57,38,35,51,32,50,50,36,20,26,43,23,47,68,54,25,42,21
62,41,25,49,66,55,24,38,35,17,23,44,56,43,46,40,39,53,39,45,22,33,32,26,47,61,59,19,38,15
57,50,30,44,64,54,24,39,42,17,23,42,56,40,49,40,39,57,37,46,20,25,40,23,38,62,53,14,48,19
60,46,34,43,59,55,21,32,38,29,24,44,50,39,53,40,29,51,40,45,22,31,46,16,46,61,54,17,45,22
52,47,26,49,72,54,20,44,37,20,23,38,61,41,47,44,36,55,38,46,20,26,38,20,45,49,59,22,45,18
59,47,31,47,68,53,21,28,33,22,22,42,62,32,48,38,33,62,38,46,19,33,47,21,51,49,50,25,45,20
58,48,31,43,71,55,25,35,36,11,22,39,56,41,53,52,39,52,44,47,28,30,36,18,47,59,52,13,31,20
49,58,25,56,65,60,21,38,37,22,20,49,52,25,49,45,32,53,48,48,14,30,49,16,45,52,57,18,42,17
62,52,35,47,57,53,19,39,40,15,26,36,51,33,50,38,37,53,43,53,25,25,43,18,49,58,58,19,39,19
55,48,22,44,65,61,19,32,46,15,29,41,59,38,49,51,32,57,45,41,21,34,40,14,46,55,54,17,44,18
62,49,28,50,65,52,24,33,32,15,30,46,52,31,48,45,35,53,43,44,20,36,39,18,50,61,60,17,36,18
52,51,27,47,66,63,21,29,38,19,28,36,50,33,52,41,35,59,48,52,20,30,43,18,50,62,54,18,38,12
66,42,28,37,67,65,31,30,43,19,29,39,50,41,40,52,31,61,43,44,21,38,28,16,43,56,59,18,35,20
58,37,30,44,65,61,20,39,46,16,26,28,52,27,45,47,35,55,43,51,23,35,41,16,47,54,55,26,49,21
68,44,29,40,67,64,23,41,41,16,30,38,57,29,44,41,31,51,48,52,20,22,51,16,47,54,52,18,42,16
60,48,26,47,66,58,25,35,39,17,21,39,53,39,41,39,29,57,47,47,16,36,48,18,44,59,55,18,44,21
59,43,28,50,61,53,24,37,41,14,25,42,59,33,49,48,31,57,37,57,14,32,36,18,40,60,60,15,50,19
59,50,32,43,62,62,19,39,39,14,30,42,52,44,44,43,34,61,49,48,23,28,35,19,35,57,58,13,38,20
66,42,40,49,61,55,22,37,37,14,24,35,58,39,50,41,36,55,40,38,23,33,33,25,45,58,59,25,38,14
58,47,30,43,60,54,28,42,34,23,24,45,50,34,36,52,33,52,46,53,21,35,39,13,45,61,54,18,45,17
58,44,24,44,69,56,19,33,40,16,33,42,54,36,51,41,38,49,41,44,22,36,43,19,54,53,53,21,38,21
59,47,25,51,72,58,12,34,36,20,28,34,55,32,46,42,32,54,46,39,23,32,42,19,48,61,58,19,47,21
55,40,34,47,62,63,23,39,39,19,24,35,50,39,54,39,27,59,46,46,27,32,38,21,41,64,52,11,47,19
57,44,21,41,68,56,22,44,39,14,28,47,52,38,49,52,35,53,40,53,18,33,37,21,44,54,51,21,40,20
55,48,23,45,63,53,20,40,42,14,27,42,48,32,47,49,31,61,45,54,23,33,39,20,40,56,61,19,46,16
51,44,29,38,65,60,25,37,37,18,27,39,48,35,49,47,32,59,45,42,18,25,35,24,49,57,61,23,48,25
51,54,24,48,64,53,19,29,38,19,26,42,53,43,44,39,46,60,47,47,19,38,49,12,40,54,52,18,43,21
59,44,35,44,59,56,18,35,42,19,22,38,50,33,43,47,39,58,44,46,15,37,43,15,50,58,60,20,38,25
53,45,20,48,68,56,19,31,40,18,23,43,54,32,51,46,33,55,44,51,26,21,41,18,47,65,51,20,47,26
51,42,35,46,64,55,21,37,40,19,27,45,52,33,48,47,36,54,46,42,14,28,45,21,50,63,57,14,40,20
61,42,30,48,63,63,15,37,39,21,20,34,54,35,41,46,33,53,51,40,25,33,37,20,54,56,51,22,47,21
54,51,38,46,75,60,15,32,37,15,17,41,58,38,47,46,35,52,50,46,19,34,36,16,42,55,53,19,45,20
63,51,34,38,67,55,23,28,44,17,24,40,52,39,49,39,30,61,42,50,20,36,36,14,42,66,53,19,37,23
54,43,29,41,59,61,25,35,44,21,26,49,52,43,46,55,35,53,33,46,27,28,35,16,47,60,58,10,39,22
61,51,26,47,65,56,18,34,41,20,27,40,55,34,49,42,44,55,39,41,22,25,38,19,46,57,51,22,52,15
55,52,29,36,63,58,29,34,36,16,26,33,58,37,44,47,32,60,47,41,15,31,36,17,51,67,53,18,49,22
53,46,30,34,65,55,24,42,37,18,29,42,55,34,44,45,33,62,49,51,18,28,36,20,50,61,55,23,39,14
56,45,34,45,64,53,12,42,31,13,26,43,60,36,46,48,33,57,55,50,17,26,33,23,48,60,51,16,48,21
54,44,37,52,64,59,22,33,31,21,23,36,51,48,52,47,36,54,41,52,14,31,41,16,45,56,57,16,40,19
60,50,33,51,64,58,15,41,38,18,26,40,53,34,42,38,35,57,43,55,21,28,33,17,41,59,54,16,47,25
58,50,29,44,67,52,21,39,42,21,26,37,53,37,43,56,34,56,44,45,23,30,38,18,46,50,56,17,39,21
56,48,33,43,62,55,17,33,45,18,23,38,44,40,52,51,36,64,49,51,17,31,32,15,52,59,55,9,48,16
58,48,33,45,57,51,21,31,36,23,24,41,54,44,44,46,35,53,44,58,18,33,44,19,41,56,63,17,37,18
57,50,36,47,69,48,27,31,34,17,23,39,51,39,49,49,38,51,44,49,23,33,38,17,47,55,54,20,39,18
58,44,33,40,62,60,18,33,36,18,20,46,50,32,47,47,38,61,44,43,29,33,44,20,45,54,59,20,37,21
57,49,32,52,59,58,23,34,32,21,21,39,54,41,51,47,25,64,47,50,17,37,44,18,40,54,52,16,41,17
57,52,28,40,70,60,15,40,35,22,28,44,50,35,49,39,32,56,48,56,18,25,42,17,41,58,61,18,36,20
61,53,33,34,64,52,25,35,38,21,20,39,54,24,47,42,25,55,46,51,26,32,43,17,52,62,52,24,38,27
63,44,27,49,69,56,19,35,37,15,17,34,55,30,48,47,30,59,42,54,20,35,41,22,41,61,65,16,40,21
62,44,31,41,66,62,22,46,38,19,27,43,53,36,44,42,29,60,48,42,22,35,35,16,44,57,52,17,39,20
55,46,30,42,66,57,24,29,36,12,28,31,52,42,47,47,40,60,47,48,21,36,37,17,43,55,62,21,38,23
58,48,30,40,68,53,15,43,38,23,28,39,57,30,50,46,35,61,34,48,18,33,34,16,44,60,58,22,46,17
55,61,20,38,64,55,32,40,38,17,24,44,52,28,48,49,35,54,52,47,20,32,38,19,41,55,53,19,37,25
53,55,24,51,59,59,22,42,32,17,18,45,51,37,43,43,34,76,45,47,18,28,37,16,50,50,59,22,38,21
59,44,27,38,66,52,26,40,43,11,29,39,59,30,48,50,25,58,48,56,24,22,36,21,38,60,54,23,45,21
61,45,30,35,68,56,20,41,39,14,24,40,54,36,43,46,38,54,51,47,15,25,43,19,53,55,59,22,39,20
52,43,35,43,69,61,17,39,37,17,26,40,49,38,42,49,35,62,43,48,25,36,45,14,42,62,49,18,40,16
52,44,27,40,61,56,29,41,41,19,26,42,56,34,47,44,35,55,43,53,23,33,36,22,48,56,55,17,41,16
57,45,34,44,61,47,20,31,42,17,33,38,47,43,42,46,31,53,47,55,24,30,41,18,50,62,56,17,36,25
55,39,22,40,61,58,27,36,36,15,25,40,52,43,38,44,44,58,52,47,23,38,41,19,47,63,52,17,37,23
56,44,27,41,69,57,26,37,41,25,25,42,50,36,43,44,34,56,43,49,14,28,49,15,40,58,61,16,43,23
63,43,26,43,56,52,17,42,33,22,25,37,53,41,44,40,37,58,42,53,22,36,43,20,47,59,54,20,50,14
57,56,23,41,65,55,19,29,40,16,30,39,54,41,48,43,33,55,45,47,21,29,39,17,48,55,62,21,43,21
59,44,30,48,61,56,29,35,45,15,28,42,57,37,36,46,29,54,50,41,17,21,44,14,53,57,52,19,48,25
63,45,29,52,62,55,28,31,41,15,27,51,56,30,48,41,35,55,47,48,20,31,41,16,38,59,49,18,45,16
49,45,30,48,64,59,34,32,28,21,31,38,58,37,52,37,41,59,38,40,23,31,34,16,48,59,64,18,40,18
52,44,27,46,64,59,17,30,45,18,27,46,45,38,40,50,30,49,45,46,19,35,52,19,56,53,52,19,50,19
63,49,25,38,64,53,18,32,36,18,26,33,46,37,58,54,39,53,48,54,19,25,40,16,44,61,59,26,38,20
62,45,32,40,65,65,20,31,34,21,28,35,56,38,45,44,37,51,47,47,20,35,39,16,43,55,48,26,46,21
64,42,39,44,69,57,23,30,38,21,25,38,55,34,51,38,28,64,42,56,17,30,35,18,40,54,60,14,47,19
57,43,34,38,63,49,24,33,43,14,30,37,47,34,50,39,35,55,45,61,18,36,51,21,40,53,68,16,40,18
62,52,28,44,66,50,24,38,33,17,25,42,54,34,49,51,34,55,43,43,20,29,34,20,47,60,58,19,37,24
58,55,35,37,63,55,22,36,32,16,24,41,60,40,50,40,24,56,47,48,20,28,36,22,46,56,59,22,43,21
58,50,28,47,61,59,21,40,40,15,24,42,58,42,42,40,36,57,50,43,17,35,38,16,51,60,55,15,37,15
57,50,34,42,60,64,22,34,34,17,25,37,43,39,44,45,29,54,42,50,22,33,48,18,52,60,57,26,35,19
51,49,38,42,64,53,18,37,37,23,24,47,47,33,52,40,35,49,45,52,19,39,43,15,43,57,56,21,50,13
56,51,25,41,62,52,23,38,39,14,25,39,50,38,56,47,43,57,40,50,21,26,41,18,52,58,55,14,44,17
53,43,33,46,60,60,27,35,43,19,28,37,50,34,46,45,39,55,44,53,19,35,42,21,40,58,51,15,45,16
54,49,31,51,67,56,18,40,40,11,19,41,49,34,46,46,39,57,51,46,19,32,40,20,44,60,58,16,38,20
67,42,26,49,63,58,23,38,35,16,18,35,51,31,39,43,33,65,45,47,25,31,48,22,49,50,57,24,39,23
58,48,28,42,65,49,15,37,45,21,30,28,51,42,52,43,40,59,41,50,21,33,38,19,50,55,61,14,40,17
52,53,32,51,65,58,17,29,37,17,27,33,59,33,51,46,33,60,38,43,13,32,37,18,51,56,61,18,51,21
54,49,24,45,65,44,26,33,43,19,25,44,54,35,48,46,40,54,45,46,17,34,39,24,53,55,63,15,36,17
56,54,34,45,65,54,28,34,43,15,25,37,52,35,39,41,38,62,54,44,18,30,34,16,46,54,52,22,44,21
59,48,29,45,60,60,19,42,41,16,24,38,60,33,44,40,37,55,44,50,25,24,33,21,40,64,57,21,38,25
58,38,27,40,65,50,18,29,35,19,27,34,60,33,53,46,44,59,46,50,19,36,41,17,44,61,57,22,47,17
55,46,35,46,65,62,19,35,35,15,21,36,47,33,43,48,34,54,54,38,17,42,44,22,43,61,61,22,45,14
57,53,30,44,64,52,21,37,41,24,25,35,55,30,47,48,36,51,41,49,18,32,47,17,46,55,60,20,42,15
61,50,27,52,65,49,24,35,32,19,20,39,54,29,47,47,32,50,50,43,23,31,46,11,54,66,57,17,40,22
57,52,20,49,64,56,18,31,37,20,21,35,62,32,54,45,40,50,49,53,19,29,40,17,45,66,56,15,41,19
55,47,29,41,62,59,20,37,45,19,25,45,47,37,51,47,38,56,40,46,21,33,33,19,48,64,55,14,29,30
60,46,26,42,60,56,17,38,38,19,24,44,55,40,48,49,35,57,47,37,20,26,47,16,48,55,53,15,48,26
57,53,31,46,75,57,30,32,40,18,28,31,54,35,47,40,35,53,46,49,17,34,37,18,42,57,57,17,39,17
56,51,19,41,66,62,25,34,39,17,25,31,56,38,52,48,25,60,40,42,29,33,40,23,48,61,56,20,37,18
56,51,26,47,65,55,26,35,34,14,26,36,53,37,43,48,38,60,50,49,20,25,39,19,42,58,57,20,41,22
57,40,26,51,63,57,30,33,40,11,26,40,55,39,46,48,39,58,41,43,18,40,44,16,43,64,51,17,42,14
57,48,31,49,65,56,19,37,38,18,22,43,54,31,43,45,36,55,44,43,21,34,49,18,41,63,57,13,38,24
58,53,34,42,71,48,21,35,39,21,24,36,49,36,46,43,25,56,43,49,22,35,32,15,56,61,55,21,45,21
57,57,27,45,61,56,20,41,44,13,27,34,53,40,49,43,30,54,43,43,17,33,37,15,51,61,60,24,38,19
59,52,37,45,63,51,21,35,36,17,24,38,48,42,44,40,35,65,44,52,20,25,42,15,57,60,46,13,43,23
62,48,33,43,65,62,14,28,34,22,20,43,61,44,43,42,32,57,47,49,26,28,41,18,39,60,57,21,32,21
60,48,24,42,70,59,24,32,43,12,25,42,52,37,51,50,34,53,39,44,20,29,40,14,45,52,62,27,46,16
56,55,25,35,68,59,25,36,36,21,25,34,47,40,49,38,37,59,42,42,18,32,42,17,42,62,56,23,48,23
58,46,32,45,67,58,15,32,37,17,31,43,51,42,47,46,46,57,36,48,21,34,34,17,47,60,53,18,36,18
56,45,32,49,65,55,23,31,43,9,21,35,54,30,47,42,43,65,42,49,24,29,39,20,44,60,62,18,41,19
51,46,34,45,61,56,24,41,39,14,26,47,50,44,41,47,30,50,44,46,20,33,45,21,44,50,56,25,47,15
59,49,33,42,65,52,23,33,41,19,24,42,51,40,47,50,38,63,39,48,20,23,39,19,41,57,62,18,32,23
56,41,34,44,58,57,30,39,39,21,22,30,55,35,53,55,30,57,48,50,17,28,49,16,37,51,58,16,40,26
58,48,34,39,72,54,19,41,43,17,27,40,55,30,50,46,32,60,46,45,20,33,37,14,41,58,57,20,40,16
59,44,32,46,60,60,21,32,33,16,28,37,58,42,55,39,35,63,41,56,14,34,35,18,53,48,52,23,35,23
56,45,30,43,62,60,26,41,40,16,30,42,42,40,54,47,37,51,39,51,17,29,37,22,40,61,56,21,42,15
60,51,22,46,70,52,23,31,45,22,25,40,49,36,44,46,34,46,38,49,22,37,39,18,37,62,57,17,49,25
62,53,22,38,62,56,25,32,44,21,26,43,52,35,50,50,35,60,43,45,21,33,30,20,45,61,61,15,36,16
59,45,19,39,65,51,17,41,37,12,21,44,56,38,46,46,36,57,44,59,21,29,36,21,45,65,59,20,44,20
57,46,29,45,68,56,22,34,42,20,16,43,63,36,47,56,29,61,42,47,19,28,42,16,45,53,61,18,38,13
53,40,38,45,66,58,23,35,48,15,20,36,47,41,46,49,33,55,44,45,23,33,35,18,48,52,59,25,45,17
59,45,31,35,65,55,16,38,35,16,21,44,53,39,51,42,33,53,55,51,19,34,35,24,48,60,56,18,36,25
61,44,30,44,66,56,29,36,41,21,32,43,48,33,50,46,33,53,48,44,19,28,44,10,44,60,54,20,35,20
62,51,31,44,65,52,25,33,44,14,23,36,64,41,48,45,31,56,38,47,18,29,36,22,49,55,53,16,40,24
54,55,29,51,63,47,20,41,36,23,30,39,60,36,51,45,36,54,38,49,13,25,41,18,43,58,59,20,34,24
63,48,39,47,61,48,15,33,34,16,20,41,52,34,54,47,41,59,38,55,21,30,37,18,44,57,56,29,41,14
55,49,27,48,63,55,23,30,49,20,31,42,49,44,44,47,33,53,45,49,16,30,40,19,43,57,51,18,40,22
52,43,24,43,68,59,21,31,40,18,28,47,56,48,47,47,34,48,35,51,24,34,41,17,43,61,54,17,43,18
62,51,28,39,63,49,23,33,38,15,25,35,58,37,49,44,33,59,42,50,24,25,47,19,51,59,53,13,44,24
57,45,30,51,66,57,19,33,34,14,24,41,51,44,50,45,30,57,42,53,29,32,38,18,44,53,52,23,40,20
58,48,28,43,61,59,28,36,32,14,24,40,53,36,51,39,36,56,52,54,20,32,40,16,48,63,57,17,35,16
51,50,27,53,68,58,22,37,43,19,21,28,47,41,39,42,39,59,47,47,14,24,43,19,48,57,62,21,44,22
60,48,26,43,62,58,26,36,41,21,22,43,50,38,49,45,31,63,37,48,22,32,37,19,42,58,57,17,45,16
53,49,29,47,69,60,25,30,36,11,23,39,53,40,51,42,36,60,49,43,20,34,35,14,44,60,60,14,47,19
60,48,25,46,63,52,24,36,35,15,27,38,52,41,52,51,29,54,47,52,20,39,33,16,39,59,55,20,39,25
54,49,27,45,72,54,25,43,34,14,28,33,48,28,48,54,38,62,43,45,19,28,36,21,50,55,53,22,43,21
56,48,29,44,60,55,29,35,32,20,26,35,53,41,45,53,42,59,47,51,16,36,38,18,46,58,53,12,34,21
58,50,32,43,74,58,21,30,35,16,23,40,57,40,41,44,37,50,41,52,22,25,45,22,45,57,50,23,38,23
61,51,34,38,56,59,24,30,39,17,26,39,57,42,43,48,32,58,47,45,20,25,45,14,41,66,50,18,41,26
58,53,29,44,64,59,24,44,32,9,32,40,53,36,50,50,39,52,42,44,11,30,44,22,40,59,54,18,36,24
61,53,28,44,68,50,19,39,49,20,19,40,51,37,46,43,34,54,44,52,15,30,42,16,46,55,58,18,49,12
61,50,20,46,69,59,19,39,38,17,21,39,54,37,45,58,30,50,37,47,21,28,33,16,51,60,54,20,51,22
62,45,39,46,62,43,24,33,36,23,26,45,54,35,49,42,35,56,37,53,15,21,39,22,45,63,54,22,41,25
59,50,27,45,64,60,23,42,40,17,20,34,56,33,51,43,32,63,44,42,22,36,32,19,49,56,64,16,34,19
65,49,31,42,62,59,22,42,35,12,21,37,54,33,45,49,37,55,45,49,18,33,38,22,49,52,54,26,36,20
56,46,26,44,67,53,26,40,41,19,23,32,51,41,52,42,27,65,44,53,19,34,27,14,49,54,62,25,43,17
56,39,24,31,65,57,28,32,35,15,22,39,50,34,49,50,37,63,55,51,17,34,41,18,53,66,50,20,40,21
59,44,30,39,70,57,19,39,35,19,26,44,46,35,47,49,38,60,53,43,22,28,39,21,39,57,54,18,45,17
51,43,25,42,64,57,24,44,40,19,22,44,56,39,52,48,35,54,44,47,20,26,38,9,54,59,52,26,36,22
60,45,27,39,68,59,23,34,42,21,26,39,53,38,51,42,30,63,38,52,19,33,37,16,46,63,52,20,40,16
57,44,34,48,64,60,23,31,39,16,33,44,58,39,42,43,33,50,54,49,15,26,43,22,47,55,52,17,38,16
58,48,30,46,68,59,13,39,46,23,22,39,53,35,49,48,38,57,38,44,14,33,46,18,41,56,56,15,42,18
64,44,30,42,68,57,19,33,37,8,38,39,55,31,41,38,41,56,47,45,24,33,45,16,48,56,58,19,39,21
54,47,34,49,65,54,22,30,39,16,22,47,52,31,54,48,39,52,41,46,24,29,38,12,58,67,55,16,35,16
55,42,31,54,64,61,23,39,38,17,21,51,51,40,52,41,30,53,47,47,21,32,38,17,46,57,61,17,33,13
69,48,35,46,66,59,20,35,35,19,26,44,56,34,41,44,27,54,45,40,15,40,33,18,47,62,60,21,39,14
61,43,34,47,70,57,22,37,37,12,21,37,49,40,51,38,35,52,46,47,14,32,41,21,41,56,54,27,54,16
59,46,33,48,66,51,31,39,46,14,26,37,58,31,46,50,37,53,33,45,16,29,39,19,48,60,57,19,36,20
62,50,28,46,64,51,21,29,38,21,28,42,53,35,48,45,32,53,46,43,26,36,37,18,47,59,52,20,43,19
56,51,25,50,67,61,16,39,43,17,23,40,46,33,41,49,36,60,41,42,21,35,32,19,48,61,60,18,36,26
50,46,32,38,55,58,26,39,46,24,27,34,59,37,37,43,32,57,46,53,17,36,36,18,49,60,56,15,46,20
52,50,37,42,65,61,21,31,37,18,29,30,59,33,53,40,29,58,49,53,21,41,31,16,41,57,59,20,37,22
58,56,30,40,58,61,20,31,35,16,23,36,52,35,49,56,36,55,50,44,16,32,41,21,43,58,56,20,41,23
49,51,25,44,65,62,23,46,39,18,25,38,48,32,45,43,33,59,49,52,27,32,36,23,46,56,51,14,42,19
56,45,25,49,66,58,28,31,35,16,21,40,50,46,42,44,35,61,53,47,14,32,48,16,41,59,54,22,35,23
60,50,37,40,69,48,21,35,38,17,22,38,48,33,44,54,33,59,49,42,23,28,39,23,45,60,51,26,43,17
59,35,30,41,67,55,22,39,41,20,34,45,59,36,42,42,31,57,40,52,22,29,39,21,39,58,62,19,37,19
61,39,30,44,64,60,25,35,37,19,23,39,61,34,52,39,24,55,41,46,19,33,42,18,52,59,56,18,47,20
51,44,33,45,58,49,23,37,39,20,32,35,48,37,52,45,34,50,54,50,21,30,46,18,46,60,54,23,39,19
52,52,29,38,65,60,14,36,38,19,24,38,62,40,46,46,29,60,50,54,24,29,38,19,39,58,55,17,42,19
58,55,35,44,63,51,22,36,42,15,27,31,58,37,51,40,29,61,43,47,22,32,44,21,47,54,53,21,41,12
58,50,37,39,64,54,25,34,39,17,24,33,44,40,42,40,35,61,46,53,22,29,39,23,42,63,59,25,34,21
61,52,29,41,64,52,28,36,43,13,23,32,53,35,40,43,33,58,52,56,23,31,36,22,44,62,51,20,42,17
59,47,29,46,69,49,15,30,34,22,19,44,64,34,45,52,33,55,46,45,21,31,36,22,45,59,54,20,47,20
55,42,31,45,76,56,28,33,42,23,27,35,55,35,48,47,44,56,37,52,15,22,37,17,44,53,58,21,45,13
66,50,37,43,73,54,15,45,36,15,25,36,54,28,45,48,34,56,38,48,18,31,37,16,40,66,54,20,44,20
55,45,28,41,65,60,30,34,37,17,32,33,53,33,51,46,31,48,40,50,26,31,42,16,51,59,61,21,36,20
55,52,25,44,67,49,21,32,31,23,28,41,43,42,56,43,35,55,49,56,24,29,38,18,42,55,53,20,48,18
60,44,30,41,63,57,19,37,42,13,27,40,57,33,45,45,38,58,39,42,27,32,42,18,47,56,55,24,39,22
63,52,31,40,70,53,14,35,38,17,29,36,49,29,51,39,31,66,45,41,17,26,38,22,53,53,63,24,49,18
65,54,22,50,58,54,29,27,35,18,26,33,56,34,40,47,34,62,50,41,16,41,45,18,42,54,60,19,42,20
62,50,28,45,70,58,29,40,31,20,27,34,55,33,51,38,35,54,37,49,25,28,41,17,49,51,53,25,35,22
56,53,33,45,66,54,21,38,35,20,20,38,50,45,44,46,40,59,37,45,19,32,34,20,53,52,59,22,39,17
57,45,27,41,63,55,23,35,37,16,31,39,50,34,49,45,29,63,49,45,23,29,46,18,45,55,53,17,46,27
61,46,29,43,65,59,20,34,35,16,23,34,56,36,52,35,32,59,46,54,21,32,42,18,53,53,54,19,45,20
56,49,31,47,63,58,23,38,39,24,27,37,52,31,34,42,35,61,44,49,21,28,39,13,44,66,55,16,47,23
57,40,24,44,68,57,28,39,40,17,22,36,53,38,56,49,34,56,53,45,21,33,32,23,39,64,58,14,33,19
53,45,27,43,64,56,14,33,48,15,29,40,47,33,58,48,28,61,55,49,23,33,38,17,45,51,57,12,46,24
56,52,27,40,66,59,28,36,43,17,20,35,56,33,47,46,41,53,46,53,16,36,45,17,43,53,61,10,31,26
60,39,32,47,68,51,14,36,43,18,32,36,60,40,51,48,33,60,36,49,20,35,37,22,41,57,59,14,39,15
54,50,35,51,67,47,21,34,31,21,20,41,46,32,51,46,28,59,41,50,20,34,44,20,42,60,65,20,44,18
54,56,30,43,63,56,24,46,39,16,17,46,56,30,49,43,38,55,38,46,14,25,42,15,54,64,51,15,42,25
56,46,30,40,67,54,22,33,38,21,23,41,48,34,41,54,36,66,52,47,22,28,45,23,48,48,57,18,35,19
67,49,25,45,56,51,24,37,38,26,24,38,48,47,43,45,37,58,45,48,20,30,40,14,40,53,59,17,44,24
62,52,28,34,65,55,26,43,42,19,28,39,55,25,44,41,37,56,52,42,18,30,45,18,46,56,59,19,35,21
54,50,32,53,68,56,26,29,32,20,22,44,56,36,54,30,37,46,47,42,23,29,45,29,42,59,48,21,44,18
56,43,30,49,65,55,26,37,40,20,33,42,47,29,49,43,32,61,49,47,15,34,29,17,43,56,62,20,35,28
65,47,28,45,64,53,16,36,42,26,27,35,52,41,52,42,34,52,48,48,13,35,37,19,48,61,49,19,41,17
58,38,35,40,63,57,26,39,39,14,21,34,57,36,49,52,32,58,49,55,23,33,29,15,44,62,56,17,46,15
62,51,32,47,67,55,27,31,36,16,20,34,48,46,37,45,32,51,54,49,26,27,33,21,52,60,59,24,31,19
53,49,28,44,72,59,23,34,40,18,26,48,49,35,49,47,32,55,44,44,23,28,35,24,49,56,54,10,44,20
56,51,29,47,66,55,19,40,33,15,21,42,45,50,46,54,38,56,38,44,19,30,36,18,49,61,53,16,43,22
56,42,29,42,67,56,27,35,40,22,22,38,61,36,41,51,40,63,42,47,20,37,35,16,44,56,53,19,40,15
65,43,28,40,62,55,31,34,41,18,21,32,50,38,56,45,33,57,45,45,19,29,37,20,52,57,51,20,43,25
59,47,30,44,62,62,26,40,45,14,24,39,52,34,52,40,39,58,49,43,15,28,38,20,47,58,54,17,38,18
61,53,30,46,66,61,16,43,38,14,23,38,46,36,49,43,35,60,35,48,22,32,38,25,37,52,58,20,47,20
55,44,33,42,66,63,29,42,33,16,30,38,50,31,42,49,36,54,47,50,23,32,48,16,41,53,55,20,40,14
60,46,27,41,68,54,16,39,45,14,22,39,46,38,51,47,31,63,51,49,18,38,36,15,50,56,57,15,43,17
61,47,28,50,66,54,24,35,34,14,22,41,48,41,46,43,27,54,42,59,17,33,47,21,53,54,53,19,38,21
61,49,29,39,64,55,29,24,34,16,29,45,49,38,50,33,32,57,54,54,22,23,46,15,46,61,54,22,44,18
55,48,26,47,66,58,20,31,29,20,28,38,51,40,55,48,38,57,50,46,12,25,43,20,43,61,57,19,38,23
53,52,26,43,69,58,18,30,39,21,29,37,51,37,50,40,39,55,46,49,22,29,34,20,45,61,57,20,43,19
51,51,30,45,63,52,30,35,46,19,21,37,53,37,43,51,31,58,43,51,24,22,41,26,47,55,52,18,39,21
55,52,32,45,65,56,24,36,36,22,21,35,51,39,38,44,30,56,46,56,21,32,36,16,53,56,57,17,42,23
61,50,24,47,68,57,25,43,31,15,18,42,56,37,48,33,27,58,56,39,21,29,38,22,50,58,59,17,41,22
63,49,28,40,63,55,23,34,34,18,18,33,47,40,46,48,28,59,47,51,20,33,40,20,50,58,55,24,43,25
52,52,34,44,63,47,18,39,37,19,18,38,47,47,52,44,35,55,55,49,16,32,41,15,43,60,58,20,38,24
61,48,31,45,66,49,16,35,45,17,22,42,54,36,40,39,32,63,44,55,14,42,36,18,43,60,56,19,41,23
62,43,24,44,64,52,24,34,42,18,20,32,58,36,46,46,35,57,44,46,22,27,41,25,47,58,63,18,35,29
66,44,33,36,58,57,20,45,38,13,26,53,44,37,49,45,32,49,44,51,22,28,49,13,48,60,55,19,40,18
61,50,27,46,60,53,24,32,39,21,12,41,55,37,48,46,28,48,44,49,27,38,39,21,47,52,56,27,41,23
59,44,27,39,63,54,20,37,36,20,20,42,50,35,51,39,41,53,45,48,27,35,40,23,53,62,46,29,36,18
53,46,24,43,58,59,22,35,43,22,30,43,54,39,42,37,37,56,36,54,17,31,40,22,51,59,60,18,38,23
64,51,29,41,63,54,18,37,34,18,26,42,43,35,58,60,33,56,46,47,14,33,30,18,49,59,52,19,41,22
58,46,30,48,68,51,20,39,31,24,23,40,51,38,49,49,33,56,46,45,21,29,30,21,43,58,59,19,45,22
59,46,32,34,64,54,18,37,40,16,28,39,54,44,42,46,32,60,48,54,16,37,36,20,45,55,54,18,44,20
56,51,30,41,67,59,21,31,43,15,24,47,44,41,44,42,38,58,47,47,13,29,43,18,54,56,53,21,44,15
57,43,31,47,69,54,19,39,34,18,30,34,54,34,48,39,38,55,32,52,19,31,42,13,49,63,57,21,50,20
61,47,38,37,60,53,19,34,45,18,29,39,55,35,52,39,35,54,49,47,19,29,42,20,48,61,53,17,38,19
61,46,28,43,68,55,21,33,34,18,23,42,53,28,46,46,35,56,42,51,25,33,42,17,44,58,58,25,47,14
61,52,25,43,62,52,22,35,38,22,20,37,54,37,53,43,27,64,45,48,23,31,43,20,46,54,57,15,44,19
58,45,39,41,67,52,18,35,39,17,34,42,51,30,44,45,29,49,52,46,21,27,37,22,52,63,54,24,41,18
54,50,35,46,59,56,26,26,38,19,28,35,56,40,51,41,27,52,42,49,26,33,41,15,48,59,57,22,39,22
59,46,35,47,66,55,26,36,42,19,26,39,56,39,44,46,36,48,39,55,19,21,44,16,44,55,55,18,42,19
57,46,23,49,58,49,21,31,41,20,35,47,54,24,46,47,40,49,51,45,14,32,33,23,52,57,57,21,46,24
58,48,28,41,69,61,21,36,40,13,23,41,58,33,47,47,30,56,48,52,23,34,39,11,45,50,59,19,44,18
60,47,25,44,70,57,26,29,44,24,25,35,49,32,48,38,33,58,44,51,18,27,42,25,41,57,53,18,52,20
47,44,41,35,67,51,23,35,42,17,17,42,50,32,51,57,30,55,43,57,20,24,41,22,46,55,62,25,39,22
55,54,34,43,62,55,18,38,34,24,21,39,51,34,48,50,37,58,44,50,17,30,35,21,52,62,61,12,36,17
58,52,31,52,66,55,17,38,39,15,20,36,51,48,53,38,35,48,37,49,21,42,41,17,45,57,50,19,46,16
61,53,32,53,72,52,22,32,39,20,25,43,48,31,40,40,35,61,32,50,23,32,38,18,48,56,54,15,46,21
62,52,28,39,60,53,30,35,27,20,24,40,52,34,51,46,45,55,37,46,18,31,34,25,53,60,51,22,44,18
57,43,27,43,69,56,20,32,33,15,21,36,54,35,48,48,41,62,33,56,22,38,39,15,48,57,60,17,41,26
62,40,33,48,65,51,22,29,34,14,33,41,49,38,48,41,29,48,49,46,25,38,40,24,49,65,59,17,38,17
57,56,31,42,67,57,27,31,31,18,25,34,52,35,47,54,33,56,45,47,21,30,38,14,44,62,54,22,40,22
59,41,33,39,69,53,23,44,31,19,30,43,54,29,47,51,30,58,46,55,16,40,40,19,43,56,58,15,39,12
59,47,23,41,71,51,25,43,40,13,26,43,56,33,44,48,42,55,40,45,19,27,36,24,45,56,57,20,43,20
58,50,33,42,67,56,32,30,43,22,26,34,43,39,48,35,38,52,49,49,20,33,41,20,46,60,56,13,38,19
64,54,33,44,61,54,20,36,31,21,24,31,54,36,44,43,31,62,44,46,22,33,38,18,47,59,59,22,41,20
57,50,28,43,60,53,21,29,39,20,26,49,50,41,48,41,40,57,48,39,24,29,36,11,51,64,54,20,44,20
58,46,21,49,61,52,20,41,46,17,26,43,60,34,48,46,29,55,46,50,22,32,36,16,49,55,55,20,41,18
62,55,27,47,65,56,21,31,40,16,28,44,49,32,50,47,39,53,37,48,20,30,35,16,49,55,58,17,42,23
52,56,27,42,66,63,32,29,37,20,25,40,54,34,48,42,37,59,42,56,14,32,36,14,51,51,60,19,33,21
53,43,31,46,63,50,19,38,40,18,27,32,52,36,53,46,30,59,42,44,20,30,50,21,46,57,65,21,39,21
56,52,34,43,61,54,24,35,36,21,27,34,52,29,45,47,44,53,46,53,19,25,39,19,55,54,59,20,36,20
62,49,32,46,63,55,22,37,35,14,19,46,49,30,48,43,39,54,53,41,18,29,30,19,49,66,56,20,49,19
58,42,32,42,64,56,26,42,47,16,26,38,45,36,50,45,29,62,42,48,20,28,44,14,51,59,57,16,35,22
60,47,32,45,59,53,25,42,40,17,24,42,49,31,46,43,29,61,40,47,19,31,36,26,49,54,54,23,49,19
57,40,33,44,65,52,25,45,32,18,23,34,53,37,48,48,36,64,43,46,20,34,27,22,50,58,55,17,47,19
56,57,32,41,67,52,23,41,35,17,22,30,53,27,53,47,32,55,44,51,22,33,40,24,55,64,52,11,34,22
51,41,26,42,65,57,26,35,43,18,25,37,47,33,48,48,35,62,46,56,22,37,38,18,38,55,52,21,44,26
58,54,25,37,66,58,17,35,33,16,23,39,55,42,41,50,32,54,53,44,21,29,36,21,47,62,57,17,44,26
57,52,30,46,65,61,20,28,36,21,34,42,56,36,44,45,37,53,38,51,19,28,33,13,48,56,57,23,39,24
54,48,40,45,59,60,24,31,36,11,31,46,48,37,46,50,38,48,39,51,16,29,49,21,48,55,57,15,37,23
59,50,33,40,69,59,23,43,42,21,17,43,48,33,42,43,34,64,50,46,16,18,47,16,52,52,50,20,43,19
62,47,31,46,64,56,17,37,34,18,22,27,56,40,39,48,35,55,43,47,20,36,47,22,46,61,59,19,41,17
58,52,33,39,62,57,16,36,38,20,14,45,55,34,43,46,29,70,53,45,14,31,38,19,50,53,56,21,45,20
53,45,27,45,62,54,21,45,43,17,26,36,42,37,49,49,32,57,54,53,16,32,37,17,44,53,54,18,47,27
52,44,34,45,66,60,27,30,39,23,20,40,56,39,54,46,26,55,47,51,19,28,40,20,47,56,53,17,39,19
54,48,32,40,62,52,15,42,41,17,28,41,53,35,54,46,34,52,54,48,23,19,41,26,49,53,62,12,39,20
60,54,32,45,68,53,17,33,44,18,22,39,62,35,51,46,30,51,37,50,19,34,36,16,42,60,57,14,44,23
60,47,26,41,66,57,25,37,37,26,25,36,49,36,50,42,26,64,46,45,20,30,42,14,46,54,64,19,43,19
61,48,33,42,71,51,17,35,43,18,29,46,53,35,54,41,40,51,39,47,22,35,39,17,41,55,57,17,36,19
54,50,31,50,65,57,16,34,41,19,21,35,55,35,50,49,31,55,46,47,19,30,36,18,51,56,62,20,45,14
62,45,32,43,66,57,22,36,35,18,29,39,53,31,47,47,37,56,51,43,27,26,36,16,38,64,54,17,45,20
56,41,28,51,67,52,20,40,33,13,28,36,46,36,49,42,38,58,43,51,12,34,36,19,52,54,62,23,50,22
60,56,34,48,61,55,22,39,45,15,22,38,51,38,53,50,31,61,40,41,19,29,35,15,44,57,55,15,38,25
59,48,40,41,65,55,20,33,34,17,25,39,49,37,54,44,42,63,46,48,19,22,35,12,45,64,56,19,40,21
67,50,26,47,61,52,27,34,34,12,22,43,58,37,44,47,35,52,37,48,18,28,41,22,55,56,55,21,43,20
53,57,26,48,64,56,17,33,43,20,26,39,55,40,49,40,32,58,43,46,25,34,39,15,46,50,59,16,48,15
61,36,32,50,64,50,19,36,42,20,25,32,50,34,48,49,40,53,42,50,18,31,50,23,47,54,61,19,39,17
60,55,32,52,68,52,20,39,31,15,26,33,51,33,43,42,35,57,38,49,22,27,41,21,46,64,57,21,43,19
63,41,29,46,63,60,20,33,41,16,20,35,53,33,47,50,42,57,47,53,24,28,41,20,39,60,57,27,31,16
53,44,33,43,69,54,22,39,44,20,22,36,48,38,47,50,40,52,41,47,18,28,44,21,47,54,59,17,40,22
61,43,32,50,69,56,26,35,41,16,32,36,50,31,54,52,29,46,46,42,22,27,39,11,59,61,49,19,40,18
59,46,28,49,56,48,19,44,38,24,25,40,48,40,52,47,28,57,48,55,21,19,46,16,42,57,54,16,46,24
59,46,36,46,67,54,31,43,41,12,31,36,52,39,44,44,21,54,44,48,19,28,41,19,48,62,52,15,38,22
53,46,26,39,66,53,15,31,38,20,25,42,57,44,50,45,40,66,47,44,25,33,25,25,51,55,50,18,44,19
62,43,30,40,68,54,18,33,36,26,31,33,49,31,49,52,42,54,49,48,23,25,45,17,39,60,47,21,46,21
62,48,23,40,68,51,19,38,38,13,29,41,51,36,47,43,38,61,48,46,22,27,34,16,45,65,53,23,49,18
59,54,22,48,66,54,23,39,42,18,21,43,46,32,49,54,30,45,36,49,16,38,35,20,47,64,56,21,45,20
50,52,30,45,64,63,24,31,44,26,21,48,45,36,45,35,31,58,49,53,20,31,39,20,40,54,59,17,42,20
56,56,35,34,68,58,29,43,29,17,20,52,50,35,44,49,30,55,41,50,17,37,40,12,46,51,48,16,52,22
63,44,21,42,63,50,17,40,43,18,22,35,46,39,53,54,37,59,48,56,22,30,36,21,38,58,53,16,43,25
53,38,26,50,64,58,18,41,36,17,22,46,57,35,47,44,46,57,40,51,17,36,31,21,49,58,47,21,42,24
57,49,33,44,65,59,25,37,37,16,22,35,52,31,46,39,28,61,41,48,18,37,44,20,42,63,57,24,38,24
59,49,29,48,64,59,22,36,39,19,31,35,55,40,46,33,29,62,49,53,24,31,36,13,44,54,49,20,42,22
66,44,30,47,68,53,21,34,38,26,25,35,52,40,45,50,29,59,39,40,23,24,41,21,46,55,60,21,36,24
59,49,31,53,61,62,22,39,38,16,18,41,58,29,37,46,34,60,53,46,21,24,34,20,36,61,56,21,42,25
56,45,29,41,64,58,24,34,39,23,29,36,56,36,47,52,37,52,40,50,17,28,39,22,45,53,57,20,43,20
53,41,27,42,59,49,19,35,43,19,29,38,51,33,51,48,33,60,50,47,20,33,38,28,52,66,54,21,40,13
57,50,32,39,65,52,15,32,41,22,25,42,57,47,43,45,35,51,39,52,17,27,50,24,47,54,48,20,41,23
53,43,25,45,63,53,21,37,36,16,25,36,52,37,47,48,37,55,49,48,19,38,36,21,43,57,59,19,48,26
60,44,23,31,67,48,26,38,42,15,24,36,57,37,51,49,42,58,54,43,19,27,40,21,53,61,52,17,39,18
59,43,26,49,71,57,18,43,39,21,19,41,46,31,48,44,31,65,40,42,28,25,34,17,42,61,63,23,44,22
57,55,30,41,68,56,23,33,43,19,26,42,56,36,51,37,28,58,45,44,18,32,41,19,39,57,58,18,42,20
55,48,23,46,69,55,25,33,30,15,22,44,46,34,46,47,34,59,45,44,22,34,37,23,47,63,66,23,42,15
53,46,34,43,67,54,27,30,34,13,29,40,55,31,45,34,39,51,54,47,16,35,51,20,42,52,61,17,48,24
55,48,22,37,70,60,24,32,39,16,25,33,54,34,47,46,33,59,51,47,16,27,40,18,44,65,58,20,47,25
50,47,29,38,65,49,18,35,47,18,33,31,58,37,48,48,33,52,43,52,23,32,40,18,51,70,57,14,40,16
51,37,38,42,61,58,20,31,44,23,27,45,49,44,45,43,35,49,44,54,22,25,39,18,55,53,60,18,34,28
50,51,31,42,65,61,32,32,42,18,23,43,51,32,41,48,33,59,51,50,21,21,41,24,39,59,58,16,37,21
52,47,27,30,67,61,23,44,45,16,21,43,57,43,43,40,32,57,48,38,22,31,38,19,52,54,61,11,44,26
64,44,31,44,64,51,20,32,33,20,29,37,61,30,47,53,41,53,40,43,21,37,33,18,44,60,57,22,45,18
57,46,29,51,61,52,20,33,41,13,25,40,55,45,51,55,36,50,47,47,19,28,45,24,50,56,53,9,37,17
61,46,26,40,65,50,19,38,44,16,28,38,47,35,43,44,43,54,49,53,19,31,37,22,55,47,57,16,46,23
55,50,27,43,66,54,22,39,39,15,23,44,44,32,50,48,37,59,48,52,15,38,39,23,42,60,53,16,42,17
64,50,26,41,67,53,31,47,41,16,31,34,50,39,46,48,34,50,42,48,15,30,38,18,45,65,56,17,38,12
61,48,28,44,70,54,26,41,36,15,22,38,51,37,42,48,29,54,40,46,22,31,35,18,44,55,62,27,43,25
56,46,30,45,66,55,20,37,47,20,22,38,50,36,41,47,35,51,45,54,19,34,44,16,48,56,50,18,46,20
62,46,25,46,62,60,24,45,43,19,24,42,50,34,49,42,46,58,47,42,21,35,34,18,46,56,45,17,42,12
54,48,32,43,69,53,17,39,46,21,25,49,51,36,50,45,32,50,37,53,16,24,35,22,49,50,65,21,37,23
65,51,35,48,61,50,27,40,41,16,22,37,52,34,57,39,28,53,48,47,20,23,41,19,42,61,54,19,43,19
57,39,30,39,69,53,24,37,39,20,24,37,46,33,47,48,33,57,48,45,25,34,43,18,36,58,62,15,51,25
61,43,25,48,61,65,19,36,37,16,29,37,53,38,51,41,27,55,47,52,17,39,38,22,41,60,57,18,39,20
58,51,31,41,62,58,24,40,35,18,28,46,48,35,37,47,36,51,47,48,23,30,41,18,48,49,60,18,38,26
62,44,25,46,69,61,23,35,45,14,22,43,55,34,49,50,29,59,41,48,17,33,32,20,49,60,57,18,36,16
54,51,27,40,68,56,17,32,40,20,25,41,49,38,49,45,40,59,47,47,19,31,47,22,45,64,55,13,31,20
52,50,35,42,67,54,27,36,41,12,27,44,54,31,42,51,38,45,43,42,14,31,35,20,58,63,55,18,43,22
56,45,25,39,63,58,26,39,47,21,29,52,50,33,40,49,31,51,47,42,17,22,37,23,54,61,59,19,37,20
64,41,37,43,64,47,19,37,36,20,34,39,56,31,49,47,38,47,41,49,23,30,47,17,50,56,57,16,38,19
53,48,26,51,69,54,18,38,37,20,30,39,44,40,46,43,38,57,47,48,15,29,35,19,50,61,54,23,43,17
57,45,36,40,63,58,22,43,43,19,22,36,53,38,40,46,34,52,42,48,21,36,37,18,49,55,59,20,37,23
63,49,40,47,63,51,23,29,33,19,15,37,54,49,39,45,36,55,37,59,21,28,42,20,48,57,50,25,35,23
57,51,23,45,68,60,23,29,34,20,23,33,54,34,48,39,33,64,41,55,23,30,49,17,47,55,56,19,38,24
56,51,40,41,60,49,21,36,36,23,20,42,53,40,43,42,40,53,45,52,20,29,38,17,49,60,56,15,43,22
61,45,30,39,61,60,27,38,41,20,24,43,51,31,42,47,28,52,47,53,21,25,44,21,49,61,52,15,41,23
62,58,34,43,66,63,22,36,35,17,24,39,53,30,48,38,30,56,43,48,17,31,33,23,52,57,60,17,38,19
56,51,25,49,66,55,22,44,35,17,25,38,54,30,48,48,36,51,40,52,18,29,43,18,43,61,59,18,43,18
63,38,21,50,70,53,21,36,37,25,27,41,54,42,44,44,32,55,37,50,17,26,44,23,49,59,54,20,40,20
51,51,29,41,69,62,25,41,40,14,21,31,52,31,48,51,38,56,53,48,18,32,39,22,46,57,50,17,41,18
54,51,35,42,65,57,22,32,43,18,15,36,55,41,48,50,28,63,46,46,19,23,37,18,52,50,60,25,44,17
53,50,25,41,64,61,23,30,42,19,25,41,49,33,47,51,36,60,49,46,19,30,39,21,38,63,55,21,41,20
59,47,30,46,64,47,23,28,39,8,26,47,62,30,51,44,47,55,46,41,20,35,36,15,42,58,57,16,49,24
59,50,28,41,63,57,19,44,38,14,22,34,49,38,46,51,42,52,50,47,24,24,42,15,35,61,57,23,49,18
56,40,26,45,69,54,20,39,44,23,29,39,57,28,49,50,33,63,48,44,16,31,40,20,41,55,48,20,42,23
48,43,36,41,73,54,26,32,38,19,27,40,56,31,58,43,28,57,46,49,20,24,39,17,46,63,49,24,47,18
59,47,33,48,67,56,22,37,43,16,20,34,54,34,40,51,34,50,45,51,22,32,36,16,45,51,63,18,51,17
56,42,33,49,63,64,23,27,31,19,30,36,56,38,46,37,37,53,45,48,24,22,38,21,41,60,58,26,47,22
52,43,27,50,66,59,22,28,35,20,27,47,47,38,49,49,36,53,50,42,15,35,42,21,50,62,46,16,44,21
60,46,30,41,68,47,18,41,37,15,18,42,60,40,51,41,31,60,45,48,20,27,29,22,49,54,63,19,48,22
62,34,29,47,63,58,23,38,36,15,20,41,55,38,47,42,31,55,44,53,20,33,38,18,48,49,54,23,51,27
58,46,22,47,66,54,25,39,36,22,24,39,53,44,49,52,42,45,49,45,19,25,36,17,50,55,51,23,42,17
57,51,34,41,69,55,19,41,36,14,26,40,42,47,43,51,35,48,49,49,13,31,31,20,49,62,56,22,33,28
57,48,28,49,68,44,23,29,34,14,28,41,53,41,48,49,32,61,46,45,23,36,36,23,43,54,59,19,45,16
67,49,31,49,63,56,18,36,44,14,23,37,54,27,40,50,29,56,44,53,22,32,38,18,50,57,51,20,46,18
62,51,37,46,66,63,16,37,41,24,29,33,51,37,46,48,27,49,41,52,20,26,40,23,41,54,57,17,35,23
65,50,34,41,61,47,29,38,42,13,19,41,48,42,45,41,39,54,41,49,19,35,40,16,37,58,55,23,48,22
55,50,31,43,67,56,17,35,41,24,25,44,54,43,46,41,30,60,34,46,24,32,35,21,49,57,58,17,37,20
52,51,28,47,67,48,33,39,38,19,24,37,50,36,47,50,34,57,43,59,20,30,36,13,38,60,58,19,44,15
54,44,27,43,64,55,21,34,43,22,26,37,55,34,49,44,34,52,43,51,25,27,41,21,42,63,63,17,40,21
62,43,32,54,67,53,21,35,40,14,25,46,53,42,54,44,33,55,45,49,22,29,35,22,35,59,52,21,32,18
56,48,27,41,71,53,18,33,40,18,26,37,53,37,49,54,34,59,46,46,19,34,35,14,51,61,46,20,47,19
57,55,33,46,63,62,21,34,33,18,26,41,55,33,56,44,35,42,40,44,20,31,37,20,50,53,58,19,40,26
59,50,30,41,61,56,21,36,37,18,37,38,59,42,50,41,34,46,42,49,20,31,36,14,48,62,59,25,39,11
63,47,30,44,62,52,17,33,41,15,26,40,58,41,47,44,43,52,40,46,17,19,50,18,53,53,59,18,41,23
63,50,37,44,67,55,24,30,39,20,24,37,49,30,48,49,34,62,40,51,17,29,43,23,41,54,53,25,33,21
52,43,27,47,63,56,11,37,36,21,27,42,45,36,58,45,42,57,48,51,22,31,36,18,45,61,56,20,38,21
63,50,29,41,66,58,16,48,36,22,25,35,49,39,44,41,32,57,47,50,23,34,45,24,43,50,43,20,43,19
60,50,30,48,64,61,24,30,41,20,18,32,51,39,49,39,37,58,48,48,14,32,40,17,46,60,55,19,41,21
60,51,27,42,68,59,26,39,36,19,27,40,53,34,48,45,32,53,44,44,28,27,38,16,53,51,51,16,46,19
62,47,27,42,68,50,20,39,41,16,21,46,55,40,44,47,34,61,46,50,20,34,39,18,49,56,50,17,31,22
55,50,25,44,66,58,20,41,34,16,23,42,54,39,49,46,32,54,52,45,18,25,36,19,44,62,60,15,45,23
53,53,35,45,64,54,26,37,38,16,26,30,60,34,55,38,33,54,46,56,18,30,41,22,48,52,59,14,38,17
64,49,29,36,68,54,36,32,33,14,25,37,53,35,50,36,30,47,45,53,22,36,36,13,52,52,57,21,48,29
60,51,29,41,64,54,22,38,40,17,27,34,51,30,53,50,38,47,45,47,14,31,36,22,41,61,57,28,49,15
59,46,27,48,66,56,20,37,40,17,29,41,50,39,52,46,37,57,36,49,21,31,41,18,44,62,50,17,44,12
63,48,33,49,59,55,24,30,35,21,26,43,52,40,48,42,34,57,47,42,19,34,37,23,52,52,52,16,37,22
53,45,32,34,64,62,23,34,37,20,27,48,49,39,47,50,32,53,47,46,15,31,42,18,45,54,58,22,44,21
60,46,26,42,64,52,17,34,46,20,21,43,61,35,48,49,28,56,48,53,17,31,43,20,46,61,50,16,42,17
58,47,34,47,66,51,24,34,39,19,24,32,51,38,45,42,30,57,48,45,21,22,44,18,53,60,56,21,50,16
60,43,28,47,68,61,26,32,38,12,20,46,53,38,51,44,32,51,36,44,22,34,46,23,42,58,54,22,40,21
59,47,26,43,64,53,22,40,36,11,26,46,53,36,45,51,39,54,46,51,18,34,32,14,52,58,53,16,41,26
60,44,38,46,66,58,23,36,37,22,27,37,47,31,51,42,33,55,40,53,16,34,36,15,53,57,55,19,41,20
60,48,35,42,70,55,24,37,29,17,24,37,55,39,55,43,34,55,44,53,18,31,37,15,43,58,52,20,47,15
56,48,37,38,71,52,19,30,37,16,33,38,61,39,41,50,37,54,42,49,16,32,30,22,45,59,54,21,49,16
61,52,28,37,62,53,23,35,35,21,25,36,59,39,51,46,29,51,45,45,20,36,43,14,41,59,68,22,36,20
61,44,34,40,70,57,19,36,33,27,24,44,49,37,45,42,36,59,53,45,23,31,31,20,44,60,54,9,45,20
59,51,32,37,57,49,22,46,40,19,27,38,52,39,48,42,36,57,44,52,16,34,35,11,43,63,61,19,41,22
59,39,27,44,61,60,25,40,40,20,25,39,52,34,51,42,42,54,44,51,22,24,35,14,58,58,60,19,36,17
55,54,26,45,73,62,26,40,38,19,21,37,50,40,52,41,28,58,45,36,14,34,44,16,39,66,55,18,38,22
54,44,34,45,63,57,23,37,44,18,26,37,52,39,45,39,43,64,47,44,21,28,38,21,41,58,52,22,40,16
58,49,30,45,67,64,22,39,33,18,24,32,59,36,45,44,34,52,46,47,17,24,49,17,52,64,51,14,42,18
64,52,25,33,59,70,22,43,42,18,25,42,41,37,46,45,29,54,48,45,19,33,41,13,48,54,61,19,43,21
63,44,30,38,72,52,18,33,40,19,28,38,59,37,46,48,35,58,40,57,24,33,34,16,50,57,50,20,41,12
55,43,36,38,63,51,29,27,34,18,28,36,51,22,42,47,34,56,46,49,21,44,47,20,39,56,60,24,49,27
58,50,26,46,63,52,19,36,45,22,32,39,47,27,46,45,42,54,43,43,21,29,40,19,46,64,55,21,42,20
60,52,37,45,66,54,23,36,40,14,27,42,48,38,49,35,37,46,44,49,17,31,38,24,42,62,64,16,34,22
58,44,28,41,63,58,27,31,45,24,17,31,44,36,49,48,34,57,52,47,19,28,40,20,52,53,64,21,48,13
59,39,34,39,59,51,18,35,41,15,19,41,56,34,42,41,31,56,50,54,24,35,42,14,45,58,64,28,46,22
60,52,27,47,73,57,25,37,32,15,25,46,50,37,47,42,27,52,42,54,18,30,42,15,49,54,56,20,43,18
60,44,28,49,69,60,26,37,39,15,28,40,53,37,42,48,35,55,45,48,18,27,40,13,48,55,54,23,42,14
62,41,27,46,65,50,20,33,44,20,28,42,54,35,53,46,39,60,45,42,17,32,33,13,43,67,55,15,44,21
65,48,20,34,67,57,21,40,45,15,23,43,46,39,56,38,34,56,48,55,21,33,39,14,43,59,55,19,38,21
49,52,33,42,60,48,17,43,37,17,24,35,58,31,52,53,32,59,50,43,22,35,38,13,53,60,55,17,39,25
56,43,28,48,68,56,20,29,39,18,30,43,49,35,52,49,43,58,42,48,20,26,45,22,42,52,58,16,46,11
58,43,26,47,65,59,19,32,44,20,23,32,51,36,47,44,33,59,40,49,22,38,50,18,40,64,53,21,36,23
62,43,35,41,69,52,17,32,37,17,29,37,50,38,46,39,38,50,48,51,25,31,37,15,43,60,55,24,50,21
55,56,21,54,63,55,17,35,40,16,21,37,57,35,46,39,41,55,45,48,16,35,45,25,44,50,60,24,41,16
52,47,26,40,64,63,24,36,44,20,24,33,51,35,45,37,35,53,44,53,29,34,40,18,44,57,60,16,53,15
53,47,27,45,62,56,16,34,37,17,24,42,56,33,45,50,32,59,46,55,22,35,40,17,51,51,59,21,41,19
55,51,34,41,59,52,19,35,33,20,26,29,63,36,50,50,37,56,46,58,20,33,45,10,45,62,59,14,37,17
58,43,27,41,63,66,28,35,45,16,20,40,56,43,45,42,25,52,49,49,19,32,37,17,47,59,57,16,48,17
60,45,27,50,64,54,21,36,34,19,17,36,50,38,42,42,45,62,42,55,20,39,43,18,39,58,56,17,39,24
65,41,26,44,57,62,19,32,44,19,29,43,57,35,47,50,38,59,45,46,21,33,33,20,41,56,58,16,37,19
56,48,24,47,72,52,19,40,41,24,24,40,58,37,49,48,34,55,42,41,24,32,39,19,46,56,52,15,40,18
62,41,29,33,71,56,22,38,43,20,19,37,52,36,52,46,38,51,39,54,26,32,38,16,53,53,58,14,48,15
63,45,34,37,60,62,22,33,39,18,30,39,51,41,47,39,39,52,44,45,22,31,43,19,47,63,56,11,37,23
60,52,33,53,68,57,19,39,34,17,31,45,51,39,40,46,35,58,44,49,17,34,35,18,46,56,49,11,34,22
55,45,34,49,58,57,23,40,40,19,23,41,55,26,41,49,37,58,37,47,22,31,42,19,48,62,59,20,39,16
58,50,30,39,61,51,23,32,46,11,19,42,47,34,52,45,41,60,35,42,25,31,35,20,50,61,58,28,46,20
59,55,27,40,68,51,25,31,43,21,26,36,49,37,49,39,35,58,50,55,19,27,42,17,42,60,53,17,48,13
54,41,36,47,66,53,16,33,42,16,33,41,46,32,53,44,28,61,47,55,18,30,37,20,45,64,58,19,37,20
66,41,18,42,68,56,18,31,43,18,34,38,56,38,38,50,41,51,38,56,22,29,41,22,40,58,60,17,40,22
59,50,29,43,65,59,19,38,40,22,23,39,51,36,49,51,37,53,39,56,22,31,33,19,41,62,55,24,31,16
58,44,31,44,62,57,18,34,41,15,21,43,60,40,51,43,35,54,42,51,19,31,41,11,55,58,51,18,37,27
56,52,37,41,58,54,28,41,37,20,25,42,51,36,52,50,25,54,41,44,20,33,33,18,45,58,60,21,39,21
61,44,32,45,61,56,23,34,38,21,22,40,50,34,58,48,28,60,53,43,27,26,40,18,42,57,55,17,44,15
58,58,24,44,64,58,20,35,42,17,24,45,52,43,47,43,39,58,41,43,25,29,40,17,46,55,49,17,45,14
57,53,31,50,67,56,18,27,42,19,28,43,51,36,48,48,38,52,38,49,14,32,44,21,42,57,53,17,39,22
57,42,29,48,65,55,25,32,42,16,23,37,57,37,50,56,37,50,42,52,18,27,36,17,44,56,61,15,40,26
60,51,30,33,67,53,21,36,25,20,28,39,53,41,46,49,33,58,43,46,16,39,47,18,46,55,59,21,46,13
54,49,34,43,55,54,20,41,43,13,25,39,50,27,51,41,29,59,49,53,21,39,39,20,49,52,57,21,44,21
51,51,36,52,57,54,21,42,35,11,20,28,54,38,52,47,43,54,45,55,22,33,33,16,53,58,57,23,35,16
54,53,31,46,64,55,22,32,36,17,26,36,56,36,40,42,32,55,55,51,17,34,47,21,44,60,51,15,39,25
62,45,29,38,68,56,22,37,38,13,21,36,52,40,42,50,38,59,37,49,22,31,35,20,49,60,53,26,46,18
55,50,26,40,64,53,23,36,44,18,22,40,58,35,45,42,28,54,45,54,24,32,43,24,49,63,58,12,37,18
59,50,26,49,62,60,18,41,35,25,27,35,57,36,42,52,32,58,35,39,21,34,37,20,46,60,55,28,36,17
64,45,32,45,61,55,25,36,41,13,28,40,48,36,47,41,34,60,51,44,24,37,31,27,48,58,49,17,37,18
61,42,33,38,66,60,22,38,44,20,16,39,55,40,47,47,27,59,50,42,20,32,36,20,45,52,53,21,48,19
58,46,41,49,68,53,22,43,41,16,26,44,49,36,41,39,31,55,36,42,25,31,46,17,46,56,54,21,38,22
65,43,26,48,66,57,17,45,44,18,26,44,53,33,47,45,31,54,44,41,17,23,45,21,43,57,57,16,48,18
61,53,21,44,67,48,22,35,39,15,32,36,50,31,42,40,32,62,47,52,19,32,40,30,45,53,52,25,47,20
55,48,33,44,65,49,15,35,37,17,28,36,57,45,50,40,36,55,40,43,18,34,44,20,43,63,62,15,44,21
47,51,22,51,67,57,23,35,46,17,13,36,56,39,49,54,28,58,39,50,19,38,33,22,50,50,52,20,47,23
57,51,33,44,62,54,24,27,34,11,29,40,53,31,50,42,39,62,43,48,21,45,30,23,47,55,57,18,42,20
66,49,36,46,62,56,23,34,36,19,28,33,52,37,49,45,31,56,41,41,25,32,36,18,40,61,60,14,44,22
60,52,27,38,63,64,27,36,41,18,23,41,47,33,48,38,37,52,49,44,22,27,46,15,46,61,52,25,39,21
49,50,29,49,65,61,18,37,43,12,25,33,50,32,49,39,42,55,38,51,17,34,49,16,43,59,62,17,45,23
59,45,33,46,62,56,27,29,31,19,25,37,57,37,42,49,30,52,55,40,19,30,43,15,41,58,58,24,50,23
62,44,29,43,66,59,24,34,42,18,18,46,47,32,53,37,34,59,48,44,19,33,42,18,51,60,53,20,38,19
60,47,25,47,71,54,24,40,43,21,26,39,54,32,51,45,34,57,36,50,18,28,42,20,42,50,56,14,45,21
60,46,25,54,67,47,20,39,41,20,21,36,49,43,40,41,38,64,45,55,16,35,35,17,39,57,54,22,44,22
58,50,29,47,72,56,22,29,37,19,34,37,53,32,46,44,48,55,40,53,15,29,38,15,47,61,53,15,43,15
55,45,33,41,62,54,19,38,44,17,27,39,52,45,49,47,32,57,41,46,14,40,37,21,48,56,66,17,37,13
63,48,28,48,64,59,19,44,33,15,26,40,53,36,37,45,41,55,46,52,18,30,44,23,39,57,59,16,34,20
60,58,27,37,58,57,15,35,40,22,25,47,44,31,49,49,35,54,43,45,22,30,46,20,42,61,51,22,41,26
60,46,40,41,58,49,28,38,39,16,19,38,58,44,46,41,40,61,45,44,17,31,31,20,48,57,58,16,44,19
66,48,33,49,64,52,26,40,40,21,24,32,47,32,47,52,32,60,43,49,13,32,43,15,51,57,53,15,40,16
52,43,34,50,67,57,25,33,42,18,28,37,49,37,54,44,26,48,41,48,19,31,45,13,49,64,57,17,43,21
57,52,33,42,63,60,22,34,41,14,25,41,52,28,46,43,32,57,44,59,17,35,45,24,48,55,53,20,34,16
50,39,30,51,68,47,21,33,37,21,29,33,51,36,57,45,37,60,47,48,24,29,37,22,51,53,58,15,41,22
61,44,23,38,63,60,17,39,46,18,19,41,54,34,49,46,41,57,44,54,20,37,40,11,52,54,54,20,35,21
54,42,27,39,71,63,19,32,43,16,27,30,56,36,47,50,42,59,41,47,24,31,36,21,50,59,58,17,39,16
56,50,29,53,67,59,14,42,52,14,26,40,52,37,49,44,33,52,43,47,16,27,40,18,45,54,57,17,38,21
59,42,29,48,67,59,18,38,38,13,26,46,51,41,50,49,38,59,38,43,16,27,41,17,49,52,60,20,40,18
64,43,25,45,63,62,25,45,39,16,30,31,55,35,42,45,32,61,44,47,15,36,41,15,47,62,55,18,32,22
62,51,38,37,68,61,20,28,44,13,20,46,55,41,48,42,35,53,44,45,17,35,42,14,45,66,49,17,38,18
57,47,30,42,67,59,22,37,41,22,16,32,56,35,54,42,20,60,42,49,18,34,46,21,43,61,61,14,43,21
60,46,35,42,60,47,27,33,36,16,23,33,54,42,50,39,38,61,44,45,15,35,42,16,49,64,57,22,44,17
60,51,22,42,67,63,19,33,31,19,34,40,48,38,47,42,33,62,51,50,23,31,37,23,44,55,53,17,31,26
62,43,25,45,62,55,18,33,34,14,28,41,56,30,52,56,47,61,43,55,11,28,40,12,49,58,55,20,38,21
63,46,36,41,66,52,25,36,40,16,25,30,42,31,50,45,45,59,44,47,23,25,44,21,42,55,59,21,39,24
62,43,34,42,71,54,23,38,48,22,23,29,50,43,38,41,35,54,48,45,16,35,42,18,42,53,55,26,42,20
63,46,27,46,61,50,14,35,36,23,18,32,58,33,44,51,38,57,48,51,21,38,39,16,49,59,49,26,44,20
60,45,33,42,63,50,23,29,38,24,20,37,52,29,51,41,35,59,45,54,19,32,39,18,48,59,60,17,49,21
59,51,28,50,66,58,22,30,41,15,22,37,51,49,46,38,37,55,40,48,22,30,41,19,41,61,55,20,39,21
55,42,38,48,62,64,23,34,47,16,18,45,50,39,46,46,34,54,41,49,19,28,31,11,50,58,56,23,39,26
58,45,26,51,61,62,25,27,46,18,33,32,54,35,43,37,33,53,48,50,15,30,39,16,53,63,61,18,43,17
56,50,30,47,62,55,18,33,38,19,30,41,50,34,49,46,39,64,47,49,14,33,40,15,38,58,53,18,47,19
47,51,31,42,65,60,22,37,40,18,29,41,52,37,47,45,33,49,46,44,24,31,44,14,52,53,51,17,48,22
58,48,26,36,72,61,25,43,39,23,22,42,52,40,43,47,33,59,42,47,22,28,43,11,44,57,54,16,40,19
55,49,26,43,66,56,23,43,40,17,22,33,55,36,49,44,28,57,36,52,25,26,45,17,52,54,62,24,37,20
65,53,37,52,64,53,17,32,32,14,19,35,49,31,46,48,37,55,50,46,19,32,43,19,42,60,57,19,46,20
59,43,34,41,65,55,21,31,41,15,20,43,57,32,45,52,35,53,44,50,18,33,35,25,38,57,57,24,49,20
52,45,26,51,71,54,20,28,46,20,17,40,51,37,50,42,26,66,43,46,18,31,37,19,47,61,56,20,47,25
60,48,28,51,66,54,23,31,38,17,28,39,48,38,47,45,39,56,37,47,23,34,37,22,40,54,51,20,54,17
58,44,32,37,69,47,24,41,33,17,30,37,46,33,46,43,34,58,43,46,21,33,43,20,44,71,60,19,43,20
61,51,30,47,69,51,19,35,40,10,35,39,48,36,47,46,37,59,45,47,21,35,33,17,52,48,55,20,41,18
60,52,30,45,63,56,25,38,32,18,21,38,52,38,45,38,40,56,42,47,22,32,39,15,50,56,59,24,40,19
60,42,31,47,66,59,19,33,35,16,24,40,47,40,48,48,38,62,42,47,20,30,40,16,45,59,55,21,43,19
57,46,24,48,65,56,23,41,45,18,25,40,48,33,49,43,32,52,49,46,16,35,41,19,49,57,51,27,32,25
58,43,24,48,70,63,22,38,44,20,31,38,43,35,52,46,36,55,38,46,24,31,39,17,37,61,55,18,37,23
50,47,26,42,62,62,21,39,44,16,29,35,49,32,46,46,30,57,46,51,20,40,35,13,50,57,53,25,46,23
60,47,31,40,67,58,21,46,32,15,28,46,51,34,45,56,36,50,46,48,14,28,48,23,35,54,57,16,39,21
57,37,29,37,66,62,23,35,35,23,25,32,61,27,47,48,35,57,50,47,23,33,39,23,45,52,63,21,42,18
56,44,33,40,64,55,20,41,34,17,23,42,61,38,49,42,35,59,37,47,21,33,39,13,51,59,54,22,45,18
57,45,22,45,66,51,21,37,36,11,20,39,53,40,41,47,39,61,47,53,27,34,39,17,41,59,53,19,52,20
56,54,35,47,61,66,18,28,36,11,18,38,58,38,52,39,31,63,48,45,23,38,44,19,43,52,56,22,32,21
57,45,34,49,65,50,19,38,34,22,30,49,54,37,47,39,32,51,47,50,18,25,36,18,57,59,63,21,31,15
68,51,31,41,67,50,17,37,39,19,34,45,53,37,45,53,32,53,39,48,21,22,32,18,46,64,55,14,45,16
63,50,27,50,67,53,24,42,34,22,27,37,52,40,54,42,31,50,39,51,17,35,37,21,44,60,50,16,41,16
57,47,33,38,66,53,18,38,42,17,28,36,58,36,47,40,39,53,44,49,19,26,39,20,49,60,60,16,40,24
59,48,32,40,56,56,24,34,44,20,20,39,56,33,51,38,27,62,44,45,17,29,42,25,50,54,59,17,52,19
56,45,29,43,73,61,20,32,40,18,25,38,59,40,44,51,35,52,42,45,21,27,37,18,50,63,52,13,43,20
55,47,30,44,63,54,20,34,39,18,23,31,63,34,42,47,31,59,47,55,18,30,38,21,50,51,59,22,48,19
56,44,31,39,64,50,24,42,41,13,26,43,57,32,52,42,35,55,48,49,17,24,37,22,41,64,60,18,46,20
54,46,29,44,60,55,20,37,30,19,21,44,58,32,47,43,46,59,40,49,24,31,35,15,47,59,61,20,48,19
60,48,29,45,70,60,14,39,39,15,21,41,47,37,46,39,38,61,39,56,18,33,35,17,46,57,57,24,45,16
58,47,37,45,57,54,18,44,36,17,24,40,44,34,40,47,38,52,46,56,24,32,39,19,46,59,58,20,36,25
50,49,25,37,64,57,26,36,40,15,22,33,50,43,49,43,41,56,50,55,21,33,38,25,47,60,55,16,40,16
54,43,31,41,64,57,18,40,36,19,32,30,46,44,55,48,33,52,49,55,21,36,36,22,37,57,53,19,43,21
58,55,33,44,64,55,18,34,42,23,26,33,51,37,48,42,37,54,43,57,18,32,36,19,46,55,48,19,39,26
52,44,26,46,66,58,23,38,35,20,25,46,51,42,53,46,32,53,46,44,21,31,34,13,40,59,61,20,42,25
54,50,24,35,68,61,23,37,39,19,36,39,58,33,37,40,38,56,42,51,17,29,34,22,46,62,60,16,44,22
56,46,33,50,59,59,27,30,45,22,23,41,49,36,37,52,33,54,44,49,18,43,33,17,45,57,59,11,41,23
55,48,27,45,63,57,18,38,38,23,24,34,53,35,42,38,37,57,51,50,17,33,42,23,55,63,52,16,39,19
57,45,30,46,71,50,16,38,40,15,23,44,57,42,56,49,30,58,43,53,23,28,40,14,47,58,48,14,39,18
53,43,31,53,69,56,19,44,32,24,27,32,57,35,47,44,43,52,40,45,23,35,34,19,47,55,49,16,49,19
54,49,35,40,68,61,19,33,39,13,27,41,57,33,48,41,37,52,40,54,25,32,35,21,52,57,52,13,46,18
57,50,34,49,66,54,22,32,37,14,29,40,52,34,42,45,40,56,44,53,25,32,38,14,43,57,58,16,37,22
53,45,28,51,74,55,24,29,39,16,24,34,57,35,49,45,27,63,53,50,20,25,40,11,52,55,58,22,42,16
55,52,28,37,61,53,21,39,41,14,27,38,49,37,45,54,36,52,46,39,18,33,38,23,51,64,61,14,47,19
56,40,35,51,61,61,21,34,36,19,22,44,46,39,51,39,39,59,45,43,24,31,35,12,48,57,62,24,40,18
55,50,33,41,61,58,16,36,32,23,25,31,57,42,48,49,34,51,40,53,18,31,39,22,50,62,54,23,41,17
61,44,29,40,64,54,19,36,41,17,29,36,59,43,43,47,38,46,40,50,31,35,32,22,45,61,52,17,45,16
65,47,32,43,71,59,24,34,37,17,30,39,42,32,50,56,33,49,43,45,22,24,44,18,38,60,52,16,50,20
55,50,24,50,64,55,19,38,37,17,24,40,55,31,46,43,36,62,40,56,21,41,41,19,47,54,54,21,35,17
69,52,31,46,65,53,13,46,43,13,24,28,52,36,40,43,37,56,51,48,24,26,37,16,49,52,64,18,41,19
53,48,35,44,77,53,27,32,36,14,29,32,55,31,51,47,25,64,43,60,20,28,35,16,48,58,54,18,42,17
57,48,23,47,69,53,19,47,28,14,25,47,53,35,47,45,29,54,45,47,23,33,43,19,43,55,56,22,45,21
54,49,33,49,64,63,24,32,38,17,24,40,54,38,49,45,28,54,44,45,21,26,35,16,48,63,54,23,41,21
57,51,31,37,69,57,27,36,39,13,21,40,61,33,48,41,35,58,45,50,26,22,38,24,52,60,50,16,39,16
57,45,26,50,64,58,19,35,37,23,27,46,52,40,46,37,24,61,37,51,20,30,41,21,47,59,56,14,47,22
56,45,29,47,68,51,27,45,40,20,28,45,47,35,53,41,28,58,41,43,16,32,31,21,47,54,67,16,38,23
57,51,34,52,68,56,20,32,39,19,25,38,53,35,52,40,37,56,43,44,19,23,51,17,46,54,56,14,40,21
57,51,34,38,66,59,25,43,41,14,22,38,53,30,46,45,37,61,47,49,22,25,43,21,44,58,52,18,37,16
62,44,30,42,68,58,17,39,43,20,27,44,54,40,42,48,29,51,36,53,20,28,46,15,40,58,52,22,44,20
58,32,37,39,64,59,22,39,38,24,25,31,55,40,45,42,39,62,40,51,20,30,41,22,43,61,57,16,41,19
57,44,25,48,68,58,20,38,40,22,23,37,52,36,48,51,34,52,48,39,28,30,50,15,43,53,59,21,37,16
61,46,32,42,70,54,26,36,43,20,24,34,51,31,46,47,31,58,48,55,15,33,39,13,47,45,57,25,43,20
59,52,26,43,66,54,27,29,44,18,22,45,53,36,46,41,33,60,43,50,19,27,42,19,46,57,55,15,45,20
61,48,28,49,61,57,22,34,39,16,25,43,55,37,50,41,37,55,47,50,23,36,35,17,50,56,54,16,33,17
53,49,32,45,59,59,23,31,42,13,25,45,49,39,47,46,36,55,41,50,24,31,28,18,45,66,53,22,45,21
61,46,29,48,62,57,26,41,30,15,22,36,46,45,49,43,35,55,43,49,24,35,32,20,44,63,58,18,38,22
59,45,30,44,66,56,32,34,39,20,20,38,49,43,41,37,36,63,42,48,14,29,41,19,43,59,57,25,42,21
58,40,30,46,63,59,24,40,37,20,26,39,51,32,46,43,30,52,46,48,17,39,37,19,44,55,55,23,51,22
54,55,25,44,68,52,18,37,41,14,25,32,59,31,44,49,35,64,42,53,20,28,35,18,43,63,58,18,44,23
58,39,29,35,61,50,18,38,45,22,25,40,51,33,56,47,40,57,39,46,26,31,46,18,46,54,56,17,47,22
59,44,31,50,67,51,24,38,36,16,25,36,50,41,37,42,41,56,34,48,21,33,45,24,46,57,59,28,37,16
60,42,35,47,67,54,26,32,29,20,20,45,51,37,42,31,32,60,48,46,21,28,38,18,54,67,56,25,37,24
64,44,30,46,54,54,20,32,46,14,28,40,51,40,47,45,27,54,43,43,25,41,40,19,47,56,62,19,39,22
57,44,34,50,65,49,14,42,45,27,23,32,47,34,54,48,40,50,43,49,19,24,37,15,46,59,56,22,44,23
57,50,30,45,67,55,21,38,40,22,26,30,61,32,48,53,30,54,42,46,23,29,40,25,43,56,56,18,37,18
60,40,28,35,60,59,28,37,44,17,21,31,57,44,47,41,31,58,47,44,23,35,38,24,51,54,55,21,44,18
53,47,29,41,69,58,26,40,45,14,24,37,52,34,43,49,36,56,43,58,19,28,44,23,42,55,57,23,25,22
57,43,32,43,68,58,23,34,34,13,24,41,49,37,48,40,39,50,39,53,18,35,39,18,60,60,60,17,42,18
59,39,29,44,68,57,16,35,39,17,25,41,50,30,45,45,36,57,44,48,26,32,43,16,43,56,59,27,47,19
58,54,22,47,66,49,18,24,44,17,23,41,56,40,48,38,38,51,51,53,19,33,47,21,47,58,52,15,41,21
55,45,29,44,63,54,28,39,39,18,23,36,48,42,46,41,28,61,41,48,23,31,38,23,52,58,63,25,33,18
57,45,33,40,65,63,17,30,38,17,34,33,52,41,49,44,33,58,46,50,17,35,39,20,47,59,58,12,41,19
58,51,34,40,61,47,25,40,39,12,30,42,61,36,45,47,34,58,44,43,18,29,43,18,49,51,58,16,45,18
54,47,27,44,68,61,25,32,43,13,17,44,51,39,40,41,36,59,45,50,21,32,45,20,42,62,58,21,35,20
60,63,28,45,64,51,21,34,29,17,26,42,48,41,46,48,29,55,38,48,21,29,40,19,53,56,56,23,43,19
55,47,26,41,64,52,26,43,41,22,30,44,50,35,45,42,35,52,42,51,22,31,34,16,52,52,56,18,44,24
53,45,33,43,67,60,15,40,37,20,18,38,54,39,43,41,43,65,38,49,27,25,31,19,48,60,62,22,39,18
59,49,25,48,60,54,23,38,41,13,23,32,50,43,38,47,35,52,48,46,23,29,42,22,52,55,59,20,39,27
55,48,30,44,63,59,28,39,48,15,24,43,50,25,47,49,32,57,52,46,23,32,30,19,43,58,52,20,46,15
60,51,24,47,58,54,23,30,31,17,31,40,53,43,49,48,27,56,38,44,30,35,41,15,48,60,57,20,43,19
55,41,30,46,64,54,30,36,40,14,25,36,56,33,48,45,43,60,49,40,22,24,41,17,45,59,60,19,40,20
53,53,29,46,62,52,22,38,38,18,19,31,52,37,44,58,35,53,46,43,21,32,43,18,50,58,58,26,45,12
55,48,31,41,67,53,23,39,25,19,21,38,60,34,46,56,31,55,46,48,19,29,41,19,49,59,60,22,40,18
59,53,30,41,61,51,21,35,32,14,33,31,46,38,51,44,39,61,47,59,20,35,32,21,50,53,61,16,37,21
52,50,29,45,66,60,26,34,44,17,29,36,50,41,52,39,27,52,41,49,24,36,38,19,50,57,56,17,43,13
62,51,23,44,67,56,25,39,36,14,18,43,50,37,46,47,36,54,40,48,24,31,37,17,47,55,53,23,45,24
64,44,26,49,56,62,22,32,37,19,21,48,52,33,50,48,34,52,45,43,22,32,46,14,46,49,57,24,45,20
60,50,29,36,72,60,19,42,39,17,23,47,52,39,35,46,45,59,30,52,25,34,39,13,42,60,50,21,38,18
62,41,33,43,63,51,21,36,39,17,17,34,55,39,55,46,37,49,42,47,27,25,50,18,45,51,65,19,40,25
65,42,27,42,67,61,19,41,42,18,26,34,49,38,46,40,31,55,46,53,19,32,34,23,46,59,54,20,43,20
63,39,26,47,67,54,29,34,41,16,14,42,54,39,45,50,32,56,54,43,21,26,33,19,49,59,59,18,40,23
61,50,32,39,59,60,22,28,46,21,32,37,51,38,49,45,26,59,41,56,18,36,36,15,41,54,52,19,42,27
61,41,33,41,65,59,24,35,35,22,22,38,51,42,51,37,28,54,44,46,22,32,40,21,46,61,62,20,40,19
58,56,32,49,70,53,19,30,33,14,21,39,54,35,54,40,37,57,44,47,19,35,42,14,48,58,55,13,47,19
51,46,28,37,70,58,29,34,38,20,23,42,54,39,47,38,33,56,40,45,21,33,47,13,53,62,60,18,36,21
60,51,32,44,66,55,14,40,25,12,21,39,57,36,45,47,46,58,47,51,21,35,36,16,46,62,52,18,41,19
60,46,32,36,69,60,30,34,29,15,22,38,53,35,41,46,39,58,44,39,25,32,42,22,47,61,63,20,36,18
53,43,34,39,60,58,32,36,48,19,27,36,48,33,49,47,32,58,40,46,25,31,32,21,52,54,63,16,39,21
56,49,29,33,65,56,23,21,42,18,25,41,53,38,39,49,38,61,50,54,23,30,37,14,43,60,59,26,39,21
67,46,27,51,66,57,21,47,42,15,20,40,49,40,46,44,33,47,45,46,25,34,33,14,52,58,58,20,38,11
54,52,33,41,64,57,24,30,37,19,29,37,50,35,42,45,36,52,45,50,18,45,37,20,40,60,58,19,45,18
51,41,29,47,68,54,24,30,38,19,25,43,50,42,49,41,34,50,45,54,18,30,43,18,43,60,60,24,41,21
62,44,30,45,62,57,22,40,34,18,25,36,53,42,47,43,33,60,43,42,18,41,37,15,42,61,62,23,38,17
65,41,23,46,67,56,27,38,39,19,18,37,46,35,47,47,30,56,46,49,21,31,37,25,47,60,62,15,44,18
63,54,33,48,66,51,19,37,32,19,18,39,43,37,44,46,31,59,38,55,18,33,40,22,38,60,59,18,43,29
57,42,32,49,70,57,19,39,38,20,26,46,55,31,49,46,35,58,46,47,13,25,41,11,34,51,65,20,50,20
61,52,28,40,60,60,24,42,37,15,22,40,55,28,47,44,30,61,49,48,25,31,39,17,47,54,57,16,38,25
66,44,27,43,63,54,24,34,43,19,22,43,54,32,43,45,39,51,45,38,26,32,44,16,51,56,61,21,37,19
56,44,29,37,65,54,19,41,30,17,30,36,55,40,50,48,30,59,39,55,23,40,42,19,38,62,56,17,38,23
59,44,32,46,65,52,23,39,47,13,25,48,45,29,44,43,26,53,51,46,18,28,41,24,44,58,52,23,52,22
61,54,36,38,60,57,18,26,51,15,27,32,58,40,54,45,31,59,45,49,26,29,33,21,46,55,48,22,36,20
63,44,29,37,68,48,20,37,41,20,19,39,46,34,50,49,28,60,45,51,15,29,49,20,51,60,55,20,43,22
59,53,28,39,61,61,21,33,36,17,27,38,48,37,56,52,39,55,43,51,14,36,33,23,44,58,51,16,44,19
61,50,30,44,64,55,20,31,36,19,25,44,56,35,42,44,39,58,45,43,17,37,34,15,49,58,61,27,38,15
56,45,27,44,69,58,26,39,35,11,24,41,53,37,47,47,38,50,42,46,26,30,38,21,49,54,58,20,39,22
60,51,30,57,64,56,25,26,35,17,30,41,52,41,41,42,32,58,38,43,26,21,42,15,44,59,61,20,42,23
63,49,26,51,59,62,22,31,39,21,18,37,51,38,49,40,37,58,39,58,20,31,32,16,51,60,58,18,42,16
52,49,28,43,66,56,21,36,43,17,23,40,49,37,41,48,35,51,55,48,19,26,42,15,51,60,63,19,43,16
55,50,29,41,63,59,26,36,39,15,22,40,50,37,54,44,42,53,35,52,23,34,38,17,46,60,53,16,47,16
56,48,34,39,63,54,17,32,40,20,21,41,46,32,49,54,34,52,51,50,18,31,53,14,48,60,55,17,44,19
60,47,29,50,62,61,18,36,40,16,22,39,54,37,46,47,33,41,43,39,17,40,39,23,51,56,62,20,49,15
62,50,37,48,63,51,21,34,40,13,21,41,46,46,45,46,30,51,37,52,18,39,43,19,43,59,60,15,41,21
55,53,26,44,57,61,19,39,35,19,24,53,57,41,46,34,36,57,47,51,19,31,32,21,49,54,49,18,46,19
57,45,29,46,68,58,19,36,43,16,23,39,49,41,45,45,43,54,44,51,20,31,32,18,45,60,67,14,37,17
59,51,31,38,65,54,22,41,33,14,30,30,52,42,40,48,39,61,50,50,16,29,37,24,45,57,57,19,43,15
63,53,31,40,68,57,24,39,42,16,19,36,45,43,48,47,36,56,33,39,29,32,46,14,39,64,50,20,40,23
59,45,30,39,64,55,27,33,41,18,22,37,52,44,47,43,39,57,46,47,13,33,29,20,52,46,67,20,42,25
60,49,22,42,67,54,26,27,34,20,31,37,52,45,47,44,31,64,52,45,21,30,36,11,47,63,58,20,41,16
64,50,34,38,69,53,28,38,35,17,21,38,60,34,55,37,36,52,46,49,15,33,36,19,42,61,60,14,38,20
65,57,26,40,65,50,21,37,35,15,22,38,50,43,40,49,37,59,48,46,20,35,36,16,50,54,52,17,46,23
63,46,34,50,64,58,25,38,37,19,29,36,47,36,47,42,44,58,38,45,13,30,44,25,44,62,50,16,32,20
57,45,29,46,70,61,26,40,45,20,27,35,51,30,46,43,38,55,43,47,25,27,32,17,42,56,57,15,49,18
64,56,30,43,61,60,20,28,41,18,26,34,52,35,55,49,34,59,41,46,19,33,37,20,41,53,55,23,36,23
57,41,25,45,63,54,24,34,38,18,28,44,50,45,52,44,35,50,53,41,23,31,37,16,43,62,58,16,48,17
54,48,29,51,65,52,24,37,41,19,22,37,49,34,45,49,27,64,38,40,26,32,41,25,47,56,58,21,39,22
62,48,27,41,72,57,22,38,35,15,22,47,52,29,50,38,28,51,40,49,24,36,33,21,46,61,60,25,48,15
51,50,33,52,64,63,13,27,27,13,20,42,56,38,51,46,25,61,51,48,21,39,43,19,45,58,60,19,43,14
54,44,28,45,67,58,18,44,44,18,29,42,45,24,47,43,30,51,46,47,23,32,38,24,49,62,60,22,40,18
57,48,34,50,64,49,20,33,37,22,26,51,53,34,43,43,38,62,49,45,14,26,31,18,39,57,63,19,45,22
58,44,30,43,63,59,27,31,34,16,37,33,53,41,47,48,32,49,47,48,18,26,43,21,45,57,61,16,47,18
57,45,29,47,68,54,24,33,39,15,36,38,54,35,43,40,43,52,53,38,18,37,46,17,41,55,57,19,44,15
58,47,31,46,68,55,24,31,47,16,24,38,47,44,47,42,31,58,41,41,20,30,42,15,51,55,59,17,47,20
61,42,31,53,66,52,19,34,41,22,21,46,52,33,41,45,42,48,46,46,16,28,36,20,52,57,66,19,42,15
56,51,23,46,63,60,24,35,43,18,30,42,53,34,46,40,34,55,44,48,22,27,39,16,43,60,59,17,35,29
56,41,26,41,67,59,20,41,40,20,27,39,55,38,52,46,36,59,46,46,18,25,35,21,44,58,49,20,47,20
58,47,24,48,64,60,26,35,39,22,30,39,50,32,47,46,33,60,42,47,14,38,40,20,50,53,57,21,33,17
57,34,34,51,65,51,26,45,44,14,20,41,56,36,44,45,37,54,46,48,17,30,44,19,50,52,58,17,38,19
54,51,33,43,73,51,22,36,39,18,20,39,49,35,50,43,35,61,46,47,20,31,35,21,47,61,52,11,49,20
56,52,25,35,72,54,25,42,41,19,26,41,56,39,40,43,32,52,43,49,21,23,36,19,49,60,58,22,47,15
60,46,25,44,64,57,16,37,42,18,23,40,51,39,50,49,38,55,42,52,21,32,36,19,43,60,53,11,49,20
58,50,34,42,61,59,23,25,41,14,27,41,57,40,48,50,31,59,48,46,13,30,35,18,46,55,62,21,39,19
55,44,21,46,71,65,21,35,40,17,27,38,52,26,51,48,41,63,55,52,22,31,32,13,40,51,51,19,47,18
64,42,31,48,65,53,22,34,44,14,24,45,61,40,48,46,33,51,52,46,17,34,37,20,49,52,56,14,34,16
62,47,34,44,69,57,24,40,35,8,21,40,52,40,47,42,32,62,41,46,19,35,42,21,38,54,59,19,43,19
51,45,34,44,67,56,21,40,44,19,34,39,53,42,53,41,39,52,43,40,20,26,38,21,54,56,53,15,36,16
56,47,31,41,69,58,23,33,34,20,30,34,50,43,47,45,30,66,43,42,21,40,41,19,50,51,52,16,43,17
56,45,32,36,69,56,21,47,42,15,20,27,55,42,49,40,33,56,46,49,25,26,44,16,43,51,59,21,49,22
53,53,29,50,67,52,19,39,41,17,21,41,51,38,50,47,35,56,42,53,14,30,38,19,45,52,57,21,43,19
56,56,26,42,67,53,22,34,34,16,17,40,46,47,51,44,29,56,47,55,17,44,34,20,46,59,57,20,40,17
58,50,26,39,62,54,16,30,34,18,22,48,57,36,51,51,35,59,42,45,23,30,38,17,49,60,62,16,48,16
52,50,31,52,67,59,18,41,34,14,29,37,53,39,49,43,35,56,42,43,15,29,42,15,49,61,61,18,47,11
62,45,34,39,69,66,21,42,47,14,32,43,49,39,46,46,33,56,34,52,23,28,37,9,45,54,53,15,40,19
60,46,28,46,63,54,17,38,40,18,23,38,57,34,45,53,29,63,44,46,19,35,43,18,42,60,57,17,40,19
60,55,32,45,71,59,20,37,32,18,22,42,46,32,50,48,38,55,39,47,16,33,39,16,47,57,52,19,45,20
53,44,26,45,68,56,25,38,43,17,21,35,45,36,43,39,38,61,48,48,19,36,44,14,52,55,60,18,46,19
63,40,38,37,64,49,26,28,46,21,28,40,47,29,47,58,39,52,44,44,20,35,40,15,44,57,59,18,41,23
59,50,31,45,68,56,27,34,36,17,20,39,49,32,53,51,36,55,40,53,21,31,40,16,50,55,54,18,39,17
54,47,29,49,68,61,20,44,31,15,20,43,50,32,50,53,42,48,42,52,21,27,35,17,50,56,58,17,41,20
52,49,28,44,63,62,16,40,36,12,31,42,60,39,53,47,30,52,36,54,22,28,33,24,46,63,50,19,42,19
50,45,27,49,67,53,22,31,41,16,22,45,53,40,52,47,36,54,46,46,25,31,33,23,44,57,58,12,49,18
60,42,30,44,68,56,15,32,40,17,27,39,54,36,49,49,34,54,42,51,26,29,38,13,47,61,58,19,40,22
56,51,30,56,66,52,25,40,39,15,22,37,44,33,42,39,39,59,53,42,19,34,36,20,49,56,54,17,50,17
51,53,24,49,63,56,17,42,51,15,25,41,46,32,50,42,31,56,39,60,17,31,40,22,46,53,49,24,43,24
65,59,26,36,63,62,19,30,43,21,22,43,51,40,50,38,30,58,43,43,16,33,44,17,42,55,57,25,42,19
57,48,25,45,67,59,22,36,41,21,27,37,60,38,45,43,36,57,40,48,16,38,32,20,46,58,59,15,40,16
56,49,30,48,64,54,32,41,42,23,19,38,55,40,47,52,34,57,39,51,19,28,37,18,47,54,52,16,36,14
63,47,35,44,70,53,25,34,39,15,27,40,47,30,38,45,43,60,47,60,23,24,44,20,33,63,49,12,41,21
67,44,24,42,61,49,27,39,34,18,25,41,51,42,44,43,33,54,43,53,18,31,39,20,62,55,56,20,41,16
60,49,33,42,67,66,18,31,42,24,29,42,38,40,44,40,34,51,41,53,14,34,46,18,43,54,58,26,40,15
58,46,27,47,67,56,25,39,38,15,25,38,52,39,53,47,42,52,45,52,22,26,35,19,43,57,51,22,31,23
57,46,26,43,61,48,27,39,41,16,25,35,51,34,56,45,32,55,45,55,16,35,39,19,47,59,54,23,38,25
55,45,31,41,67,62,29,40,38,16,21,35,48,34,48,40,41,55,40,53,16,39,42,15,32,63,60,23,44,19
58,50,33,41,63,59,17,32,40,25,23,38,55,39,50,47,33,51,30,56,22,28,42,17,52,55,59,21,41,15
59,47,28,44,71,48,23,39,39,14,32,38,51,35,52,46,34,59,48,49,23,28,38,14,43,64,50,17,40,19
68,50,33,44,65,54,18,33,29,14,31,35,55,34,43,45,38,58,47,52,23,30,33,23,45,56,56,22,40,18
59,55,35,51,62,56,20,45,31,14,24,38,53,41,49,38,31,52,44,56,17,28,45,16,45,53,65,12,40,17
52,50,33,49,62,56,24,29,46,10,27,38,53,33,47,51,34,59,43,51,21,25,44,22,43,54,61,16,43,16
61,44,25,58,64,56,18,32,36,11,28,38,61,32,53,41,36,60,48,50,15,29,39,16,42,62,59,23,36,19
55,46,29,45,65,57,25,33,38,21,23,36,47,32,58,50,32,58,42,55,20,37,40,21,46,59,50,14,42,16
56,46,23,50,67,58,15,33,37,21,25,36,47,38,49,46,32,56,48,53,26,37,38,14,47,58,53,23,38,22
58,43,32,47,67,50,21,40,46,16,35,41,47,42,45,50,30,56,43,48,23,29,37,18,43,52,60,18,38,17
59,52,28,41,61,46,24,34,39,19,25,43,57,40,44,45,28,55,48,47,31,26,40,22,41,62,50,25,47,13
53,59,30,40,64,61,27,37,39,21,24,41,47,42,43,43,39,45,43,51,20,35,38,15,37,55,56,18,46,23
57,47,30,43,63,52,22,41,39,19,21,41,52,38,40,46,39,49,40,47,22,34,42,12,44,65,56,27,42,22
60,50,32,41,64,59,17,37,42,22,26,35,54,38,53,39,36,57,45,49,11,29,36,13,51,56,55,16,47,22
58,58,28,42,67,55,19,32,41,18,24,36,54,35,50,48,34,53,49,46,19,27,37,22,49,58,54,16,45,18
60,48,32,38,68,53,24,39,39,22,28,40,54,37,49,36,39,62,47,52,17,23,36,18,46,55,55,21,37,17
55,46,32,40,62,54,21,34,36,16,22,36,52,41,53,46,39,55,42,52,24,39,37,18,45,53,66,19,38,19
60,48,31,39,60,59,20,38,41,25,25,32,57,38,49,53,35,51,42,51,17,22,40,18,41,58,55,21,43,23
63,44,21,44,64,56,24,40,38,13,22,40,55,30,50,46,38,58,45,53,27,31,45,15,46,51,55,23,35,20
51,52,31,51,66,50,18,30,44,19,23,42,55,31,49,46,28,56,46,49,22,27,47,20,49,53,54,23,42,18
71,41,26,44,65,53,23,40,43,14,26,45,45,30,49,49,35,57,43,49,19,32,34,16,55,56,55,16,40,21
61,52,19,47,68,54,25,36,41,18,26,39,53,40,46,42,32,55,39,54,20,30,32,22,44,59,56,18,41,23
60,58,27,43,62,61,16,38,35,19,20,35,50,35,52,46,30,59,40,41,23,32,41,13,48,64,54,20,41,29
62,49,29,46,68,54,22,35,40,19,27,46,46,32,43,45,45,60,45,45,20,33,41,18,46,54,42,21,40,19
67,36,31,44,58,62,21,35,36,23,30,39,54,43,50,45,29,53,47,46,22,28,40,23,38,55,49,28,44,16
58,49,28,37,69,58,20,29,48,16,32,33,60,40,41,50,38,56,39,41,22,27,42,17,46,57,52,29,37,21
53,45,24,42,66,51,23,31,38,18,26,27,60,35,52,51,35,54,44,49,22,33,39,20,41,61,63,20,43,26
55,44,27,44,62,55,24,42,39,15,29,47,49,39,56,41,33,50,39,47,19,26,43,24,48,55,54,18,44,24
56,49,26,43,63,53,19,40,36,17,26,44,62,38,49,55,29,55,47,49,19,28,35,15,44,58,52,18,43,24
62,49,23,38,65,56,23,42,37,14,26,39,51,32,53,47,36,62,53,42,22,34,34,16,48,58,54,17,40,19
64,44,24,44,67,58,23,38,37,14,28,39,54,36,49,49,38,58,44,54,17,29,37,19,45,61,58,16,27,21
61,51,29,51,63,47,21,34,43,14,31,34,56,34,48,35,39,61,42,52,16,33,47,19,41,52,55,19,41,23
58,45,24,53,63,47,23,42,44,16,16,36,52,39,45,51,37,55,48,49,23,31,38,17,51,55,51,16,44,23
54,47,35,38,61,57,20,35,28,14,24,37,58,32,48,43,35,60,56,58,19,34,43,17,53,58,52,14,40,22
65,40,25,46,70,53,27,49,31,16,26,32,50,38,52,40,40,61,35,49,15,30,42,21,47,55,54,20,45,18
55,37,30,50,63,66,20,31,40,22,27,39,48,37,57,50,32,55,46,43,19,35,32,20,47,57,54,20,39,21
60,46,25,36,71,51,24,37,43,18,28,34,52,34,49,40,34,59,52,51,24,28,35,15,51,58,63,16,42,16
57,51,19,50,71,53,25,30,36,21,24,45,50,39,49,45,38,58,45,43,15,30,36,21,47,64,56,16,36,22
65,46,28,39,57,54,20,38,38,14,26,46,53,37,54,50,32,66,40,45,22,24,32,17,40,65,55,18,47,24
60,45,30,28,66,52,21,33,37,13,33,39,52,42,51,50,36,57,45,54,24,27,23,20,49,58,63,19,43,22
53,50,30,41,65,57,16,27,42,20,29,43,48,32,55,53,33,63,41,60,16,36,31,16,49,58,54,17,39,18
60,46,28,42,68,59,25,32,42,20,24,38,49,32,44,35,38,61,46,52,18,35,46,17,42,56,58,19,42,18
62,34,32,39,63,59,17,44,34,14,28,38,47,38,36,44,40,57,54,47,28,34,43,24,40,60,52,19,43,22
66,51,26,40,67,55,26,41,41,11,23,39,55,41,50,54,43,48,43,48,16,29,38,8,46,55,52,20,40,20
59,52,31,40,64,58,24,37,40,18,18,42,53,42,41,48,31,53,38,59,25,36,37,21,47,54,55,16,37,16
61,48,27,43,69,48,20,44,34,16,23,40,55,44,45,36,36,50,52,48,23,33,36,20,48,63,55,16,40,19
60,42,31,51,64,57,21,27,37,16,24,36,58,37,40,51,36,52,45,49,25,32,41,20,45,65,52,22,41,15
56,45,37,43,63,57,20,26,47,21,27,38,55,37,49,42,37,61,41,38,20,39,38,19,45,52,64,14,41,20
52,49,32,43,66,55,25,37,42,15,24,41,52,31,48,55,31,56,38,50,26,21,46,17,49,62,56,19,32,22
61,42,25,47,69,48,23,31,31,21,18,46,56,38,52,45,34,55,44,53,27,27,40,16,49,55,52,20,46,21
56,51,39,41,71,58,27,41,37,24,33,42,48,28,37,48,27,50,42,46,24,34,38,18,38,63,55,19,41,16
53,45,28,46,67,59,23,29,42,17,30,42,54,39,48,40,34,51,39,41,20,30,42,21,49,62,58,26,38,19
55,46,28,52,67,50,24,37,41,24,23,43,50,38,53,47,31,56,48,43,16,29,34,24,34,63,53,15,51,17
48,50,26,44,64,58,13,36,44,16,23,40,52,38,46,48,40,54,40,45,23,32,50,18,54,55,53,13,44,25
63,41,32,49,67,43,23,31,38,15,31,33,50,38,45,44,34,63,43,44,19,32,39,21,49,52,60,20,49,24
61,53,20,42,73,60,17,33,36,15,31,38,58,35,43,42,27,56,52,43,20,37,43,19,42,57,60,20,44,15
56,44,34,42,69,53,24,44,42,15,17,52,59,32,46,50,29,48,41,49,21,35,42,19,40,59,54,13,39,24
58,46,33,43,62,57,28,31,37,20,27,42,57,44,40,44,25,59,39,48,20,31,42,14,53,61,56,25,32,18
61,47,34,44,69,56,15,28,38,16,22,43,51,42,43,49,35,53,50,57,18,31,39,19,46,51,57,22,36,20
56,47,33,45,64,51,20,47,35,19,29,44,48,38,44,44,34,60,48,46,25,37,36,19,39,58,50,18,42,16
61,56,29,45,68,56,15,36,36,13,18,40,57,42,43,48,33,56,40,48,16,28,47,21,42,59,54,22,41,22
61,47,27,37,63,51,16,39,43,17,26,38,53,36,47,52,32,56,40,40,25,32,39,15,49,61,63,23,41,23
60,46,32,43,68,62,25,30,40,9,22,35,52,41,54,39,32,55,45,51,23,29,39,21,49,54,50,15,53,18
62,43,29,42,63,57,25,36,37,21,24,44,52,31,40,51,31,54,44,55,25,31,31,23,35,55,63,25,47,16
59,48,25,53,64,67,16,47,42,12,31,36,51,35,52,52,35,51,39,44,14,29,37,19,39,55,57,21,38,24
63,44,31,43,62,63,24,36,38,15,25,36,46,34,44,54,34,55,47,48,25,32,42,22,44,53,61,13,32,26
57,43,32,44,66,55,20,30,46,19,25,41,51,43,46,43,32,54,40,49,24,29,38,19,43,58,60,14,49,22
58,48,27,42,64,59,20,39,41,14,21,40,54,40,50,43,39,51,47,49,16,34,36,24,48,59,64,16,29,20
57,49,28,38,64,57,20,44,45,22,25,38,51,31,53,44,30,61,40,46,20,27,32,18,50,61,57,18,49,17
64,49,26,50,61,59,23,39,36,20,31,47,60,28,37,51,28,61,39,47,19,34,38,18,41,57,56,20,38,15
60,45,31,51,63,55,22,42,37,16,22,40,48,34,48,43,37,59,47,47,24,30,32,17,48,58,56,14,46,20
55,45,33,44,60,48,20,43,42,23,26,42,46,40,53,41,40,54,41,49,24,23,36,13,50,56,61,21,42,21
60,38,37,41,65,64,16,35,42,17,25,38,55,43,49,46,34,56,34,55,19,28,36,19,50,57,58,12,44,19
59,50,27,45,66,47,14,38,26,24,25,38,52,42,49,48,38,60,39,47,16,38,41,17,50,61,47,24,49,15
55,48,32,43,65,60,19,40,41,18,24,33,59,32,44,45,41,61,45,45,14,27,42,16,52,55,60,16,43,17
58,51,31,50,59,54,22,37,35,16,26,41,50,36,50,42,34,57,44,55,18,27,48,15,46,49,53,16,48,24
58,41,32,46,66,63,34,39,35,18,25,35,50,32,44,38,32,53,51,49,22,32,41,21,46,59,56,19,39,16
56,45,22,42,64,59,20,46,38,16,29,40,50,35,50,46,36,61,44,40,15,27,38,32,47,61,54,21,43,15
62,41,25,38,64,57,17,37,39,18,25,40,53,28,48,45,31,56,41,52,25,33,41,17,47,65,59,25,46,17
55,43,28,48,69,48,22,35,41,14,27,41,45,38,51,38,38,57,50,45,20,36,34,14,56,55,66,17,40,21
60,44,33,39,64,50,19,33,37,15,25,45,52,35,41,47,36,53,42,57,24,31,37,19,53,60,54,22,45,20
50,53,26,47,63,49,25,47,38,12,25,37,50,37,44,46,38,59,54,55,19,33,36,18,45,55,54,20,32,25
60,44,25,38,69,58,21,47,38,15,32,34,47,41,44,40,43,56,49,46,11,37,37,22,49,48,52,25,45,19
57,55,22,31,67,59,21,36,34,17,19,42,54,39,45,41,40,58,48,38,15,38,45,14,45,59,56,20,54,23
64,45,32,40,67,60,24,43,38,13,20,43,60,30,41,40,36,58,39,51,18,30,40,17,51,59,58,17,37,21
61,43,27,44,66,56,26,29,39,15,26,40,58,32,51,46,35,58,40,51,20,28,37,18,51,60,47,23,44,21
54,44,31,52,60,52,27,43,36,20,23,30,52,30,52,42,37,57,44,47,18,34,44,21,41,56,48,13,61,23
52,50,35,56,61,53,20,29,36,16,17,32,52,35,46,41,41,55,51,48,19,36,44,21,51,58,60,22,41,14
56,43,32,42,65,59,27,45,47,16,23,36,47,40,47,43,33,49,45,47,23,31,43,18,44,62,47,17,45,20
63,51,25,42,66,53,22,29,43,14,27,31,55,31,45,44,40,64,47,51,21,34,33,17,48,54,60,23,42,17
59,52,20,35,70,54,21,37,35,14,21,35,53,34,48,47,45,56,41,51,22,29,42,20,49,58,61,14,48,21
53,47,32,42,65,55,17,29,41,18,23,45,57,39,45,44,33,51,47,55,14,29,42,20,49,60,50,26,41,23
55,56,35,44,65,59,22,37,38,17,15,40,54,33,48,49,34,60,43,44,15,29,32,25,44,56,56,27,40,20
49,57,34,41,66,52,23,34,33,17,26,40,52,29,48,42,39,61,48,56,19,31,49,18,38,54,53,22,37,24
63,45,33,42,59,57,21,37,43,19,19,43,59,42,44,49,27,61,46,36,24,30,43,18,41,65,58,15,38,15
61,47,34,43,58,57,16,33,43,17,28,44,58,31,44,40,31,55,50,52,24,26,45,18,50,55,61,16,36,19
64,45,29,49,67,56,18,39,40,17,26,37,56,32,40,40,36,57,49,49,15,31,39,25,43,61,60,22,35,15
57,53,34,40,69,58,22,35,49,14,23,45,49,36,49,44,31,57,40,41,19,30,46,15,43,54,54,22,45,18
60,48,32,41,67,59,26,35,40,22,26,38,51,36,44,41,26,55,42,47,18,33,44,13,51,58,63,25,35,16
53,49,36,44,66,61,22,37,38,17,24,37,56,38,41,46,39,54,46,44,15,30,36,19,45,60,56,22,45,16
65,47,26,46,69,57,30,39,38,17,16,37,46,35,50,47,36,52,51,45,16,31,35,13,49,55,60,20,46,18
56,46,26,43,67,56,26,37,36,23,22,39,48,34,48,49,34,59,40,48,21,32,41,20,47,62,57,18,38,19
61,39,24,45,68,46,26,35,39,19,26,36,54,35,43,44,39,57,41,47,18,33,34,22,44,59,59,24,48,27
57,49,30,41,69,63,29,26,31,17,29,43,52,35,42,44,37,60,50,45,19,30,42,13,49,54,55,18,43,20
51,54,25,43,66,45,15,37,38,17,23,40,54,41,54,48,33,53,52,52,30,29,40,13,43,58,66,15,34,23
53,44,31,47,68,66,26,39,36,22,23,40,46,36,40,47,35,61,39,41,17,28,47,25,52,55,50,11,46,21
54,51,32,45,63,55,22,38,31,15,27,41,55,33,51,55,31,53,53,41,24,27,30,20,44,60,61,21,40,19
61,42,35,43,62,57,17,46,42,14,26,36,52,35,46,42,37,55,48,58,24,27,35,14,50,55,56,19,41,17
61,42,30,42,63,46,23,34,43,19,23,34,57,38,51,49,36,54,44,49,21,30,42,18,40,62,51,17,53,20
61,48,30,48,68,54,32,31,38,12,27,39,52,42,44,50,32,55,48,47,22,40,40,12,37,57,58,17,35,16
55,51,31,48,60,57,28,36,42,18,22,39,54,35,42,43,32,55,44,49,17,35,43,18,49,55,54,23,35,22
61,47,32,36,66,59,31,33,36,16,24,40,52,36,48,45,43,61,37,47,22,29,39,21,46,50,60,12,45,18
55,45,35,38,66,55,26,33,33,17,28,40,59,37,50,47,39,54,40,51,13,28,40,24,39,61,56,22,46,15
60,52,25,47,57,50,28,38,40,18,33,45,58,41,47,39,29,56,38,48,23,30,40,20,33,55,59,18,50,15
63,51,27,45,66,55,25,42,35,19,22,37,59,32,56,46,32,55,44,47,12,35,33,15,43,60,60,23,36,17
60,53,25,44,67,57,23,33,35,15,28,40,47,35,54,35,41,51,36,49,24,32,37,14,54,54,60,17,52,20
60,42,25,38,68,55,29,35,40,13,30,39,48,40,44,46,36,59,41,49,22,36,37,18,43,60,56,19,41,23
53,44,31,45,68,53,20,38,37,20,29,36,61,40,50,47,26,58,46,41,17,32,40,22,44,55,58,19,41,21
64,50,29,47,61,61,22,34,29,19,16,37,48,38,49,45,31,59,49,45,13,27,45,22,48,63,54,19,41,27
54,50,28,46,63,52,23,30,46,20,27,29,58,34,55,48,38,53,45,42,18,29,39,22,51,55,61,13,50,13
57,46,27,39,67,53,20,35,43,19,20,44,57,30,50,54,39,57,54,47,15,26,37,22,50,62,54,15,37,16
61,51,33,48,70,54,18,34,45,18,29,39,45,32,46,46,30,58,44,48,13,41,44,14,40,52,50,22,45,22
56,41,30,39,68,61,21,35,42,17,29,41,55,33,56,48,38,59,36,43,18,23,38,19,47,61,60,21,38,19
54,48,32,33,62,61,18,38,33,21,19,48,51,43,47,47,37,59,50,53,18,27,37,14,51,53,59,15,40,24
55,49,31,47,63,57,23,33,45,17,29,42,49,38,45,46,27,58,45,57,18,26,41,12,48,58,53,18,41,21
58,44,22,43,65,55,15,41,35,20,23,41,51,41,50,43,30,54,38,54,18,43,45,18,49,53,58,21,44,20
58,47,38,45,72,59,22,37,44,13,13,36,49,38,49,43,32,51,50,45,29,31,40,18,47,52,52,19,46,17
58,44,30,46,66,52,19,36,43,19,22,47,56,42,50,38,30,57,43,48,16,32,40,20,43,61,58,16,43,17
65,45,25,48,60,55,26,43,40,21,31,40,56,33,45,44,31,57,52,47,17,30,35,20,43,56,50,14,39,24
62,46,34,40,64,58,17,36,44,15,28,43,51,36,53,47,30,47,46,47,20,31,34,27,45,61,56,15,41,18
61,47,29,34,65,51,21,40,43,18,26,39,56,32,50,49,32,60,45,53,18,35,39,17,41,61,50,18,41,21
58,44,27,43,64,63,13,40,36,15,25,45,48,34,48,44,46,59,43,46,16,26,45,19,56,53,54,19,43,20
55,43,25,48,63,49,24,46,43,23,21,43,49,42,45,45,40,52,46,45,23,30,35,19,48,52,57,22,44,15
53,51,35,44,63,61,22,46,35,14,24,40,55,40,52,44,38,56,43,44,20,29,39,11,42,62,57,16,41,15
53,46,27,39,65,53,25,41,33,21,23,40,50,31,53,58,35,56,48,41,24,31,42,11,49,61,60,22,35,19
62,47,21,49,66,56,22,34,39,17,30,42,48,29,44,44,34,51,46,48,20,31,40,19,46,65,60,20,41,21
62,40,32,49,62,46,20,36,44,13,25,40,58,36,52,48,32,52,42,54,27,24,38,19,46,61,54,21,39,20
60,51,28,48,68,55,26,31,44,12,18,35,51,36,46,54,36,62,52,50,18,26,33,17,49,53,52,15,44,22
62,58,26,46,69,46,19,37,29,23,21,33,57,36,43,48,37,59,50,45,19,28,34,22,44,61,58,21,43,18
57,50,32,50,63,62,22,36,34,16,24,30,53,30,47,43,38,59,45,47,22,29,37,21,45,52,57,22,45,24
55,48,27,45,67,57,25,34,37,17,27,41,51,35,58,50,37,59,38,50,15,26,40,15,47,60,60,19,33,19
58,50,27,45,63,58,25,37,45,16,26,43,50,33,49,40,33,61,44,47,19,25,33,21,44,51,61,23,46,19
64,41,30,44,72,54,21,32,46,16,28,39,54,33,50,45,36,56,43,52,24,22,39,15,50,59,55,19,32,21
58,51,34,51,72,54,21,40,42,19,26,38,53,33,45,46,34,59,33,45,20,30,43,15,39,59,54,18,43,17
61,45,24,47,61,49,25,39,39,16,29,47,61,39,45,43,37,52,40,52,26,26,40,22,52,53,50,12,34,26
57,50,27,47,74,57,21,33,40,17,31,33,54,42,42,47,23,60,41,46,29,35,36,14,49,61,48,18,36,24
57,49,24,46,64,56,21,40,32,20,28,42,53,39,50,44,41,56,44,38,21,30,32,17,49,63,53,23,44,16
64,42,26,46,62,56,30,33,33,17,26,44,56,40,48,45,29,53,53,49,18,31,32,17,44,63,50,20,42,23
62,52,27,39,67,48,30,32,46,16,18,36,64,40,43,51,24,54,45,48,25,27,38,21,55,56,48,20,45,15
58,43,33,50,62,52,27,34,39,23,22,34,57,35,52,45,27,54,48,43,17,38,35,18,51,56,57,20,42,20
53,49,27,44,62,59,18,39,42,13,25,41,56,40,53,44,30,58,51,59,16,32,38,18,47,61,53,17,33,14
59,45,28,46,70,55,22,28,38,24,23,44,54,42,56,45,28,47,42,43,16,28,39,23,47,53,58,22,45,22
59,52,29,50,65,59,21,33,40,17,17,42,52,37,49,45,27,56,44,50,16,27,33,21,52,61,56,17,38,27
62,46,30,46,64,60,28,37,38,23,21,35,52,41,35,46,22,60,46,46,18,32,40,18,44,60,55,19,47,21
60,44,36,49,68,61,25,35,37,17,25,42,55,36,48,43,35,55,43,45,24,34,30,14,39,58,66,10,39,19
56,39,26,42,66,59,23,45,34,18,20,45,58,38,47,50,33,55,48,49,20,26,42,15,48,58,59,14,39,20
56,43,25,41,68,62,18,31,38,16,24,35,48,40,50,43,36,63,49,53,24,28,40,19,49,55,52,15,49,22
63,42,30,39,68,50,18,34,36,23,19,45,56,35,47,52,43,54,42,44,21,26,43,18,50,57,57,16,38,26
57,51,33,42,62,52,26,33,37,15,28,37,55,31,47,42,37,58,37,48,18,34,41,24,51,63,54,13,48,18
60,48,32,40,65,57,36,39,46,19,31,41,48,39,50,41,30,54,45,51,19,23,48,9,37,57,54,16,38,19
59,50,32,41,61,62,17,37,42,19,24,42,56,26,60,40,40,60,42,44,20,29,46,18,41,53,51,18,42,20
52,42,25,46,68,52,27,26,41,17,25,39,54,41,49,48,33,55,44,54,25,30,39,14,51,58,61,16,42,18
53,46,26,48,68,52,23,29,33,23,21,43,49,39,41,46,44,53,50,50,19,33,39,16,52,56,55,18,43,24
60,49,30,42,61,59,28,44,39,16,28,40,50,36,49,47,31,58,41,51,23,33,29,15,50,57,57,27,28,14
55,43,27,46,70,54,25,31,35,19,20,41,51,40,44,47,42,51,49,40,21,28,45,15,45,58,62,16,47,25
58,47,34,37,66,55,18,34,39,20,28,41,49,34,54,43,36,61,44,46,21,32,48,17,38,60,48,14,43,27
52,46,26,44,52,56,18,36,40,16,27,46,52,39,52,45,36,63,43,45,23,43,37,20,48,53,53,20,40,21
51,50,22,52,65,54,19,31,40,19,26,37,49,41,54,42,30,57,40,48,21,38,40,19,49,58,52,24,45,19
61,47,27,41,70,57,18,37,44,20,20,40,54,30,47,42,41,52,41,48,19,38,40,18,40,60,53,23,45,19
54,53,28,50,61,57,26,21,49,6,28,28,51,42,40,46,36,60,48,46,26,30,44,16,48,61,48,19,51,19
59,43,28,49,62,56,21,32,48,21,28,36,49,37,49,51,32,53,40,49,19,30,35,19,50,50,63,20,37,26
58,46,28,40,68,53,20,38,44,16,24,43,60,35,46,43,37,61,42,58,16,35,36,15,39,56,61,19,37,18
61,48,24,46,67,52,23,33,31,17,29,40,54,39,51,51,27,61,41,46,18,25,43,19,45,66,56,23,34,22
58,45,30,49,62,57,10,44,44,12,27,38,54,31,55,50,41,59,44,42,15,27,38,20,43,58,59,24,38,18
65,43,29,34,68,54,24,36,33,19,26,40,53,34,43,42,31,62,52,48,15,34,34,21,56,58,61,19,37,21
59,48,29,41,57,61,19,42,38,18,25,45,51,44,49,39,36,64,36,45,24,33,37,20,49,61,54,17,35,16
58,52,24,48,72,58,21,28,36,17,26,36,51,41,51,47,34,63,48,43,19,27,36,17,36,52,68,20,44,19
59,42,25,48,64,55,22,38,52,14,19,37,55,36,60,50,35,54,44,39,18,33,51,18,48,54,52,21,34,15
58,50,27,40,63,54,21,36,45,19,30,32,62,38,45,40,29,66,45,47,17,33,40,16,42,57,62,20,43,15
60,53,34,40,66,61,24,32,32,21,23,39,49,35,42,48,38,53,55,52,26,28,44,23,50,48,56,16,26,18
54,45,26,46,66,55,16,38,35,15,26,38,60,37,43,44,37,57,47,52,24,25,33,19,47,62,56,24,46,19
57,47,28,44,68,50,20,40,31,17,32,38,52,31,52,42,40,52,52,47,18,30,45,20,52,51,51,24,37,24
59,50,29,43,65,60,22,37,37,14,26,34,47,32,43,49,38,51,39,47,21,35,43,15,53,59,55,19,49,21
55,53,33,40,68,50,27,44,37,16,24,33,54,28,51,57,25,54,43,47,17,31,38,15,49,57,58,18,48,22
59,51,32,33,68,53,27,34,43,25,25,40,56,33,45,39,30,63,35,47,23,31,43,13,48,67,49,17,43,20
58,44,34,41,68,55,21,39,35,24,27,44,56,35,44,36,37,58,46,44,12,37,33,19,47,63,57,16,41,21
58,43,33,49,65,47,22,42,34,18,24,39,56,35,40,43,31,61,43,53,19,35,47,18,48,55,50,17,44,23
60,45,32,44,70,54,23,43,42,16,23,32,50,34,54,34,38,58,44,55,20,31,41,22,44,55,53,17,45,13
63,43,30,46,62,62,21,44,39,20,25,33,52,36,46,49,28,64,43,47,20,33,37,18,42,58,58,20,39,14
60,41,34,45,68,54,17,38,33,20,31,34,53,37,49,50,31,50,41,50,21,31,39,18,46,59,66,19,38,19
57,50,28,49,68,47,30,37,44,19,25,40,51,45,44,56,27,59,43,43,18,30,39,20,50,60,48,16,33,16
56,55,28,49,65,47,22,35,33,23,22,39,46,45,43,42,37,67,47,48,17,33,29,15,43,62,59,23,38,24
57,44,27,46,65,56,24,33,43,15,34,40,51,36,53,52,28,56,41,44,16,30,45,22,53,60,48,16,38,19
54,47,36,40,72,49,23,35,30,16,20,38,50,36,51,45,35,52,47,59,26,34,39,18,52,57,62,18,35,16
57,47,38,48,55,58,22,29,34,14,24,38,59,38,52,48,37,53,46,52,18,33,38,9,47,56,57,17,46,22
62,49,40,52,68,49,25,44,43,13,20,47,46,37,51,43,27,58,38,52,18,26,41,21,40,61,45,13,42,21
55,42,27,41,60,58,19,25,31,15,29,47,55,39,52,44,34,64,46,43,27,37,40,21,40,58,56,17,48,22
58,39,23,42,67,56,29,33,47,19,19,44,54,36,46,52,28,62,43,44,18,29,41,20,51,57,53,19,42,21
56,50,25,40,69,56,20,38,40,17,18,38,56,35,45,50,32,63,47,52,15,30,43,17,39,59,57,19,44,22
56,47,31,37,67,60,28,40,42,16,23,35,51,44,56,43,41,55,38,47,21,25,31,20,45,58,57,14,42,22
56,53,27,55,65,60,19,39,42,16,26,37,46,29,51,50,38,60,42,51,16,27,37,22,38,57,57,18,40,18
52,40,30,40,65,54,27,30,35,19,23,43,51,35,47,48,40,55,48,48,18,37,42,18,46,65,59,18,42,17
57,50,24,44,63,55,24,35,38,24,27,40,49,43,54,38,27,53,52,58,21,28,30,18,48,53,64,16,39,20
56,47,26,40,62,55,19,42,40,15,26,34,53,36,48,48,44,52,51,46,21,25,43,15,38,56,61,21,45,27
59,51,36,48,60,56,21,37,42,19,31,35,51,32,50,52,30,51,43,47,17,26,38,14,45,58,66,17,38,22
52,48,31,41,67,61,19,37,37,16,19,41,50,36,46,48,37,60,46,51,19,34,34,15,48,58,62,20,39,20
56,47,31,34,68,51,29,31,32,17,33,39,47,44,48,47,41,49,40,47,21,26,40,24,45,59,63,19,43,21
52,54,28,48,62,57,17,34,35,20,23,35,51,32,54,50,38,51,45,51,18,28,39,22,47,58,58,21,44,20
64,57,31,38,69,48,16,31,38,15,25,33,56,40,45,43,42,55,47,45,26,29,45,23,40,63,52,17,39,20
